logged_at,loop,candidate,stage,n,edge,lo,hi,passed,note
2026-10-01T07:36:14+00:00,A1,familyA,iteration,781,-0.2520,-0.3742,-0.1300,False,
2026-10-01T07:36:52+00:00,A2,familyA,iteration,225,-0.2868,-0.4823,-0.0611,False,
2026-10-01T07:37:39+00:00,A3,familyA,iteration,411,-0.1570,-0.2940,-0.0144,False,
2026-10-01T07:38:17+00:00,A4,familyA,iteration,411,-0.1276,-0.2305,-0.0255,False,
2026-10-01T07:38:45+00:00,A5,familyA,iteration,58,+0.1233,-0.2654,+0.5184,False,
2026-10-01T07:39:16+00:00,A6,familyA,iteration,125,-0.0317,-0.3420,+0.2498,False,
2026-10-01T07:39:49+00:00,A7,familyA,iteration,81,+0.1630,-0.1619,+0.4896,False,
2026-10-01T07:40:08+00:00,A8,familyA,iteration,51,+0.4068,-0.0410,+0.8578,False,
2026-10-01T07:40:51+00:00,B-1,familyA,iteration,350,-0.1259,-0.3626,+0.1300,False,
2026-10-01T07:41:09+00:00,B-2,familyA,iteration,154,+0.0521,-0.3411,+0.5520,False,
2026-10-01T07:41:34+00:00,B-3,familyA,iteration,121,+0.0333,-0.2946,+0.3862,False,
2026-10-01T07:41:52+00:00,B-4,familyA,iteration,20,+0.3273,-0.7229,+1.3464,False,
2026-10-01T07:42:35+00:00,B-5,familyA,iteration,74,+0.3230,-0.2091,+0.9170,False,
2026-10-01T07:42:52+00:00,B-6,familyA,iteration,103,+0.1368,-0.3834,+0.7384,False,
2026-10-01T07:43:25+00:00,B-7,familyA,iteration,78,+0.1717,-0.3950,+0.7527,False,
2026-10-01T07:44:13+00:00,B-8,familyA,iteration,795,+0.0303,-0.1228,+0.1814,False,
2026-10-01T07:44:54+00:00,C-1,familyA,iteration,30,+0.3228,-0.0394,+0.7318,False,
2026-10-01T07:45:25+00:00,C-2,familyA,iteration,26,-0.2176,-0.5791,+0.2865,False,
2026-10-01T07:45:50+00:00,C-3,familyA,iteration,39,+0.2386,-0.0712,+0.6028,False,
2026-10-01T07:46:55+00:00,C-4,familyA,iteration,76,+0.3101,+0.0923,+0.5518,False,
2026-10-01T07:48:57+00:00,C-5,familyA,iteration,15,+0.2491,-0.2280,+0.7284,False,
