feature,n,ic,ic_first,ic_second,periods,ic_mean,icir,t,hit,mono,spread,spread_lo,spread_hi,reliable,buckets,family,loop,trades
btc_trend,781,0.06578,-0.05572,0.08093,5,0.167,0.7159,1.601,0.8,0.1,0.3252,0.0425,0.6123,False,-0.19(157) -0.39(158) -0.37(154) -0.44(156) +0.13(156),A,A1,781
coin_trend,781,0.02384,0.01878,0.03467,5,0.08556,0.7104,1.589,0.6,0.1,0.3124,0.05219,0.5298,False,-0.53(157) -0.04(156) -0.17(156) -0.30(156) -0.22(156),A,A1,781
ret20,781,0.0344,0.1011,0.01963,5,0.02068,0.2909,0.6506,0.6,0.2,0.2882,-0.007511,0.5778,False,-0.30(157) -0.18(156) -0.42(156) -0.36(156) -0.01(156),A,A1,781
vol_ratio,781,0.01305,-0.02915,0.02926,5,0.02614,0.3091,0.6911,0.6,0,0.2891,0.062,0.5177,False,-0.39(157) -0.03(156) -0.12(156) -0.62(156) -0.10(156),A,A1,781
volume_ratio,781,0.003243,-0.03307,0.01211,5,0.05186,0.4049,0.9055,0.4,-0.3,-0.04833,-0.2313,0.1435,False,-0.28(157) -0.20(156) -0.29(156) -0.17(156) -0.32(156),A,A1,781
stop_atr,781,0.1091,0.06006,0.1233,5,0.004053,0.01591,0.03557,0.8,0.4,0.2328,-0.05652,0.5123,False,-0.41(157) -0.15(156) -0.28(156) -0.24(156) -0.18(156),A,A1,781
target_R,781,-0.06207,-0.004141,-0.07619,5,-0.02271,-0.1888,-0.4221,0.8,0.1,0.02047,-0.25,0.3149,False,-0.20(157) -0.33(156) -0.22(156) -0.33(156) -0.18(156),A,A1,781
trend_atr,781,-0.06162,-0.1707,-0.03867,5,-0.1087,-0.757,-1.693,0.8,-0.3,-0.2898,-0.6074,0.003215,False,-0.21(157) -0.28(156) -0.26(156) +0.00(156) -0.50(156),A,A1,781
touches,781,0.004488,0.1287,-0.02297,5,0.01131,0.1158,0.2589,0.8,,-0.003696,-0.1974,0.2097,False,-0.25(671) -0.26(110),A,A1,781
age,781,-0.02142,-0.04009,-0.0166,5,-0.01442,-0.2462,-0.5505,0.8,-0.6,-0.006438,-0.2562,0.2537,False,-0.22(290) +0.00(74) -0.32(118) -0.40(154) -0.23(145),A,A1,781
depth,781,-0.008278,0.01312,-0.01419,5,-0.03106,-0.434,-0.9704,0.6,0.7,0.1882,-0.1375,0.4575,False,-0.29(157) -0.25(156) -0.42(156) -0.20(156) -0.10(156),A,A1,781
n_levels,781,-0.02623,-0.04124,-0.023,5,-0.02895,-0.2639,-0.5901,0.6,-0.3,-0.07867,-0.3254,0.1563,False,-0.20(188) -0.34(129) -0.25(171) -0.21(141) -0.28(152),A,A1,781
btc_trend,225,-0.05327,0.09416,-0.1408,4,0.03549,0.6316,1.263,0.25,0.1,0.02861,-0.4319,0.4702,False,-0.01(45) -0.50(45) -0.38(45) -0.54(46) +0.02(44),A,A2,225
coin_trend,225,-0.09573,0.1202,-0.1288,4,0.02033,0.1196,0.2392,0.5,-0.6,-0.04039,-0.619,0.4439,False,-0.22(45) +0.02(45) -0.39(45) -0.58(45) -0.26(45),A,A2,225
ret20,225,0.1188,0.2065,0.0984,4,0.08754,1.083,2.165,1,0.3,0.3461,-0.328,1.116,False,-0.23(45) -0.46(45) -0.48(45) -0.38(45) +0.12(45),A,A2,225
vol_ratio,225,-0.107,0.009109,-0.1173,4,-0.01386,-0.09192,-0.1838,0.75,-0.6,-0.08422,-0.679,0.489,False,-0.16(45) +0.06(45) -0.34(45) -0.76(45) -0.25(45),A,A2,225
volume_ratio,225,0.03967,-0.001822,0.05838,4,0.01469,0.2016,0.4031,0.25,0.6,0.02878,-0.6751,0.7081,False,-0.25(45) -0.39(45) -0.37(45) -0.20(45) -0.22(45),A,A2,225
stop_atr,225,0.05697,0.201,0.02206,4,0.04683,0.3076,0.6153,0.75,-0.2,0.09346,-0.6585,0.6708,False,-0.35(45) -0.02(45) -0.37(45) -0.45(45) -0.25(45),A,A2,225
target_R,225,-0.05341,0.04575,-0.05776,4,-0.01483,-0.2801,-0.5603,0.75,-0.1,-0.02958,-0.6522,0.7079,False,-0.42(45) -0.10(45) -0.57(45) +0.10(45) -0.45(45),A,A2,225
trend_atr,225,0.1142,-0.2387,0.1782,4,0.01388,0.07862,0.1572,0.75,0.8,0.1983,-0.2904,0.6469,False,-0.42(45) -0.44(45) -0.39(45) +0.05(45) -0.23(45),A,A2,225
touches,225,-0.1349,0.1224,-0.1704,4,-0.1079,-0.5655,-1.131,0.75,,0,0,0,False,-0.29(225),A,A2,225
age,225,0.05271,0.2996,0.001807,4,0.07214,0.4297,0.8595,0.75,0.5,0.4205,-0.2236,0.9037,False,-0.30(144) -0.60(43) +0.12(38),A,A2,225
depth,225,-0.000335,0.1536,-0.02115,4,0.0341,0.3218,0.6437,0.5,0.4,0.05155,-0.5712,0.677,False,-0.15(45) -0.54(45) -0.43(45) -0.20(45) -0.10(45),A,A2,225
n_levels,225,-0.08121,0.04437,-0.09137,4,-0.02701,-0.1801,-0.3602,0.5,-0.1,-0.2301,-0.6614,0.1543,False,-0.19(86) -0.16(32) -0.51(45) -0.08(19) -0.42(43),A,A2,225
btc_trend,411,0.1234,0.1294,0.1129,4,0.1857,2.635,5.27,1,0.3,0.4687,0.2301,0.7086,True,-0.14(84) -0.42(81) -0.18(82) -0.39(82) +0.33(82),A,A3,411
coin_trend,411,0.04599,0.1596,0.03165,4,0.1356,2.623,5.246,1,0.4,0.3819,0.1275,0.6349,True,-0.40(83) +0.17(82) -0.28(82) -0.26(82) -0.01(82),A,A3,411
ret20,411,0.03654,0.1891,0.002568,4,0.0274,0.1654,0.3309,0.5,0.7,0.1709,-0.239,0.496,False,-0.21(83) -0.14(82) -0.28(82) -0.12(82) -0.04(82),A,A3,411
vol_ratio,411,0.04243,0.08128,0.04996,4,0.1202,1.459,2.919,1,0,0.2316,-0.1035,0.5779,False,-0.24(83) +0.05(82) -0.12(82) -0.47(82) -0.01(82),A,A3,411
volume_ratio,411,0.005114,-0.09178,0.024,4,-0.006826,-0.104,-0.2081,0.25,-0.2,0.002354,-0.2778,0.2937,False,-0.22(83) -0.04(82) -0.05(82) -0.26(82) -0.22(82),A,A3,411
stop_atr,411,0.06851,0.2088,0.03541,4,0.09004,0.7202,1.44,1,0.2,-0.00288,-0.3679,0.3499,False,-0.18(83) -0.29(82) -0.15(82) +0.02(82) -0.18(82),A,A3,411
target_R,411,0.05455,0.02828,0.06076,4,0.05531,0.4802,0.9603,0.75,0.9,0.222,-0.1944,0.6209,False,-0.22(83) -0.35(82) -0.19(82) -0.02(82) -0.00(82),A,A3,411
trend_atr,411,-0.007173,-0.139,0.01609,4,-0.0497,-0.2241,-0.4481,0.75,0,-0.07334,-0.4216,0.2316,False,-0.29(83) -0.11(82) -0.07(82) +0.05(82) -0.36(82),A,A3,411
touches,411,-0.1065,-0.08161,-0.112,4,-0.1073,-2.032,-4.064,1,-1,-0.6225,-0.9487,-0.1778,True,-0.10(324) -0.18(58) -0.72(29),A,A3,411
age,411,0.1049,0.1039,0.1045,4,0.09535,0.6896,1.379,0.75,0.4,0.09616,-0.132,0.3356,False,-0.29(197) -0.10(82) +0.32(50) -0.19(82),A,A3,411
depth,411,0.1031,0.1026,0.1024,4,0.0992,0.7746,1.549,0.75,0.6,0.2593,-0.08305,0.6028,False,-0.33(83) -0.20(82) -0.34(82) +0.15(82) -0.07(82),A,A3,411
n_levels,411,-0.1077,-0.1828,-0.0975,4,-0.1115,-1.154,-2.308,1,-0.8,-0.2283,-0.5777,0.1164,False,-0.05(88) -0.08(80) -0.08(94) -0.34(70) -0.28(79),A,A3,411
btc_trend,411,0.05051,0.09479,0.03852,4,0.09244,2.48,4.961,1,0.1,0.2408,0.07592,0.4053,True,-0.10(84) -0.21(81) -0.21(82) -0.26(82) +0.14(82),A,A4,411
coin_trend,411,0.0316,0.1527,0.02351,4,0.1162,1.648,3.296,1,0.3,0.1332,-0.0534,0.2992,False,-0.24(83) -0.05(82) -0.15(82) -0.09(82) -0.11(82),A,A4,411
ret20,411,-0.0448,0.1766,-0.088,4,-0.04065,-0.1776,-0.3552,0.5,-0.6,-0.05062,-0.3286,0.2189,False,-0.09(83) -0.09(82) -0.17(82) -0.15(82) -0.14(82),A,A4,411
vol_ratio,411,0.05585,0.05738,0.07356,4,0.1204,1.377,2.754,1,0.2,0.1557,-0.06159,0.3524,False,-0.22(83) +0.01(82) -0.22(82) -0.15(82) -0.06(82),A,A4,411
volume_ratio,411,-0.03302,-0.0732,-0.03373,4,-0.03075,-1.843,-3.686,1,-0.7,-0.09906,-0.3027,0.1047,False,-0.10(83) -0.12(82) -0.04(82) -0.18(82) -0.20(82),A,A4,411
stop_atr,411,0.05498,0.123,0.0456,4,0.06301,0.718,1.436,0.75,0.4,0.04884,-0.1751,0.3005,False,-0.14(83) -0.13(82) -0.12(82) -0.16(82) -0.09(82),A,A4,411
target_R,411,0.02914,-0.1009,0.05897,4,0.03815,0.3228,0.6457,0.5,0.7,0.1678,-0.1269,0.4407,False,-0.15(83) -0.25(82) -0.17(82) -0.08(82) +0.02(82),A,A4,411
trend_atr,411,0.003035,-0.01872,-0.01422,4,-0.01929,-0.1449,-0.2899,0.25,-0.1,-0.06903,-0.3088,0.1184,False,-0.14(83) -0.09(82) -0.12(82) -0.07(82) -0.21(82),A,A4,411
touches,411,-0.05464,-0.008683,-0.06874,4,-0.05558,-0.6707,-1.341,0.75,-1,-0.3543,-0.5876,-0.08474,False,-0.09(324) -0.16(58) -0.45(29),A,A4,411
age,411,-0.001509,-0.03217,0.00608,4,0.0005581,0.006592,0.01318,0.75,-0.2,-0.1304,-0.2869,0.02755,False,-0.13(197) -0.03(82) -0.03(50) -0.26(82),A,A4,411
depth,411,0.07335,-0.01707,0.09851,4,0.07982,0.8817,1.763,1,0.9,0.18,-0.04422,0.4008,False,-0.22(83) -0.22(82) -0.20(82) +0.05(82) -0.04(82),A,A4,411
n_levels,411,-0.02066,-0.05262,-0.006688,4,-0.02195,-0.2543,-0.5087,0.5,-0.3,-0.005859,-0.1843,0.1604,False,-0.11(88) -0.15(80) -0.10(94) -0.19(70) -0.11(79),A,A4,411
btc_trend,58,0.08932,0.3411,-0.3622,3,-0.08636,-0.22,-0.3811,0.3333,0.6,0.03786,-0.8112,0.8935,False,+0.24(12) -0.65(11) +0.19(12) +0.54(11) +0.27(12),A,A5,58
coin_trend,58,-0.007475,0.3117,-0.2269,3,0.09824,0.2628,0.4552,0.3333,0.1,-0.2418,-0.8921,0.5561,False,+0.38(12) +0.09(11) -0.48(12) +0.51(11) +0.14(12),A,A5,58
ret20,58,0.1534,-0.3506,0.3677,3,0.007876,0.01828,0.03165,0.3333,0.6,0.9013,-0.06216,1.685,False,-0.29(12) +0.44(11) -0.01(12) -0.14(11) +0.62(12),A,A5,58
vol_ratio,58,-0.1417,0.1221,-0.3521,3,-0.1146,-0.8988,-1.557,1,-0.9,-0.5271,-1.211,0.3126,False,+0.34(12) +0.39(11) +0.25(12) -0.17(11) -0.19(12),A,A5,58
volume_ratio,58,0.003045,-0.3935,0.2219,3,-0.1018,-0.2741,-0.4748,0.3333,-0.4,-0.3137,-1.361,0.8165,False,+0.40(12) -0.32(11) +0.30(12) +0.11(11) +0.09(12),A,A5,58
stop_atr,58,-0.02249,-0.5857,0.3663,3,-0.1594,-0.2788,-0.4829,0.3333,0,-0.493,-1.198,0.6868,False,+0.65(12) -0.11(11) -0.06(12) -0.05(11) +0.16(12),A,A5,58
target_R,58,-0.151,0.387,-0.3727,3,0.008853,0.01655,0.02866,0.6667,-0.5,-0.3975,-1.269,0.6365,False,+0.12(12) -0.19(11) +0.87(12) +0.06(11) -0.28(12),A,A5,58
trend_atr,58,0.2053,0.1831,0.3753,3,0.2775,3.05,5.283,1,0.5,1.044,-0.04564,1.897,False,-0.47(12) +0.16(11) +0.59(12) -0.27(11) +0.57(12),A,A5,58
age,58,-0.3774,-0.3909,-0.1892,3,-0.4489,-1.751,-3.033,1,-0.9,-1.252,-2.037,0.00882,False,+0.94(12) +0.48(11) -0.25(12) -0.25(11) -0.31(12),A,A5,58
depth,58,-0.16,-0.3182,0.01185,3,-0.1261,-0.6061,-1.05,0.6667,-0.9,-0.5271,-0.9334,0.142,False,+0.30(12) +0.37(11) +0.12(12) +0.08(11) -0.23(12),A,A5,58
n_levels,58,-0.3448,-0.1643,-0.4273,3,-0.2318,-10.82,-18.74,1,-0.9,-1.357,-2.366,0.1927,False,+0.89(13) -0.22(10) +0.42(15) -0.40(14) -0.47(6),A,A5,58
btc_trend,125,0.1316,-0.3,0.1321,4,-0.01835,-0.06697,-0.1339,0.25,0.1,0.691,-0.2553,1.889,False,-0.02(25) -0.32(25) -0.15(25) -0.35(25) +0.68(25),A,A6,125
coin_trend,125,0.02186,0.35,0.03649,4,0.09951,0.3748,0.7497,0.5,0.1,0.1667,-0.7284,1.203,False,-0.00(25) -0.19(25) +0.26(25) -0.40(25) +0.16(25),A,A6,125
ret20,125,-0.01942,0.55,-0.006366,4,0.1069,0.2507,0.5014,0.5,-0.3,-0.143,-0.778,0.7102,False,-0.11(25) -0.28(25) +0.81(25) -0.32(25) -0.26(25),A,A6,125
vol_ratio,125,-0.1624,0.05,-0.1792,4,-0.1429,-1.224,-2.447,1,-0.9,-0.4866,-1.138,0.3403,False,+0.08(25) +0.58(25) -0.20(25) -0.22(25) -0.40(25),A,A6,125
volume_ratio,125,0.01792,0.1833,0.005789,4,0.06757,0.3097,0.6194,0.75,0.3,0.1612,-0.7532,1.049,False,-0.21(25) -0.04(25) +0.13(25) +0.02(25) -0.05(25),A,A6,125
stop_atr,125,0.008209,-0.1167,0.0001384,4,-0.04361,-0.2426,-0.4852,0.5,-0.3,-0.02913,-1.094,0.8313,False,+0.25(25) -0.13(25) -0.31(25) -0.18(25) +0.22(25),A,A6,125
target_R,125,-0.271,0.01667,-0.2799,4,-0.1658,-1.3,-2.6,1,-0.9,-0.7656,-1.088,-0.4243,False,+0.21(25) +0.24(25) +0.18(25) -0.22(25) -0.56(25),A,A6,125
trend_atr,125,0.113,-0.01667,0.1287,4,0.1373,0.8455,1.691,0.75,0.7,0.3593,-0.5009,1.088,False,-0.33(25) -0.23(25) +0.37(25) +0.01(25) +0.03(25),A,A6,125
age,125,-0.1346,0.01667,-0.1862,4,-0.09144,-0.514,-1.028,0.5,-0.3,-0.299,-0.7987,0.4958,False,-0.10(25) +0.23(25) -0.07(25) +0.19(25) -0.40(25),A,A6,125
depth,125,-0.2037,0.4167,-0.225,4,-0.05487,-0.1507,-0.3014,0.75,-0.6,-0.3981,-1.187,0.4619,False,+0.52(25) +0.20(25) -0.52(25) -0.48(25) +0.12(25),A,A6,125
n_levels,125,-0.1423,0,-0.1552,3,-0.1898,-1.275,-2.209,1,-0.1,-0.827,-1.957,0.4414,False,+0.49(39) -0.49(23) -0.37(19) -0.02(31) -0.33(13),A,A6,125
btc_trend,81,0.07909,0.2428,-0.203,3,0.02557,0.1038,0.1798,0.6667,0.7,0.3506,-0.349,1.152,False,+0.25(17) -0.40(16) +0.03(16) +0.32(16) +0.60(16),A,A7,81
coin_trend,81,-0.0192,0.3498,-0.1801,3,0.05609,0.1591,0.2755,0.3333,0.1,-0.1523,-0.861,0.5273,False,+0.33(17) +0.08(16) -0.29(16) +0.50(16) +0.18(16),A,A7,81
ret20,81,0.1702,-0.2546,0.3339,3,0.03822,0.09626,0.1667,0.6667,0.7,0.9539,0.3538,1.51,False,-0.38(17) +0.36(16) +0.40(16) -0.10(16) +0.58(16),A,A7,81
vol_ratio,81,-0.145,0.1209,-0.267,3,-0.0576,-0.9066,-1.57,1,-0.6,-0.3132,-0.8987,0.1905,False,+0.28(17) +0.64(16) +0.35(16) -0.44(16) -0.03(16),A,A7,81
volume_ratio,81,-0.0804,-0.4603,0.09129,3,-0.224,-0.6231,-1.079,0.6667,-0.4,-0.6142,-1.53,0.414,False,+0.59(17) -0.16(16) +0.31(16) +0.08(16) -0.03(16),A,A7,81
stop_atr,81,-0.08991,-0.6233,0.2671,3,-0.1581,-0.2661,-0.4608,0.3333,-0.8,-0.3364,-1.247,0.7595,False,+0.44(17) +0.17(16) +0.37(16) -0.29(16) +0.10(16),A,A7,81
target_R,81,-0.07979,0.37,-0.2589,3,0.07233,0.1495,0.2589,0.6667,-0.3,-0.2935,-1.141,0.655,False,+0.32(17) -0.04(16) +0.21(16) +0.29(16) +0.03(16),A,A7,81
trend_atr,81,0.1731,0.1416,0.2921,3,0.2179,1.76,3.048,1,0.5,0.907,-0.09622,1.584,False,-0.32(17) -0.09(16) +0.99(16) -0.31(16) +0.59(16),A,A7,81
age,81,-0.1963,-0.232,-0.02066,3,-0.2754,-1.149,-1.991,1,-1,-0.6365,-1.498,0.558,False,+0.59(18) +0.21(15) +0.02(16) +0.00(16) -0.05(16),A,A7,81
depth,81,-0.1909,-0.3883,-0.02733,3,-0.171,-0.8972,-1.554,0.6667,-0.8,-0.3944,-0.8053,0.1525,False,+0.36(17) +0.59(16) +0.23(16) -0.35(16) -0.04(16),A,A7,81
n_levels,81,-0.2927,-0.2142,-0.3014,3,-0.2829,-2.326,-4.029,1,-0.8,-0.9553,-2.304,0.526,False,+0.80(20) -0.15(13) +0.36(19) -0.30(21) -0.16(8),A,A7,81
btc_trend,51,0.1,0.4442,-0.1808,3,0.08495,0.3435,0.595,0.3333,0.4,0.5953,-0.771,1.759,False,+0.48(11) +0.05(10) +0.21(10) +0.21(10) +1.08(10),A,A8,51
coin_trend,51,0.1938,0.4281,0.009164,3,0.1705,0.3936,0.6817,0.6667,0.3,0.7123,-0.07503,1.743,False,+0.58(11) -0.34(10) +0.51(10) -0.03(10) +1.30(10),A,A8,51
ret20,51,-0.1376,-0.4509,0.07551,3,-0.1535,-0.3091,-0.5354,0.6667,-0.3,-0.3208,-1.408,0.7377,False,+0.91(11) +0.45(10) -0.14(10) +0.18(10) +0.59(10),A,A8,51
vol_ratio,51,0.0457,0.2877,-0.09604,3,-0.08748,-0.5019,-0.8693,0.3333,0.3,0.188,-0.7018,1.035,False,+0.10(11) +0.30(10) +0.74(10) +0.65(10) +0.28(10),A,A8,51
volume_ratio,51,-0.294,-0.4895,-0.2119,3,-0.4945,-2.601,-4.504,1,-0.7,-1.036,-2.01,0.02972,False,+1.05(11) +0.11(10) +0.50(10) +0.30(10) +0.01(10),A,A8,51
stop_atr,51,-0.2014,-0.507,0.03299,3,-0.2587,-0.4658,-0.8068,0.6667,-0.8,-0.453,-1.495,1.043,False,+0.82(11) +0.63(10) +0.65(10) -0.46(10) +0.36(10),A,A8,51
target_R,51,-0.01937,0.2649,-0.2669,3,0.001785,0.00377,0.006531,0.6667,0.6,0.1619,-1.163,1.618,False,+0.38(11) +0.35(10) +0.24(10) +0.54(10) +0.54(10),A,A8,51
trend_atr,51,0.02371,0.07193,0.06048,3,0.1304,0.8284,1.435,0.6667,0,0.17,-1.151,1.189,False,-0.05(11) +0.80(10) +0.76(10) +0.45(10) +0.12(10),A,A8,51
age,51,-0.1704,-0.1193,-0.2115,3,-0.3731,-18.22,-31.55,1,-0.7,-0.6958,-1.82,0.9681,False,+0.78(11) +0.21(10) +0.85(10) +0.09(10) +0.08(10),A,A8,51
depth,51,-0.2244,-0.3404,-0.1668,3,-0.2393,-0.6341,-1.098,0.6667,-0.9,-0.3015,-0.7045,0.4058,False,+0.77(11) +0.63(10) +0.56(10) -0.42(10) +0.46(10),A,A8,51
n_levels,51,-0.1632,-0.45,0.003367,3,-0.1303,-0.4041,-0.6999,0.6667,-0.7,-0.6138,-1.79,0.5459,False,+0.70(12) +0.34(17) +0.65(2) +0.43(10) +0.09(10),A,A8,51
btc_trend,321,0.1143,0.1511,0.09847,4,0.2138,2.872,5.744,1,0.3,0.5105,0.2618,0.7765,True,-0.11(68) -0.26(65) -0.08(61) -0.38(63) +0.41(64),A,A9,321
coin_trend,321,0.08756,0.1879,0.05767,4,0.1607,2.326,4.653,1,0.3,0.5247,0.192,0.791,True,-0.49(65) +0.23(64) -0.02(64) -0.17(64) +0.03(64),A,A9,321
ret20,321,0.06341,0.02636,0.07119,4,0.04099,0.2725,0.5449,0.75,0.1,0.1403,-0.2897,0.5437,False,-0.06(65) -0.07(64) -0.24(64) -0.13(64) +0.08(64),A,A9,321
vol_ratio,321,0.07062,0.1111,0.05726,4,0.1484,2.21,4.421,1,0.4,0.4643,0.1602,0.7337,True,-0.32(65) +0.06(64) +0.07(64) -0.37(64) +0.14(64),A,A9,321
volume_ratio,321,-0.04316,-0.1842,-0.01447,4,-0.06773,-0.6058,-1.212,0.5,-0.3,-0.01748,-0.3751,0.3131,False,-0.06(65) -0.09(64) +0.04(64) -0.24(64) -0.08(64),A,A9,321
stop_atr,321,0.0346,0.08831,0.01762,4,0.0487,0.513,1.026,0.75,0.2,-0.1573,-0.5898,0.2304,False,+0.02(65) -0.23(64) -0.18(64) +0.10(64) -0.14(64),A,A9,321
target_R,321,0.06521,-0.03356,0.08663,4,0.03345,0.2272,0.4544,0.5,0.8,0.3894,-0.09911,0.86,False,-0.16(65) -0.25(64) -0.10(64) -0.15(64) +0.23(64),A,A9,321
trend_atr,321,-0.06541,-0.1302,-0.0416,4,-0.07042,-0.3529,-0.7058,0.75,-0.5,-0.4104,-0.7586,-0.06573,False,-0.01(65) -0.15(64) +0.21(64) -0.06(64) -0.42(64),A,A9,321
touches,321,-0.1116,-0.04018,-0.1346,4,-0.1262,-1.885,-3.77,1,-1,-0.6645,-1.035,-0.1061,True,-0.02(254) -0.21(48) -0.68(19),A,A9,321
age,321,0.09187,0.001703,0.1137,4,0.08778,0.6657,1.331,0.75,0.4,0.06913,-0.1531,0.3343,False,-0.21(164) +0.01(58) +0.38(39) -0.14(60),A,A9,321
depth,321,0.09804,-0.07281,0.1358,4,0.05838,0.3093,0.6185,0.5,0.7,0.3352,-0.02305,0.7222,False,-0.17(65) -0.17(64) -0.40(64) +0.15(64) +0.16(64),A,A9,321
n_levels,321,-0.1203,-0.2279,-0.1065,4,-0.1366,-0.8873,-1.775,0.75,-0.3,-0.2817,-0.6161,0.06762,False,+0.27(74) -0.27(60) -0.14(78) -0.41(49) -0.01(60),A,A9,321
btc_trend,142,0.1665,-0.09556,0.2096,4,0.2862,0.8282,1.656,0.75,0.3,0.4806,-0.1888,1.232,False,+0.15(30) -0.38(27) +0.10(28) -0.16(28) +0.63(29),A,A10,142
coin_trend,142,0.1155,-0.01533,0.1263,4,0.1163,1.033,2.067,0.75,0.5,0.4537,-0.1763,1.088,False,-0.27(29) +0.21(28) +0.00(28) +0.24(28) +0.18(29),A,A10,142
ret20,142,-0.04558,-0.1489,-0.003941,4,-0.0283,-0.1641,-0.3283,0.75,-0.2,-0.09883,-0.6358,0.47,False,+0.14(29) +0.13(28) -0.20(28) +0.25(28) +0.05(29),A,A10,142
vol_ratio,142,0.1448,0.03448,0.1647,4,0.1531,1.005,2.009,0.75,0.1,0.7688,0.1989,1.411,True,-0.51(29) +0.46(28) +0.27(28) -0.10(28) +0.26(29),A,A10,142
volume_ratio,142,-0.02791,-0.06349,-0.006938,4,-0.05778,-0.4385,-0.877,0.75,-0.1,-0.1219,-0.488,0.3926,False,+0.15(29) +0.02(28) +0.02(28) +0.14(28) +0.03(29),A,A10,142
stop_atr,142,-0.1924,0.0728,-0.251,4,-0.1333,-0.7026,-1.405,0.75,-0.7,-0.8851,-1.406,-0.4109,False,+0.46(29) +0.12(28) +0.09(28) +0.13(28) -0.42(29),A,A10,142
target_R,142,0.2676,-0.1839,0.3932,4,0.16,0.4819,0.9639,0.75,0.9,1.053,0.4369,1.712,False,-0.30(29) -0.13(28) +0.13(28) -0.08(28) +0.75(29),A,A10,142
trend_atr,142,-0.1267,0.007663,-0.1202,4,-0.07843,-0.6425,-1.285,0.5,-0.7,-0.3045,-0.983,0.2927,False,+0.17(29) +0.12(28) +0.27(28) -0.06(28) -0.13(29),A,A10,142
age,142,-0.01832,-0.1917,0.02659,4,-0.04056,-0.2243,-0.4486,0.5,-0.4,-0.07902,-0.5522,0.469,False,+0.15(69) -0.35(16) +0.11(29) +0.08(28),A,A10,142
depth,142,0.1309,-0.2895,0.2572,4,0.05195,0.166,0.332,0.5,0.3,0.1658,-0.4031,0.834,False,+0.18(29) -0.37(28) +0.17(28) +0.03(28) +0.35(29),A,A10,142
n_levels,142,-0.006149,-0.114,0.03865,4,0.03782,0.1812,0.3624,0.5,0.1,0.1226,-0.4592,0.682,False,+0.19(32) +0.05(36) +0.12(24) -0.38(23) +0.31(27),A,A10,142
btc_trend,350,0.06798,-0.03841,0.07509,5,0.05248,0.3149,0.7042,0.6,0.5,0.8123,0.4339,1.294,False,-0.58(70) -0.20(73) +0.26(67) -0.31(70) +0.23(70),B,B-1,350
coin_trend,350,0.03725,-0.02384,0.05541,5,0.08381,0.3457,0.773,0.6,0.6,0.3634,-0.1161,1.045,False,-0.37(70) -0.49(70) +0.28(70) -0.05(70) -0.01(70),B,B-1,350
ret20,350,-0.007734,-0.1385,0.02483,5,0.06275,0.182,0.407,0.4,0.5,0.2572,-0.3263,0.9176,False,-0.40(70) -0.04(70) -0.35(70) +0.31(70) -0.14(70),B,B-1,350
vol_ratio,350,0.01411,-0.196,0.06129,5,-0.0951,-0.4431,-0.9909,0.4,0.9,0.3766,-0.1211,0.9899,False,-0.35(70) -0.11(70) -0.18(70) -0.00(70) +0.02(70),B,B-1,350
volume_ratio,350,-0.0234,0.1616,-0.06428,5,0.04087,0.318,0.7111,0.4,0.4,0.1742,-0.4858,0.8504,False,-0.27(70) +0.24(70) -0.26(70) -0.24(70) -0.10(70),B,B-1,350
stop_atr,350,0.05203,0.07177,0.04162,5,0.09233,0.7242,1.619,0.6,0,0.2072,-0.3403,0.6876,False,-0.26(70) +0.06(70) -0.10(70) -0.28(70) -0.05(70),B,B-1,350
trend_atr,350,-0.03969,-0.08134,-0.0363,5,-0.04163,-0.3436,-0.7684,0.6,-0.3,-0.1286,-0.5734,0.312,False,-0.12(70) +0.17(70) -0.36(70) -0.07(70) -0.25(70),B,B-1,350
depth,350,0.05656,0.1279,0.03257,5,0.1296,0.6313,1.412,0.6,0.3,0.3941,-0.1663,0.9785,False,-0.31(70) +0.01(70) -0.02(70) -0.38(70) +0.08(70),B,B-1,350
n_levels,350,-0.02557,0.1684,-0.04242,5,0.1308,0.5309,1.187,0.2,-0.8,-0.1913,-0.761,0.3833,False,-0.07(98) -0.03(59) -0.19(60) -0.10(63) -0.26(70),B,B-1,350
btc_trend,154,0.04478,-0.0009105,0.01399,3,-0.1327,-0.5572,-0.965,0.3333,0.6,0.1351,-0.6308,0.9924,False,+0.13(31) -0.31(32) -0.10(30) +0.29(30) +0.26(31),B,B-2,154
coin_trend,154,0.05245,0.04219,0.01758,3,-0.0401,-0.4068,-0.7047,0.6667,0.1,0.4752,-0.4174,1.443,False,-0.08(31) -0.12(31) +0.43(30) -0.35(31) +0.39(31),B,B-2,154
ret20,154,0.02763,-0.0445,0.111,3,-0.02527,-0.1156,-0.2003,0.6667,0.2,0.3258,-0.8339,1.61,False,-0.14(31) +0.00(31) +0.69(30) -0.45(31) +0.18(31),B,B-2,154
vol_ratio,154,0.006586,-0.02654,0.0638,3,-0.08556,-0.3365,-0.5829,0.6667,-0.4,-0.5188,-1.483,0.1643,False,+0.31(31) -0.37(31) +0.28(30) +0.26(31) -0.21(31),B,B-2,154
volume_ratio,154,-0.0825,-0.02222,-0.1224,3,0.01344,0.06479,0.1122,0.6667,0,0.2393,-0.7771,1.333,False,-0.06(31) +0.54(31) -0.05(30) -0.36(31) +0.18(31),B,B-2,154
stop_atr,154,-0.006777,0.02341,-0.02412,3,-0.00331,-0.04854,-0.08407,0.6667,0,0.3259,-0.2749,0.8647,False,-0.15(31) +0.54(31) +0.07(30) -0.38(31) +0.18(31),B,B-2,154
trend_atr,154,0.02941,0.09761,-0.007741,3,0.04908,0.4808,0.8328,0.3333,0.1,0.117,-0.6826,0.9823,False,+0.21(31) -0.04(31) +0.07(30) -0.31(31) +0.33(31),B,B-2,154
depth,154,-0.01071,0.006344,-0.02797,3,-0.01388,-0.3822,-0.662,0.6667,0.1,0.0489,-0.6108,0.6817,False,+0.13(31) +0.10(31) +0.19(30) -0.35(31) +0.18(31),B,B-2,154
n_levels,154,-0.0194,-0.008632,0.1234,3,0.1033,1.253,2.17,0,-0.1,0.1024,-0.9477,1.3,False,-0.08(31) +0.18(39) +0.26(28) -0.13(33) +0.02(23),B,B-2,154
btc_trend,121,0.0125,-0.2002,0.03265,3,-0.07124,-0.4939,-0.8554,0.3333,-0.1,-0.4892,-1.455,0.5154,False,+0.16(25) +0.35(24) -0.69(24) +0.68(24) -0.33(24),B,B-3,121
coin_trend,121,-0.04077,0.08271,-0.02394,3,-0.01674,-0.1838,-0.3184,0.6667,-0.6,-0.1514,-1.073,1.101,False,+0.23(25) +0.33(24) -0.13(24) -0.35(24) +0.08(24),B,B-3,121
ret20,121,0.04143,0.2165,0.03132,3,0.0854,0.658,1.14,0.6667,-0.1,0.001937,-1.033,1.089,False,-0.23(25) -0.07(24) +1.03(24) -0.32(24) -0.23(24),B,B-3,121
vol_ratio,121,-0.08579,0.197,-0.08042,3,0.008188,0.04901,0.08489,0.6667,-0.9,-0.6612,-1.581,0.2653,False,+0.37(25) -0.09(24) +0.27(24) -0.11(24) -0.29(24),B,B-3,121
volume_ratio,121,0.03564,0.08271,0.0249,3,0.05276,0.4169,0.7221,0.6667,0.1,-0.04857,-1.295,0.8513,False,+0.05(25) -0.16(24) -0.20(24) +0.47(24) +0.00(24),B,B-3,121
stop_atr,121,0.0503,0.3188,0.01363,3,0.125,0.5113,0.8857,0.6667,-0.2,0.04427,-0.9703,1.001,False,+0.05(25) +0.25(24) -0.06(24) -0.18(24) +0.10(24),B,B-3,121
trend_atr,118,0.01479,-0.07519,0.04787,3,0.01798,0.0884,0.1531,0.3333,-0.1,-0.6919,-1.409,0.2073,False,+0.77(24) -0.64(23) -0.24(24) +0.16(23) +0.08(24),B,B-3,121
depth,118,0.03851,0.4015,-0.005324,3,0.1432,0.5118,0.8864,0.6667,-0.5,-0.01937,-1.19,1.043,False,+0.22(24) +0.25(23) -0.37(24) -0.15(23) +0.20(24),B,B-3,121
n_levels,118,-0.01023,0.1385,-0.04172,3,0.06524,0.4695,0.8132,0.3333,0.2,0.1338,-0.7592,0.8226,False,+0.04(48) +0.00(35) -0.12(16) +0.18(19),B,B-3,121
btc_trend,20,-0.2279,-0.3,-0.361,1,-0.2427,,,1,-0.7,-1.771,-4.119,2.216,False,+1.78(4) +0.84(4) -1.58(4) +0.58(4) +0.01(4),B,B-4,20
coin_trend,20,-0.1759,-0.6,-0.08929,1,-0.06667,,,1,-0.2,0.03947,-2.403,2.406,False,+0.11(4) +1.65(4) +0.36(4) -0.63(4) +0.15(4),B,B-4,20
ret20,20,0.4226,0.1,0.475,1,0.5,,,1,0.9,2.821,1.236,4.413,False,-1.51(4) +0.08(4) +1.19(4) +0.57(4) +1.31(4),B,B-4,20
vol_ratio,20,-0.04662,0.5,-0.1393,1,0.01667,,,0,0.1,-0.08362,-3.027,3.976,False,+0.61(4) +0.36(4) -0.61(4) +0.75(4) +0.53(4),B,B-4,20
volume_ratio,20,-0.2511,0.2,-0.4393,1,0.08333,,,0,-0.5,-1.669,-4.604,2.45,False,+1.46(4) +0.13(4) -0.36(4) +0.61(4) -0.21(4),B,B-4,20
stop_atr,20,0.1173,-0.2,0.2071,1,0.6333,,,1,0.3,0.9243,-1.852,3.201,False,+0.50(4) -0.06(4) -0.68(4) +0.44(4) +1.43(4),B,B-4,20
trend_atr,20,-0.2346,-0.6,-0.1,1,0.5167,,,0,-0.1,0.005804,-2.193,2.05,False,+0.67(4) +1.91(4) -0.90(4) -0.72(4) +0.68(4),B,B-4,20
depth,20,0.03158,0.1,0.06429,1,0.4833,,,1,0.1,-0.5559,-3.043,1.99,False,+0.91(4) -0.47(4) -0.68(4) +1.51(4) +0.36(4),B,B-4,20
n_levels,20,-0.08261,0.7906,-0.4214,1,-0.05175,,,1,-0.4,-1.81,-4.053,0.5531,False,+0.92(4) +0.05(5) -0.33(4) +1.15(5) -0.89(2),B,B-4,20
btc_trend,74,-0.1222,-0.07164,-0.1297,3,-0.1858,-0.8348,-1.446,0.6667,-0.7,-0.416,-1.787,0.9019,False,+0.80(15) +0.54(15) -0.56(15) +0.46(14) +0.39(15),B,B-5,74
coin_trend,74,-0.03135,-0.1734,0.07777,3,-0.1315,-0.9178,-1.59,1,0,0.04422,-1.416,1.319,False,-0.04(15) +0.78(15) +0.75(14) +0.15(15) +0.00(15),B,B-5,74
ret20,74,0.05996,-0.1773,0.2425,3,0.1172,0.2789,0.4831,0.6667,0.1,0.45,-0.6991,1.588,False,+0.39(15) +0.61(15) +0.08(14) -0.31(15) +0.84(15),B,B-5,74
vol_ratio,74,-0.0615,-0.01501,-0.08113,3,-0.04602,-0.5601,-0.97,0.6667,0.3,0.2159,-0.9055,1.534,False,+0.23(15) +0.43(15) +0.30(14) +0.21(15) +0.45(15),B,B-5,74
volume_ratio,74,0.03926,0.1096,-0.05027,3,0.01687,0.06856,0.1188,0.3333,0.7,0.6933,-0.6858,2.168,False,+0.02(15) +0.36(15) +0.24(14) +0.29(15) +0.71(15),B,B-5,74
stop_atr,74,-0.05531,-0.2049,0.152,3,-0.07602,-0.4707,-0.8153,0.6667,-0.3,-0.7027,-2.064,0.7261,False,+0.84(15) -0.31(15) +0.28(14) +0.67(15) +0.13(15),B,B-5,74
trend_atr,74,0.03514,0.1088,0.02063,3,0.01683,0.1033,0.179,0.3333,0.2,0.6254,-1.282,2.314,False,-0.18(15) +0.54(15) +0.87(14) -0.03(15) +0.45(15),B,B-5,74
depth,74,-0.02359,-0.1432,0.1719,3,0.004194,0.02794,0.04839,0.3333,0.3,0.03409,-1.691,1.324,False,+0.07(15) +0.33(15) +0.79(14) +0.35(15) +0.11(15),B,B-5,74
n_levels,74,0.09403,0.2565,-0.08536,3,0.2845,0.6325,1.095,1,0.3,0.6248,-0.5819,1.543,False,+0.27(21) +0.19(9) +0.53(17) -0.29(14) +0.89(13),B,B-5,74
btc_trend,103,-0.2944,-0.2625,-0.2878,3,-0.3666,-5.962,-10.33,1,-0.6,-0.741,-1.863,0.1024,False,+0.64(22) +0.89(19) -0.28(21) -0.44(21) -0.10(20),B,B-6,103
coin_trend,103,-0.05226,-0.1169,0.08419,3,0.01015,0.05482,0.09495,0.3333,-0.6,-0.061,-1.225,1.145,False,+0.30(21) +0.37(20) -0.09(21) -0.14(20) +0.24(21),B,B-6,103
ret20,103,0.02157,-0.07636,0.1876,3,0.1187,0.3776,0.6541,0.6667,0.2,0.4822,-0.1899,1.275,False,+0.02(21) +0.62(20) -0.59(21) +0.16(20) +0.50(21),B,B-6,103
vol_ratio,103,-0.0473,-0.14,0.09343,3,0.002522,0.01328,0.023,0.3333,0.5,0.1237,-0.7189,0.8578,False,+0.12(21) +0.23(20) -0.10(21) +0.20(20) +0.24(21),B,B-6,103
volume_ratio,103,-0.1229,-0.01375,-0.2686,3,-0.1047,-1.096,-1.898,1,-0.6,-0.04791,-1.46,0.9987,False,+0.09(21) +0.62(20) +0.29(21) -0.36(20) +0.04(21),B,B-6,103
stop_atr,103,0.1161,0.05013,0.273,3,-0.008471,-0.03064,-0.05308,0.6667,0.7,0.626,-0.6242,1.724,False,-0.08(21) +0.06(20) +0.21(21) -0.06(20) +0.55(21),B,B-6,103
trend_atr,103,-0.03547,-0.03464,0.04173,3,0.01643,0.1652,0.2862,0.6667,-0.2,0.3109,-0.7752,1.368,False,+0.08(21) +0.44(20) +0.01(21) -0.24(20) +0.39(21),B,B-6,103
depth,103,0.03652,-0.003755,0.1221,3,-0.1025,-0.44,-0.7621,0.6667,0.5,0.3562,-0.8459,1.525,False,+0.19(21) -0.20(20) +0.24(21) -0.13(20) +0.55(21),B,B-6,103
n_levels,103,0.06798,0.2387,-0.2254,3,0.1307,0.276,0.4781,0.6667,0.3,0.3442,-0.6549,1.22,False,+0.35(32) -0.25(12) -0.48(20) +0.05(18) +0.69(21),B,B-6,103
btc_trend,78,-0.1996,-0.07927,-0.2954,3,-0.312,-1.066,-1.847,1,-0.7,-0.7025,-1.994,0.4622,False,+0.69(17) +0.29(15) -0.29(15) +0.12(15) -0.01(16),B,B-7,78
coin_trend,78,0.09802,-0.1734,0.3116,3,-0.0625,-0.2949,-0.5108,0.3333,0.7,0.3161,-1.237,1.63,False,-0.05(16) -0.01(15) +0.58(16) +0.05(15) +0.27(16),B,B-7,78
ret20,78,0.1997,0.06883,0.3103,3,0.1529,0.8929,1.547,0.6667,0.4,0.6625,-0.3795,1.597,False,-0.15(16) +0.22(15) +0.43(16) -0.17(15) +0.51(16),B,B-7,78
vol_ratio,78,-0.03352,-0.04213,-0.03659,3,-0.01729,-0.05644,-0.09776,0.6667,-0.3,-0.4931,-1.577,0.6347,False,+0.54(16) -0.09(15) +0.07(16) +0.28(15) +0.05(16),B,B-7,78
volume_ratio,78,-0.07212,-0.1008,-0.07523,3,-0.2056,-1.386,-2.4,1,-0.6,-0.2405,-1.322,0.6988,False,+0.45(16) +0.46(15) +0.04(16) -0.31(15) +0.21(16),B,B-7,78
stop_atr,78,0.2127,0.2008,0.252,3,0.1436,6.824,11.82,1,0.5,0.314,-0.7365,1.694,False,+0.02(16) -0.38(15) +0.49(16) +0.37(15) +0.33(16),B,B-7,78
trend_atr,78,0.1774,0.1995,0.2158,3,0.07796,0.4611,0.7986,0.6667,0.7,0.3414,-0.7785,1.528,False,-0.13(16) -0.08(15) +0.79(16) +0.04(15) +0.21(16),B,B-7,78
depth,78,0.2211,0.1955,0.2548,3,0.1435,6.275,10.87,1,0.5,0.05656,-1.021,1.376,False,+0.02(16) -0.32(15) +0.64(16) +0.43(15) +0.08(16),B,B-7,78
btc_trend,795,0.03413,0.08707,0.01762,5,0.06932,0.5478,1.225,0.4,0.5,0.03942,-0.1746,0.2387,False,-0.03(159) -0.09(162) -0.11(164) +0.39(151) +0.01(159),B,B-8,795
coin_trend,795,0.001218,0.01427,-0.005931,5,-0.1578,-0.6364,-1.423,0.6,0.3,0.1918,-0.1987,0.5458,False,-0.07(159) -0.08(159) +0.27(159) -0.08(159) +0.12(159),B,B-8,795
ret20,795,-0.02263,0.1236,-0.04217,5,-0.02381,-0.1995,-0.4461,0.6,-0.9,-0.1323,-0.4586,0.2475,False,+0.06(159) +0.12(159) +0.03(159) +0.01(159) -0.07(159),B,B-8,795
vol_ratio,795,0.05385,0.007081,0.05902,5,0.1475,0.8191,1.831,1,0.6,0.3543,-0.009636,0.7051,False,-0.16(159) +0.14(159) +0.06(159) -0.07(159) +0.19(159),B,B-8,795
volume_ratio,795,0.06279,0.0726,0.05501,5,0.09275,0.663,1.482,0.6,0.7,0.2304,-0.1548,0.6267,False,-0.01(159) -0.10(159) -0.10(159) +0.13(159) +0.22(159),B,B-8,795
stop_atr,795,0.06409,0.04345,0.06652,5,0.08647,0.9544,2.134,1,0.4,0.1415,-0.007579,0.2803,False,-0.02(159) -0.02(159) +0.11(159) -0.03(159) +0.12(159),B,B-8,795
trend_atr,795,0.02701,0.2005,-0.01732,5,-0.1154,-0.4164,-0.9312,0.4,0.5,0.3126,-0.1079,0.6544,False,-0.01(159) -0.16(159) +0.04(159) -0.02(159) +0.30(159),B,B-8,795
depth,795,0.06548,0.03105,0.06813,5,0.09164,0.7918,1.77,1,0.5,0.1138,-0.09562,0.3075,False,+0.01(159) -0.01(159) +0.04(159) -0.00(159) +0.12(159),B,B-8,795
n_levels,795,0.02171,0.1655,-0.02503,5,0.1187,0.9045,2.022,0.8,0.7,0.04733,-0.2313,0.3477,False,+0.13(163) -0.14(172) -0.13(154) +0.14(150) +0.17(156),B,B-8,795
btc_trend,30,-0.289,,-0.2563,1,-0.5692,,,1,-0.1,-0.55,-1.224,0.935,False,+0.76(11) -0.72(2) -0.13(5) +0.36(6) +0.21(6),C,C-1,30
coin_trend,30,-0.1818,,-0.2116,1,-0.5193,,,1,-0.1,-0.8067,-1.359,0.3724,False,+1.10(6) -0.21(6) -0.14(6) +0.57(6) +0.29(6),C,C-1,30
ret20,30,-0.4919,,-0.4229,1,-0.3263,,,1,-0.8,-1.023,-1.806,0.04095,False,+0.88(6) +0.92(6) -0.11(6) +0.06(6) -0.14(6),C,C-1,30
vol_ratio,30,0.008231,,-0.1432,1,-0.1667,,,0,0.4,0.4883,-0.07411,1.71,False,-0.16(6) +1.18(6) -0.04(6) +0.29(6) +0.33(6),C,C-1,30
volume_ratio,30,0.01491,,-0.1234,1,-0.1228,,,0,0,-0.4336,-1.776,0.5192,False,+0.16(6) +0.26(6) +0.59(6) +0.88(6) -0.27(6),C,C-1,30
stop_atr,30,-0.6721,,-0.7402,1,-0.6544,,,1,-0.9,-1.777,-2.271,-1.361,False,+1.54(6) +0.54(6) +0.26(6) -0.48(6) -0.24(6),C,C-1,30
target_R,30,0.1008,,0.2793,1,0.1474,,,1,0.3,0.2776,-0.8427,1.534,False,-0.04(6) +0.30(6) +0.65(6) +0.46(6) +0.24(6),C,C-1,30
trend_atr,30,-0.02825,,-0.1713,1,-0.514,,,1,-0.1,-0.1188,-1.289,1.068,False,+0.59(6) +0.29(6) -0.12(6) +0.39(6) +0.47(6),C,C-1,30
depth,30,-0.1386,,-0.09744,1,-0.03684,,,1,-0.2,0.00887,-1.493,1.503,False,+0.36(6) +0.72(6) +0.20(6) -0.03(6) +0.37(6),C,C-1,30
n_levels,30,-0.07319,,-0.2226,1,-0.1649,,,1,-0.3,-0.7625,-2.257,0.5553,False,+0.49(6) -0.07(6) +0.39(6) +1.08(6) -0.27(6),C,C-1,30
btc_trend,26,0.07791,0.7526,0.0885,1,-0.05819,,,0,0.2,0.5059,-0.8872,1.893,False,-0.37(7) -0.16(7) +0.49(2) -0.72(5) +0.13(5),C,C-2,26
coin_trend,26,0.1029,0.5714,-0.05439,1,-0.2714,,,0,0.4,0.6717,-0.7264,2.124,False,-0.44(6) -0.20(5) -0.04(5) -0.60(5) +0.23(5),C,C-2,26
ret20,26,-0.2075,0.1786,-0.2,1,0,,,0,-0.7,-0.9334,-2.396,-0.004437,False,+0.29(6) -0.34(5) -0.48(5) -0.02(5) -0.64(5),C,C-2,26
vol_ratio,26,0.2232,0.6429,-0.0386,1,0.007143,,,1,0.3,0.6952,-0.3884,2.058,False,-0.42(6) -0.05(5) -0.33(5) -0.53(5) +0.28(5),C,C-2,26
volume_ratio,26,0.05778,0.3214,-0.03158,1,0.07143,,,1,0.5,0.3947,-0.5787,1.478,False,-0.39(6) -0.08(5) -0.49(5) -0.10(5) +0.00(5),C,C-2,26
stop_atr,26,-0.375,-0.6071,-0.4035,1,-0.05,,,1,-0.1,-1.258,-2.12,-0.441,False,+0.78(6) -0.60(5) -0.59(5) -0.39(5) -0.48(5),C,C-2,26
target_R,26,0.228,0.07143,0.3754,1,0.2964,,,1,0.9,0.6697,-0.332,2.056,False,-0.71(6) -0.19(5) -0.12(5) +0.07(5) -0.04(5),C,C-2,26
trend_atr,26,0.3538,0.3929,0.1702,1,-0.04643,,,0,0.7,0.935,-1.271,2.566,False,-0.42(6) -0.32(5) -0.87(5) +0.06(5) +0.51(5),C,C-2,26
depth,26,-0.4065,-0.5,-0.3579,1,-0.4286,,,1,-0.8,-1.171,-2.343,0.1461,False,+0.47(6) -0.09(5) +0.07(5) -0.96(5) -0.70(5),C,C-2,26
n_levels,26,-0.01607,-0.03571,-0.1632,1,0.07857,,,0,-0.3,-0.1921,-1.962,0.7723,False,-0.08(6) -0.45(5) -0.21(5) -0.11(5) -0.27(5),C,C-2,26
btc_trend,39,-0.1948,0.7906,-0.1338,1,-0.3362,,,1,-0.1,-0.7583,-1.167,-0.2578,False,+0.67(14) -0.96(3) -0.15(6) +0.55(8) -0.09(8),C,C-3,39
coin_trend,39,-0.1668,0.7,-0.1862,1,-0.4011,,,1,-0.2,-0.5301,-1.405,0.5706,False,+0.79(8) -0.08(8) -0.16(7) +0.33(8) +0.26(8),C,C-3,39
ret20,39,-0.5043,-0.3,-0.449,1,-0.4035,,,1,-0.9,-1.259,-2.028,-0.1443,False,+0.96(8) +0.24(8) +0.51(7) -0.18(8) -0.30(8),C,C-3,39
vol_ratio,39,0.02874,0.9,-0.09213,1,-0.09829,,,0,-0.1,0.2302,-1.04,1.248,False,+0.23(8) +0.61(8) -0.33(7) +0.15(8) +0.46(8),C,C-3,39
volume_ratio,39,-0.04838,0.7,-0.1869,1,-0.1697,,,1,-0.2,-0.1529,-1.429,0.7219,False,+0.24(8) +0.24(8) +0.35(7) +0.29(8) +0.09(8),C,C-3,39
stop_atr,39,-0.4883,-0.9,-0.5273,1,-0.3816,,,1,-0.7,-0.9644,-1.865,-0.09095,False,+1.03(8) +0.67(8) -0.26(7) -0.38(8) +0.07(8),C,C-3,39
target_R,39,0.1753,-0.2,0.2819,1,0.1935,,,1,0.7,0.7279,-0.3058,1.681,False,-0.25(8) +0.33(8) +0.34(7) +0.31(8) +0.47(8),C,C-3,39
trend_atr,39,-0.0251,0.7,-0.119,1,-0.3657,,,1,0.2,0.03911,-1.141,0.9502,False,+0.46(8) +0.47(8) -0.40(7) +0.09(8) +0.50(8),C,C-3,39
depth,39,-0.1785,-0.5,-0.178,1,-0.1166,,,1,-0.7,-0.6718,-1.638,0.5748,False,+0.70(8) +0.30(8) -0.13(7) +0.26(8) +0.02(8),C,C-3,39
n_levels,39,-0.1213,0.4,-0.2626,1,-0.1825,,,1,-0.6,-0.5231,-1.754,0.4658,False,+0.46(8) +0.02(8) +0.35(7) +0.45(8) -0.07(8),C,C-3,39
btc_trend,76,-0.2233,0.7243,-0.1954,1,-0.2938,,,1,-0.6,-0.6839,-1.082,-0.2343,False,+0.64(26) +0.93(5) -0.40(17) +0.59(16) -0.04(12),C,C-4,76
coin_trend,76,-0.1372,0.4286,-0.1685,1,-0.3179,,,1,-0.1,-0.3049,-0.8238,0.3183,False,+0.70(16) +0.21(15) +0.01(15) +0.21(15) +0.39(15),C,C-4,76
ret20,76,-0.418,0.07143,-0.3839,1,-0.365,,,1,-0.6,-0.7518,-1.282,-0.1686,False,+0.78(16) +0.87(15) +0.02(15) -0.18(15) +0.03(15),C,C-4,76
vol_ratio,76,0.09444,0.4286,-0.002901,1,0.02024,,,1,0.3,0.2335,-0.5688,0.9299,False,+0.39(16) +0.23(15) +0.01(15) +0.31(15) +0.62(15),C,C-4,76
volume_ratio,76,-0.01061,0.6667,-0.1131,1,-0.02504,,,1,0.1,0.0005347,-0.6164,0.5186,False,+0.25(16) +0.25(15) +0.70(15) +0.09(15) +0.25(15),C,C-4,76
stop_atr,76,-0.3156,-0.4762,-0.337,1,-0.3071,,,1,-0.9,-0.6798,-1.388,0.0126,False,+0.68(16) +0.60(15) +0.05(15) +0.19(15) +0.00(15),C,C-4,76
target_R,76,0.2145,-0.1667,0.3176,1,0.3248,,,1,1,0.5749,0.02628,1.137,False,+0.05(16) +0.14(15) +0.22(15) +0.53(15) +0.62(15),C,C-4,76
trend_atr,76,0.02824,0.3333,-0.06596,1,-0.1942,,,0,0.1,0.01551,-0.7053,0.6731,False,+0.54(16) +0.28(15) -0.04(15) +0.19(15) +0.56(15),C,C-4,76
depth,76,-0.01293,0.04762,-0.01863,1,-0.00789,,,1,0,0.2104,-0.386,0.7933,False,+0.44(16) +0.35(15) +0.27(15) -0.18(15) +0.65(15),C,C-4,76
n_levels,76,-0.0336,0.4762,-0.1355,1,-0.02291,,,1,-0.2,-0.2202,-0.9117,0.3943,False,+0.33(16) +0.20(15) +0.50(15) +0.40(15) +0.11(15),C,C-4,76
btc_trend,15,0.09545,,0.2208,1,0.2107,,,1,0,-0.1239,-1.569,1.359,False,+0.24(6) +0.03(5) +1.76(1) +0.12(3),C,C-5,15
coin_trend,15,-0.1929,,-0.2198,1,-0.3706,,,1,-0.2,-1.04,-2.726,0.01329,False,+1.16(3) -0.07(3) -0.65(3) +0.69(3) +0.12(3),C,C-5,15
ret20,15,0.075,,0.08791,1,0.03497,,,1,0.2,0.1981,-1.226,1.807,False,+0.14(3) +0.18(3) +0.75(3) -0.16(3) +0.34(3),C,C-5,15
vol_ratio,15,-0.2071,,-0.3901,1,-0.4895,,,1,-0.5,-0.6449,-1.845,1.257,False,+0.89(3) +0.15(3) +0.30(3) -0.34(3) +0.25(3),C,C-5,15
volume_ratio,15,0.1,,-0.1429,1,-0.08392,,,0,-0.1,-0.07994,-1.049,0.9286,False,+0.12(3) +0.17(3) +0.69(3) +0.24(3) +0.04(3),C,C-5,15
stop_atr,15,-0.3821,,-0.533,1,-0.5175,,,1,-0.7,-1.434,-2.53,-0.2182,False,+0.82(3) +0.10(3) +0.91(3) +0.03(3) -0.61(3),C,C-5,15
target_R,15,0.08571,,0.2747,1,0.2378,,,1,0.4,0.4191,-0.8095,2.262,False,-0.34(3) +0.14(3) +0.63(3) +0.74(3) +0.08(3),C,C-5,15
trend_atr,15,-0.3214,,-0.5385,1,-0.6643,,,1,-0.5,-0.6449,-1.858,1.257,False,+0.89(3) +0.91(3) -0.87(3) +0.07(3) +0.25(3),C,C-5,15
depth,15,0.3964,,0.3407,1,0.3007,,,1,0.6,0.796,-0.5265,1.958,False,-0.15(3) -0.10(3) -0.51(3) +1.36(3) +0.64(3),C,C-5,15
n_levels,15,0.1071,,-0.1319,1,-0.06993,,,0,0.1,0.1047,-0.9279,1.093,False,-0.07(3) +0.35(3) +0.73(3) +0.20(3) +0.04(3),C,C-5,15
