kind,set,combo,seg,n,avgR
real,0,base,train,1120,-0.1690622236657414
real,0,base,validation,603,-0.12045317205249687
real,0,weekly_trend,train,496,-0.24979297186026136
real,0,weekly_trend,validation,298,-0.11764592831779633
real,0,daily_trend,train,653,-0.14690358386761068
real,0,daily_trend,validation,384,-0.1416581110151282
real,0,calm,train,581,-0.11893275874893458
real,0,calm,validation,278,-0.29684171129882453
real,0,squeeze,train,620,-0.12267578576560217
real,0,squeeze,validation,348,-0.11360762214987657
real,0,resonance,train,353,0.018549567575967454
real,0,resonance,validation,134,-0.002097907767774789
real,0,trend_line,train,268,-0.25450013993604337
real,0,trend_line,validation,142,-0.056490847000679335
real,0,rr3,train,42,-1.06080979213009
real,0,rr3,validation,26,-0.14586876822629735
real,0,tested,train,576,-0.061874252943403714
real,0,tested,validation,311,-0.14497921249007892
real,0,strong_candle,train,242,-0.05510724181293647
real,0,strong_candle,validation,159,-0.002863351991564132
real,0,tight_stop,train,562,-0.3415428907213262
real,0,tight_stop,validation,305,-0.2470924600256331
real,0,weekly_trend+daily_trend,train,430,-0.22445499865025456
real,0,weekly_trend+daily_trend,validation,269,-0.1416218621719759
real,0,weekly_trend+calm,train,251,-0.11461157802735437
real,0,weekly_trend+calm,validation,142,-0.29944580956766986
real,0,weekly_trend+squeeze,train,270,-0.18806575334502396
real,0,weekly_trend+squeeze,validation,184,-0.14070476461117426
real,0,weekly_trend+resonance,train,134,-0.15923730059292487
real,0,weekly_trend+resonance,validation,54,-0.26250187588355056
real,0,weekly_trend+trend_line,train,118,-0.2944160186268896
real,0,weekly_trend+trend_line,validation,69,-0.12026587953689552
real,0,weekly_trend+rr3,train,6,-0.3864614079918048
real,0,weekly_trend+rr3,validation,8,-1.1111870755855178
real,0,weekly_trend+tested,train,258,-0.16787835265183415
real,0,weekly_trend+tested,validation,160,-0.14380956515515525
real,0,weekly_trend+strong_candle,train,112,-0.13743561057513057
real,0,weekly_trend+strong_candle,validation,80,-0.10251806683576839
real,0,weekly_trend+tight_stop,train,233,-0.5001380554211028
real,0,weekly_trend+tight_stop,validation,151,-0.2224621065329639
real,0,daily_trend+calm,train,332,-0.11862306472723401
real,0,daily_trend+calm,validation,177,-0.34092192150968215
real,0,daily_trend+squeeze,train,361,-0.14798643017716748
real,0,daily_trend+squeeze,validation,221,-0.09933024103852302
real,0,daily_trend+resonance,train,200,0.012603796037007155
real,0,daily_trend+resonance,validation,90,-0.18200810043977536
real,0,daily_trend+trend_line,train,157,-0.30065086231301863
real,0,daily_trend+trend_line,validation,91,-0.16713319624386905
real,0,daily_trend+rr3,train,6,-0.3695499251160017
real,0,daily_trend+rr3,validation,5,-0.2295836293792335
real,0,daily_trend+tested,train,342,-0.05720667426770788
real,0,daily_trend+tested,validation,200,-0.21113948193183002
real,0,daily_trend+strong_candle,train,151,-0.05395756415591829
real,0,daily_trend+strong_candle,validation,96,-0.057592329075759376
real,0,daily_trend+tight_stop,train,319,-0.3610987393449302
real,0,daily_trend+tight_stop,validation,205,-0.22881340360295208
real,0,calm+squeeze,train,407,-0.06137231289293824
real,0,calm+squeeze,validation,202,-0.24168635672961034
real,0,calm+resonance,train,208,0.049286973524830295
real,0,calm+resonance,validation,61,-0.09142514933249574
real,0,calm+trend_line,train,148,-0.29680169733077477
real,0,calm+trend_line,validation,77,-0.27517520722985217
real,0,calm+rr3,train,18,-0.9396629265272325
real,0,calm+rr3,validation,10,-0.08165501415928296
real,0,calm+tested,train,306,0.04251478237270334
real,0,calm+tested,validation,153,-0.3167994990604672
real,0,calm+strong_candle,train,106,0.17404941243353392
real,0,calm+strong_candle,validation,75,-0.0914330998176576
real,0,calm+tight_stop,train,306,-0.3522726823920276
real,0,calm+tight_stop,validation,139,-0.38091345467672966
real,0,squeeze+resonance,train,200,0.03233077054318406
real,0,squeeze+resonance,validation,79,0.12100273812062182
real,0,squeeze+trend_line,train,154,-0.2322145794985945
real,0,squeeze+trend_line,validation,79,-0.11126087399747639
real,0,squeeze+rr3,train,15,-0.8315568230322798
real,0,squeeze+rr3,validation,14,-0.2070428926911315
real,0,squeeze+tested,train,351,-0.016153155330177953
real,0,squeeze+tested,validation,187,-0.13359266736992395
real,0,squeeze+strong_candle,train,134,3.993959643336417e-05
real,0,squeeze+strong_candle,validation,84,-0.07589553415440443
real,0,squeeze+tight_stop,train,280,-0.3120569516450731
real,0,squeeze+tight_stop,validation,178,-0.16427701475868797
real,0,resonance+trend_line,train,80,-0.1994391497052704
real,0,resonance+trend_line,validation,28,-0.01612535540193075
real,0,resonance+rr3,train,4,-1.09399630681159
real,0,resonance+rr3,validation,5,0.42763935596551655
real,0,resonance+tested,train,189,0.15667240832021512
real,0,resonance+tested,validation,81,0.08703868842487503
real,0,resonance+strong_candle,train,90,0.10578499541807057
real,0,resonance+strong_candle,validation,37,0.20612372497534334
real,0,resonance+tight_stop,train,166,-0.07895792254832036
real,0,resonance+tight_stop,validation,74,-0.06563945509797252
real,0,trend_line+rr3,train,12,-0.6401411146371463
real,0,trend_line+rr3,validation,5,1.8576009996073917
real,0,trend_line+tested,train,138,-0.11849764977369957
real,0,trend_line+tested,validation,84,-0.14672517102612015
real,0,trend_line+strong_candle,train,57,-0.3074205360398856
real,0,trend_line+strong_candle,validation,41,0.13235760120132886
real,0,trend_line+tight_stop,train,108,-0.48404867045636346
real,0,trend_line+tight_stop,validation,64,-0.2597869822858568
real,0,rr3+tested,train,8,-0.5085730092955866
real,0,rr3+tested,validation,6,-0.3484003033590439
real,0,rr3+strong_candle,train,7,-0.8126621604831888
real,0,rr3+strong_candle,validation,3,0.829868931194544
real,0,rr3+tight_stop,train,36,-1.2754331440489841
real,0,rr3+tight_stop,validation,22,-0.19873654663830384
real,0,tested+strong_candle,train,128,0.13925826576030761
real,0,tested+strong_candle,validation,84,0.04014624064558307
real,0,tested+tight_stop,train,196,-0.33297561593455316
real,0,tested+tight_stop,validation,111,-0.36109236550505197
real,0,strong_candle+tight_stop,train,58,-0.4267751944587821
real,0,strong_candle+tight_stop,validation,42,-0.10554665674741072
real,0,weekly_trend+daily_trend+calm,train,207,-0.06347863627632583
real,0,weekly_trend+daily_trend+calm,validation,124,-0.3822381948691647
real,0,weekly_trend+daily_trend+squeeze,train,229,-0.14088630119046044
real,0,weekly_trend+daily_trend+squeeze,validation,161,-0.18664042881659001
real,0,weekly_trend+daily_trend+resonance,train,105,-0.10211940829486012
real,0,weekly_trend+daily_trend+resonance,validation,50,-0.36938985821845977
real,0,weekly_trend+daily_trend+trend_line,train,106,-0.2691609706059352
real,0,weekly_trend+daily_trend+trend_line,validation,65,-0.148881230934635
real,0,weekly_trend+daily_trend+rr3,train,5,-0.19926324733020956
real,0,weekly_trend+daily_trend+rr3,validation,3,-1.0725269996445197
real,0,weekly_trend+daily_trend+tested,train,223,-0.156704596113627
real,0,weekly_trend+daily_trend+tested,validation,143,-0.2158183431678562
real,0,weekly_trend+daily_trend+strong_candle,train,99,-0.19580753902145137
real,0,weekly_trend+daily_trend+strong_candle,validation,71,-0.18285518936297177
real,0,weekly_trend+daily_trend+tight_stop,train,207,-0.4562035421006223
real,0,weekly_trend+daily_trend+tight_stop,validation,137,-0.22342910453759882
real,0,weekly_trend+calm+squeeze,train,175,-0.020956506176885874
real,0,weekly_trend+calm+squeeze,validation,111,-0.30307712322834274
real,0,weekly_trend+calm+resonance,train,83,-0.10139057032682919
real,0,weekly_trend+calm+resonance,validation,32,-0.21075994580947355
real,0,weekly_trend+calm+trend_line,train,56,-0.2786097533577185
real,0,weekly_trend+calm+trend_line,validation,39,-0.3140391351363232
real,0,weekly_trend+calm+rr3,train,5,-0.19926324733020956
real,0,weekly_trend+calm+rr3,validation,2,-1.2293929941133204
real,0,weekly_trend+calm+tested,train,136,0.05138816223119325
real,0,weekly_trend+calm+tested,validation,74,-0.3381403459970241
real,0,weekly_trend+calm+strong_candle,train,47,0.22073155793036453
real,0,weekly_trend+calm+strong_candle,validation,43,-0.18778188909071072
real,0,weekly_trend+calm+tight_stop,train,128,-0.44613093636157697
real,0,weekly_trend+calm+tight_stop,validation,72,-0.40013394115793904
real,0,weekly_trend+squeeze+resonance,train,72,-0.11643930099100748
real,0,weekly_trend+squeeze+resonance,validation,37,-0.076282311120799
real,0,weekly_trend+squeeze+trend_line,train,61,-0.25007956154225236
real,0,weekly_trend+squeeze+trend_line,validation,43,-0.23887498299865587
real,0,weekly_trend+squeeze+rr3,train,5,-0.19926324733020956
real,0,weekly_trend+squeeze+rr3,validation,5,-1.1411273443334462
real,0,weekly_trend+squeeze+tested,train,157,-0.12922924682530032
real,0,weekly_trend+squeeze+tested,validation,100,-0.1663048438769839
real,0,weekly_trend+squeeze+strong_candle,train,62,-0.10337715599953101
real,0,weekly_trend+squeeze+strong_candle,validation,51,-0.10727968612664
real,0,weekly_trend+squeeze+tight_stop,train,115,-0.43680673227817507
real,0,weekly_trend+squeeze+tight_stop,validation,93,-0.19178954448714383
real,0,weekly_trend+resonance+trend_line,train,34,-0.28778268484701
real,0,weekly_trend+resonance+trend_line,validation,16,-0.652787420656516
real,0,weekly_trend+resonance+rr3,train,1,-1.0778606920509368
real,0,weekly_trend+resonance+rr3,validation,2,-0.9005595073526194
real,0,weekly_trend+resonance+tested,train,67,0.005754959829715384
real,0,weekly_trend+resonance+tested,validation,37,-0.10064677059138723
real,0,weekly_trend+resonance+strong_candle,train,35,-0.03775460128218642
real,0,weekly_trend+resonance+strong_candle,validation,15,0.1139483974108169
real,0,weekly_trend+resonance+tight_stop,train,61,-0.30639710842655876
real,0,weekly_trend+resonance+tight_stop,validation,28,-0.36643239213257495
real,0,weekly_trend+trend_line+rr3,train,2,1.1185439328700522
real,0,weekly_trend+trend_line+rr3,validation,1,-1.216553583496662
real,0,weekly_trend+trend_line+tested,train,53,-0.12246081396490219
real,0,weekly_trend+trend_line+tested,validation,44,-0.21450515414741114
real,0,weekly_trend+trend_line+strong_candle,train,26,-0.17535285363288353
real,0,weekly_trend+trend_line+strong_candle,validation,22,-0.49820012638945904
real,0,weekly_trend+trend_line+tight_stop,train,47,-0.6567710355633425
real,0,weekly_trend+trend_line+tight_stop,validation,30,-0.22157822999979224
real,0,weekly_trend+rr3+tested,train,3,0.6106910357100043
real,0,weekly_trend+rr3+tested,validation,3,-1.1390491852808082
real,0,weekly_trend+rr3+strong_candle,train,1,-1.0275033127502717
real,0,weekly_trend+rr3+strong_candle,validation,2,-1.225124212473081
real,0,weekly_trend+rr3+tight_stop,train,4,-1.2945862169577782
real,0,weekly_trend+rr3+tight_stop,validation,7,-1.1258638773395464
real,0,weekly_trend+tested+strong_candle,train,59,0.10270005911430512
real,0,weekly_trend+tested+strong_candle,validation,43,-0.050143107641555495
real,0,weekly_trend+tested+tight_stop,train,88,-0.5386744753468682
real,0,weekly_trend+tested+tight_stop,validation,63,-0.2932797336238958
real,0,weekly_trend+strong_candle+tight_stop,train,25,-0.575858213548574
real,0,weekly_trend+strong_candle+tight_stop,validation,23,-0.17766190169907595
real,0,daily_trend+calm+squeeze,train,235,-0.09366834829971472
real,0,daily_trend+calm+squeeze,validation,127,-0.24958975416137252
real,0,daily_trend+calm+resonance,train,116,-0.0107273917728205
real,0,daily_trend+calm+resonance,validation,42,-0.18342508431632212
real,0,daily_trend+calm+trend_line,train,76,-0.42265078892851393
real,0,daily_trend+calm+trend_line,validation,53,-0.3327180025236795
real,0,daily_trend+calm+rr3,train,5,-0.19926324733020956
real,0,daily_trend+calm+rr3,validation,2,1.22652041556662
real,0,daily_trend+calm+tested,train,182,0.015506182558595235
real,0,daily_trend+calm+tested,validation,95,-0.38415019458051564
real,0,daily_trend+calm+strong_candle,train,70,0.11761497070373618
real,0,daily_trend+calm+strong_candle,validation,48,-0.11107449018185776
real,0,daily_trend+calm+tight_stop,train,174,-0.39448868517261
real,0,daily_trend+calm+tight_stop,validation,91,-0.47765476876216095
real,0,daily_trend+squeeze+resonance,train,106,0.006283471407913755
real,0,daily_trend+squeeze+resonance,validation,53,-0.06286911834421506
real,0,daily_trend+squeeze+trend_line,train,87,-0.30177384927642886
real,0,daily_trend+squeeze+trend_line,validation,54,-0.1506910300018106
real,0,daily_trend+squeeze+rr3,train,5,-0.19926324733020956
real,0,daily_trend+squeeze+rr3,validation,2,1.22652041556662
real,0,daily_trend+squeeze+tested,train,212,-0.06665684598131587
real,0,daily_trend+squeeze+tested,validation,116,-0.19435047318190118
real,0,daily_trend+squeeze+strong_candle,train,82,-0.01994621446795417
real,0,daily_trend+squeeze+strong_candle,validation,56,-0.0014017173810842362
real,0,daily_trend+squeeze+tight_stop,train,159,-0.3957089740722532
real,0,daily_trend+squeeze+tight_stop,validation,119,-0.13149068362231853
real,0,daily_trend+resonance+trend_line,train,46,-0.2358004422710306
real,0,daily_trend+resonance+trend_line,validation,23,-0.40840074490933237
real,0,daily_trend+resonance+rr3,train,2,-1.1494220030479496
real,0,daily_trend+resonance+rr3,validation,2,-0.9005595073526194
real,0,daily_trend+resonance+tested,train,110,0.034057380542638384
real,0,daily_trend+resonance+tested,validation,59,-0.08004315561742928
real,0,daily_trend+resonance+strong_candle,train,53,0.0866182889231736
real,0,daily_trend+resonance+strong_candle,validation,22,0.25289882262778934
real,0,daily_trend+resonance+tight_stop,train,94,-0.06502232663478949
real,0,daily_trend+resonance+tight_stop,validation,50,-0.16654488696667322
real,0,daily_trend+trend_line+rr3,train,2,1.1185439328700522
real,0,daily_trend+trend_line+rr3,validation,0,
real,0,daily_trend+trend_line+tested,train,78,-0.12927731015467311
real,0,daily_trend+trend_line+tested,validation,57,-0.12357344002014474
real,0,daily_trend+trend_line+strong_candle,train,39,-0.23823464297491817
real,0,daily_trend+trend_line+strong_candle,validation,27,-0.33300980079041004
real,0,daily_trend+trend_line+tight_stop,train,58,-0.7549990454384077
real,0,daily_trend+trend_line+tight_stop,validation,40,-0.40250827909079084
real,0,daily_trend+rr3+tested,train,3,0.6445140014616104
real,0,daily_trend+rr3+tested,validation,2,-1.100296986172881
real,0,daily_trend+rr3+strong_candle,train,2,-1.124243313397617
real,0,daily_trend+rr3+strong_candle,validation,0,
real,0,daily_trend+rr3+tight_stop,train,5,-1.2798656363752152
real,0,daily_trend+rr3+tight_stop,validation,5,-0.2295836293792335
real,0,daily_trend+tested+strong_candle,train,78,0.15939303832528826
real,0,daily_trend+tested+strong_candle,validation,51,-0.07188602890340466
real,0,daily_trend+tested+tight_stop,train,121,-0.3595425499905264
real,0,daily_trend+tested+tight_stop,validation,85,-0.3708874668861246
real,0,daily_trend+strong_candle+tight_stop,train,40,-0.41353602496807385
real,0,daily_trend+strong_candle+tight_stop,validation,25,-0.08100965462171274
real,0,calm+squeeze+resonance,train,141,0.11547915039430524
real,0,calm+squeeze+resonance,validation,48,-0.056399490239341654
real,0,calm+squeeze+trend_line,train,110,-0.14347648341372143
real,0,calm+squeeze+trend_line,validation,53,-0.09409508998012275
real,0,calm+squeeze+rr3,train,11,-0.6557561189657884
real,0,calm+squeeze+rr3,validation,8,0.19382038678143737
real,0,calm+squeeze+tested,train,232,0.10911815174568743
real,0,calm+squeeze+tested,validation,108,-0.23473946587817085
real,0,calm+squeeze+strong_candle,train,77,0.1333448600581037
real,0,calm+squeeze+strong_candle,validation,56,-0.14333360821582636
real,0,calm+squeeze+tight_stop,train,191,-0.3156038089621921
real,0,calm+squeeze+tight_stop,validation,106,-0.2643057066982321
real,0,calm+resonance+trend_line,train,52,-0.2471321696783001
real,0,calm+resonance+trend_line,validation,14,-0.07896606643028366
real,0,calm+resonance+rr3,train,2,-1.0528455986122096
real,0,calm+resonance+rr3,validation,1,-1.0169870265877963
real,0,calm+resonance+tested,train,116,0.2276523450123843
real,0,calm+resonance+tested,validation,39,0.09711690608761954
real,0,calm+resonance+strong_candle,train,37,0.38834463032003685
real,0,calm+resonance+strong_candle,validation,19,0.13433326564587453
real,0,calm+resonance+tight_stop,train,102,-0.14434689708596116
real,0,calm+resonance+tight_stop,validation,31,-0.0029424518285188503
real,0,calm+trend_line+rr3,train,9,-0.4748778385316452
real,0,calm+trend_line+rr3,validation,2,1.8613019725346533
real,0,calm+trend_line+tested,train,80,-0.0703113764249152
real,0,calm+trend_line+tested,validation,54,-0.3251468956720356
real,0,calm+trend_line+strong_candle,train,30,-0.3356040295027846
real,0,calm+trend_line+strong_candle,validation,22,-0.05546634650436382
real,0,calm+trend_line+tight_stop,train,60,-0.5067707252543474
real,0,calm+trend_line+tight_stop,validation,35,-0.4722257844853128
real,0,calm+rr3+tested,train,3,0.7001240084288579
real,0,calm+rr3+tested,validation,2,-1.1221593838149135
real,0,calm+rr3+strong_candle,train,1,-1.0275033127502717
real,0,calm+rr3+strong_candle,validation,2,1.7490281284454747
real,0,calm+rr3+tight_stop,train,15,-1.2539410010601688
real,0,calm+rr3+tight_stop,validation,9,0.02339081695294561
real,0,calm+tested+strong_candle,train,63,0.38881379104438424
real,0,calm+tested+strong_candle,validation,36,-0.13517707840480367
real,0,calm+tested+tight_stop,train,102,-0.32514998444381416
real,0,calm+tested+tight_stop,validation,56,-0.4473033623110999
real,0,calm+strong_candle+tight_stop,train,26,-0.14613994111248763
real,0,calm+strong_candle+tight_stop,validation,22,0.03168222004444306
real,0,squeeze+resonance+trend_line,train,44,-0.18813221469939556
real,0,squeeze+resonance+trend_line,validation,16,-0.048842078379696494
real,0,squeeze+resonance+rr3,train,1,-1.0778606920509368
real,0,squeeze+resonance+rr3,validation,3,-0.2624239413265274
real,0,squeeze+resonance+tested,train,122,0.15726108206600503
real,0,squeeze+resonance+tested,validation,45,0.24770877012829473
real,0,squeeze+resonance+strong_candle,train,51,0.2932670936162659
real,0,squeeze+resonance+strong_candle,validation,22,0.14172712567566267
real,0,squeeze+resonance+tight_stop,train,74,-0.17263761842944425
real,0,squeeze+resonance+tight_stop,validation,42,0.10865092399041808
real,0,squeeze+trend_line+rr3,train,6,-0.08425213050760982
real,0,squeeze+trend_line+rr3,validation,2,1.861650817516566
real,0,squeeze+trend_line+tested,train,85,-0.11885459559530485
real,0,squeeze+trend_line+tested,validation,49,-0.06513240816186737
real,0,squeeze+trend_line+strong_candle,train,39,-0.3901766212285631
real,0,squeeze+trend_line+strong_candle,validation,24,-0.03731728375887563
real,0,squeeze+trend_line+tight_stop,train,54,-0.3692436108584783
real,0,squeeze+trend_line+tight_stop,validation,38,-0.2634879613656745
real,0,squeeze+rr3+tested,train,2,1.5772626592148968
real,0,squeeze+rr3+tested,validation,2,-1.121810538833001
real,0,squeeze+rr3+strong_candle,train,2,-1.3147257962565164
real,0,squeeze+rr3+strong_candle,validation,3,0.829868931194544
real,0,squeeze+rr3+tight_stop,train,13,-1.1843357837746171
real,0,squeeze+rr3+tight_stop,validation,11,0.008440723043926856
real,0,squeeze+tested+strong_candle,train,76,0.28088110183592174
real,0,squeeze+tested+strong_candle,validation,44,-0.11810780458942359
real,0,squeeze+tested+tight_stop,train,106,-0.39688471072500936
real,0,squeeze+tested+tight_stop,validation,64,-0.30334870649761064
real,0,squeeze+strong_candle+tight_stop,train,27,-0.37204483141116457
real,0,squeeze+strong_candle+tight_stop,validation,24,-0.21087333686257762
real,0,resonance+trend_line+rr3,train,0,
real,0,resonance+trend_line+rr3,validation,1,3.709600591924607
real,0,resonance+trend_line+tested,train,49,-0.015438132850245865
real,0,resonance+trend_line+tested,validation,23,-0.08482724954398296
real,0,resonance+trend_line+strong_candle,train,20,0.0076714906824256746
real,0,resonance+trend_line+strong_candle,validation,11,0.050157850632756726
real,0,resonance+trend_line+tight_stop,train,25,-0.4104081914034806
real,0,resonance+trend_line+tight_stop,validation,9,0.1874421486268705
real,0,resonance+rr3+tested,train,1,-1.2209833140449624
real,0,resonance+rr3+tested,validation,1,-0.7841319881174423
real,0,resonance+rr3+strong_candle,train,1,-1.2209833140449624
real,0,resonance+rr3+strong_candle,validation,0,
real,0,resonance+rr3+tight_stop,train,3,-1.1160515740242924
real,0,resonance+rr3+tight_stop,validation,4,0.7735320683774904
real,0,resonance+tested+strong_candle,train,46,0.37474462623536137
real,0,resonance+tested+strong_candle,validation,23,0.40330450758080866
real,0,resonance+tested+tight_stop,train,59,-0.017557086104801736
real,0,resonance+tested+tight_stop,validation,35,-0.028476999832579057
real,0,resonance+strong_candle+tight_stop,train,21,-0.10759172011885136
real,0,resonance+strong_candle+tight_stop,validation,12,0.27733641683330446
real,0,trend_line+rr3+tested,train,1,4.182028631180065
real,0,trend_line+rr3+tested,validation,2,-1.2169024284785745
real,0,trend_line+rr3+strong_candle,train,0,
real,0,trend_line+rr3+strong_candle,validation,1,4.939855218529794
real,0,trend_line+rr3+tight_stop,train,10,-1.060470621923158
real,0,trend_line+rr3+tight_stop,validation,5,1.8576009996073917
real,0,trend_line+tested+strong_candle,train,36,-0.014040397658359158
real,0,trend_line+tested+strong_candle,validation,28,0.15527690211836967
real,0,trend_line+tested+tight_stop,train,36,-0.45159495532761107
real,0,trend_line+tested+tight_stop,validation,25,-0.5235908930052363
real,0,trend_line+strong_candle+tight_stop,train,5,-1.2476502587082396
real,0,trend_line+strong_candle+tight_stop,validation,7,-0.3172209368680533
real,0,rr3+tested+strong_candle,train,2,-1.124243313397617
real,0,rr3+tested+strong_candle,validation,0,
real,0,rr3+tested+tight_stop,train,5,-1.1824750995329452
real,0,rr3+tested+tight_stop,validation,4,-1.158599707325728
real,0,rr3+strong_candle+tight_stop,train,6,-1.2488786515249413
real,0,rr3+strong_candle+tight_stop,validation,2,1.7490281284454747
real,0,tested+strong_candle+tight_stop,train,17,-0.3933063850567102
real,0,tested+strong_candle+tight_stop,validation,13,-0.02103748679295337
real,0,base,test,1073,-0.13512724036226947
real,0,resonance+tested+strong_candle,test,44,-0.32640769117693813
placebo,1,weekly_trend+squeeze+trend_line,test,46,-0.15737684273487987
placebo,2,daily_trend+resonance+strong_candle,test,39,-0.40217375431590713
placebo,3,daily_trend+squeeze+trend_line,test,55,0.10890914624952218
placebo,4,weekly_trend+squeeze+trend_line,test,46,-0.6271730164333116
placebo,5,weekly_trend+calm+resonance,test,56,0.027216787664517312
placebo,6,resonance+trend_line,test,44,-0.45310979806130297
placebo,7,weekly_trend+calm+squeeze,test,168,-0.30359719444627215
placebo,8,daily_trend+calm+strong_candle,test,85,-0.08731533736887763
placebo,9,weekly_trend+calm+squeeze,test,190,-0.3020893604284428
placebo,10,daily_trend+squeeze+trend_line,test,40,-0.31098433705578693
placebo,11,weekly_trend+squeeze+trend_line,test,37,-0.6352461971196769
placebo,12,resonance+strong_candle,test,59,-0.45192054310899593
placebo,13,weekly_trend+calm+trend_line,test,36,-0.14443980063237344
placebo,14,squeeze+trend_line+tested,test,50,0.03896336485909569
placebo,15,squeeze+resonance+strong_candle,test,32,-0.3088967100123722
placebo,16,daily_trend+calm+trend_line,test,45,-0.485058272498043
placebo,17,daily_trend+calm+trend_line,test,62,0.02493990226846029
placebo,18,none,test,0,
placebo,19,daily_trend+trend_line+tight_stop,test,38,-0.5244995531622736
placebo,20,squeeze+strong_candle+tight_stop,test,72,-0.20085745675364036
placebo,21,daily_trend+squeeze+tight_stop,test,125,-0.5049443131061528
placebo,22,daily_trend+resonance+strong_candle,test,47,0.0024048072527183186
placebo,23,squeeze+trend_line+tight_stop,test,45,-0.47945065368817547
placebo,24,daily_trend+trend_line+tested,test,38,-0.22564520590944406
placebo,25,calm+resonance+strong_candle,test,44,-0.049390718941017216
placebo,26,weekly_trend+resonance+tight_stop,test,51,-0.15531711172686807
placebo,27,weekly_trend+calm+trend_line,test,28,-0.12033834714511486
placebo,28,daily_trend+squeeze+trend_line,test,35,-0.13433175798263755
placebo,29,weekly_trend+trend_line,test,62,-0.29949231137098525
placebo,30,resonance+tested,test,124,-0.37314477925498074
placebo,31,daily_trend+resonance+strong_candle,test,44,-0.11749940138725558
placebo,32,weekly_trend+tested+strong_candle,test,50,-0.43807932500052343
placebo,33,none,test,0,
placebo,34,weekly_trend+tested+strong_candle,test,59,-0.5310771465179411
placebo,35,calm+trend_line+tight_stop,test,35,-0.0016678424618317526
placebo,36,weekly_trend+squeeze+strong_candle,test,82,-0.25489161503200414
placebo,37,none,test,0,
placebo,38,daily_trend+calm+tested,test,144,-0.1960011406805896
placebo,39,weekly_trend+squeeze+trend_line,test,39,-0.10311463699861033
placebo,40,daily_trend+strong_candle+tight_stop,test,90,-0.5958555586904072
placebo,41,trend_line+tested+tight_stop,test,34,-0.4260487249166798
placebo,42,resonance+strong_candle+tight_stop,test,28,-0.6469670437110706
placebo,43,calm+tested+strong_candle,test,53,-0.3293338368363782
placebo,44,daily_trend+resonance+tested,test,73,-0.29688511387867367
placebo,45,resonance+tested+strong_candle,test,38,-0.04844592954387427
placebo,46,weekly_trend+calm+strong_candle,test,74,-0.1841294200020253
placebo,47,daily_trend+tested+strong_candle,test,73,-0.39360327241941934
placebo,48,rr3+tight_stop,test,28,-0.8359266073463688
placebo,49,weekly_trend+squeeze+strong_candle,test,77,-0.26742669199961927
placebo,50,weekly_trend+calm+trend_line,test,32,-0.3360912345173488
