asset,time,side,entry,stop,exit_time,R,control,days,weight
TVC:GOLD,2007-04-16 00:00:00+00:00,1,690.2,672.382,2007-04-25 00:00:00+00:00,-1.05393,3.49105,8,0.387364
TVC:GOLD,2007-05-30 00:00:00+00:00,-1,653.5,669.651,2007-05-31 00:00:00+00:00,-1.03267,-0.41685,2,-0.404628
TVC:GOLD,2007-06-10 00:00:00+00:00,-1,648.6,665.832,2007-07-09 00:00:00+00:00,-0.947073,-0.610781,22,-0.376382
TVC:GOLD,2007-07-19 00:00:00+00:00,1,677.35,662.437,2007-07-25 00:00:00+00:00,-1.04966,3.51479,5,0.454213
TVC:GOLD,2007-09-06 00:00:00+00:00,1,695.1,678.06,2008-03-19 00:00:00+00:00,11.9886,3.29951,140,0.40792
TVC:GOLD,2008-04-01 00:00:00+00:00,-1,883.32,932.202,2008-04-08 00:00:00+00:00,-1.02198,-0.551659,6,-0.180703
TVC:GOLD,2008-04-29 00:00:00+00:00,-1,869.82,913.275,2008-05-18 00:00:00+00:00,-1.04033,-0.45496,14,-0.200164
TVC:GOLD,2008-07-01 00:00:00+00:00,1,941.32,901.405,2008-07-28 00:00:00+00:00,-0.674182,-0.671226,20,0.23583
TVC:GOLD,2008-08-10 00:00:00+00:00,-1,855.35,894.476,2008-09-16 00:00:00+00:00,-0.262241,-0.553836,28,-0.218615
TVC:GOLD,2008-10-22 00:00:00+00:00,-1,726.7,805.349,2008-11-20 00:00:00+00:00,-0.948598,-0.467841,22,-0.0923976
TVC:GOLD,2008-12-29 00:00:00+00:00,1,878.75,825.647,2009-01-11 00:00:00+00:00,-1.02452,-0.114912,9,0.165481
TVC:GOLD,2009-01-25 00:00:00+00:00,1,899.55,844.015,2009-04-02 00:00:00+00:00,-0.226798,0.24803,49,0.161979
TVC:GOLD,2009-04-06 00:00:00+00:00,-1,867.15,916.867,2009-04-26 00:00:00+00:00,-1.03518,-0.528004,14,-0.174416
TVC:GOLD,2009-05-28 00:00:00+00:00,1,958.3,924.968,2009-06-21 00:00:00+00:00,-1.06583,1.1163,17,0.287502
TVC:GOLD,2009-09-02 00:00:00+00:00,1,979.55,950.907,2009-12-16 00:00:00+00:00,3.8658,0.71743,74,0.341986
TVC:GOLD,2010-01-31 00:00:00+00:00,-1,1080.78,1121.68,2010-02-02 00:00:00+00:00,-1.02408,-0.548406,3,-0.264268
TVC:GOLD,2010-02-04 00:00:00+00:00,-1,1063.15,1107.56,2010-02-14 00:00:00+00:00,-1.03142,-0.575955,7,-0.239387
TVC:GOLD,2010-04-07 00:00:00+00:00,1,1148.04,1113.15,2010-06-30 00:00:00+00:00,1.26009,0.336123,60,0.329024
TVC:GOLD,2010-07-27 00:00:00+00:00,-1,1162.32,1201.85,2010-08-03 00:00:00+00:00,-1.03559,-0.425824,6,-0.294047
TVC:GOLD,2010-09-08 00:00:00+00:00,1,1254.25,1225.82,2011-01-06 00:00:00+00:00,3.63571,0.423545,85,0.44122
TVC:GOLD,2011-01-24 00:00:00+00:00,-1,1334,1371.93,2011-02-14 00:00:00+00:00,-1.07768,-0.307376,16,-0.351719
TVC:GOLD,2011-03-01 00:00:00+00:00,1,1433.18,1396.81,2011-03-14 00:00:00+00:00,-1.06276,0.494698,10,0.394107
TVC:GOLD,2011-03-23 00:00:00+00:00,1,1437.75,1400.25,2011-06-23 00:00:00+00:00,1.40607,-0.121353,65,0.383434
TVC:GOLD,2011-07-12 00:00:00+00:00,1,1567.34,1527.82,2011-09-21 00:00:00+00:00,4.01765,0.930999,51,0.396598
TVC:GOLD,2011-12-14 00:00:00+00:00,-1,1573.8,1653.61,2012-01-11 00:00:00+00:00,-1.0496,-0.457306,19,-0.197187
TVC:GOLD,2012-02-02 00:00:00+00:00,1,1758.5,1701.5,2012-02-28 00:00:00+00:00,-1.07375,-0.0735127,18,0.308532
TVC:GOLD,2012-04-04 00:00:00+00:00,-1,1620.22,1676.97,2012-04-11 00:00:00+00:00,-1.0317,-0.28352,5,-0.285489
TVC:GOLD,2012-05-08 00:00:00+00:00,-1,1604.9,1650.7,2012-06-14 00:00:00+00:00,-0.602745,-0.156267,27,-0.350451
TVC:GOLD,2012-08-21 00:00:00+00:00,1,1637.8,1597.74,2012-10-14 00:00:00+00:00,2.26083,-0.306676,38,0.408856
TVC:GOLD,2012-12-18 00:00:00+00:00,-1,1670.95,1708.36,2013-01-16 00:00:00+00:00,-0.547986,-0.191818,20,-0.446677
TVC:GOLD,2013-02-13 00:00:00+00:00,-1,1642.5,1679.13,2013-07-21 00:00:00+00:00,7.88905,1.20086,109,-0.448438
TVC:GOLD,2013-08-25 00:00:00+00:00,1,1397.3,1343.61,2013-09-11 00:00:00+00:00,-1.04915,-0.235264,13,0.260259
TVC:GOLD,2013-10-13 00:00:00+00:00,-1,1270.85,1326.87,2013-10-17 00:00:00+00:00,-1.02525,1.20058,5,-0.226849
TVC:GOLD,2013-11-12 00:00:00+00:00,-1,1267.64,1314.46,2014-01-12 00:00:00+00:00,0.195133,2.46075,41,-0.270733
TVC:GOLD,2014-02-10 00:00:00+00:00,1,1274.55,1236.38,2014-03-23 00:00:00+00:00,0.78232,0.000288714,29,0.333941
TVC:GOLD,2014-05-27 00:00:00+00:00,-1,1263.86,1296.6,2014-06-18 00:00:00+00:00,-1.08908,-0.385796,17,-0.386008
TVC:GOLD,2014-06-30 00:00:00+00:00,1,1326.75,1297.28,2014-07-14 00:00:00+00:00,-1.07173,-0.220138,10,0.450202
TVC:GOLD,2014-09-02 00:00:00+00:00,-1,1265.92,1292.95,2014-10-12 00:00:00+00:00,0.932329,-0.127999,29,-0.468389
TVC:GOLD,2014-11-02 00:00:00+00:00,-1,1172.59,1203.6,2014-11-17 00:00:00+00:00,-1.06836,-0.00910943,12,-0.378111
TVC:GOLD,2015-01-12 00:00:00+00:00,1,1233.1,1191.5,2015-02-10 00:00:00+00:00,-0.430858,-0.475724,21,0.296397
TVC:GOLD,2015-03-08 00:00:00+00:00,-1,1166.91,1206.28,2015-03-25 00:00:00+00:00,-1.05958,-0.158194,14,-0.296386
TVC:GOLD,2015-05-13 00:00:00+00:00,1,1215.21,1182.04,2015-05-27 00:00:00+00:00,-1.05832,-0.547552,10,0.366368
TVC:GOLD,2015-06-04 00:00:00+00:00,-1,1176.56,1206.35,2015-08-18 00:00:00+00:00,1.20115,0.018044,53,-0.394965
TVC:GOLD,2015-10-12 00:00:00+00:00,1,1163.13,1131.66,2015-11-01 00:00:00+00:00,-1.01873,-0.429988,15,0.369551
TVC:GOLD,2015-11-05 00:00:00+00:00,-1,1103.7,1134.18,2016-01-05 00:00:00+00:00,0.173738,-0.457913,41,-0.362092
TVC:GOLD,2016-01-26 00:00:00+00:00,1,1119.74,1089.53,2016-03-22 00:00:00+00:00,3.13937,-0.294157,40,0.370695
TVC:GOLD,2016-05-01 00:00:00+00:00,1,1292.72,1252.06,2016-05-18 00:00:00+00:00,-1.06329,-0.357852,14,0.317936
TVC:GOLD,2016-05-29 00:00:00+00:00,-1,1206.14,1242.65,2016-06-02 00:00:00+00:00,-1.03334,-0.166703,4,-0.330385
TVC:GOLD,2016-06-19 00:00:00+00:00,1,1298.47,1261.74,2016-06-21 00:00:00+00:00,-1.03152,-0.459649,3,0.353521
TVC:GOLD,2016-06-26 00:00:00+00:00,1,1315.13,1269.23,2016-08-23 00:00:00+00:00,0.0502139,0.00549052,42,0.286524
TVC:GOLD,2016-10-04 00:00:00+00:00,-1,1268.16,1299.45,2016-10-31 00:00:00+00:00,-0.731678,-0.242213,20,-0.405312
TVC:GOLD,2016-11-13 00:00:00+00:00,-1,1227.1,1267.08,2017-01-04 00:00:00+00:00,1.04444,-0.459274,36,-0.306902
TVC:GOLD,2017-02-05 00:00:00+00:00,1,1220.05,1189.65,2017-03-06 00:00:00+00:00,-0.254712,-0.251104,21,0.401355
TVC:GOLD,2017-04-11 00:00:00+00:00,1,1274.77,1249.17,2017-05-02 00:00:00+00:00,-1.10425,-0.244753,15,0.497867
TVC:GOLD,2017-06-06 00:00:00+00:00,1,1294.25,1269.13,2017-06-08 00:00:00+00:00,-1.04608,0.153179,3,0.515289
TVC:GOLD,2017-07-09 00:00:00+00:00,-1,1212.84,1238.26,2017-07-17 00:00:00+00:00,-1.06233,-0.494277,7,-0.477127
TVC:GOLD,2017-08-21 00:00:00+00:00,1,1291.28,1266.66,2017-09-26 00:00:00+00:00,-0.527504,-0.228697,26,0.524392
TVC:GOLD,2017-10-26 00:00:00+00:00,-1,1266.86,1292.36,2017-11-16 00:00:00+00:00,-1.10961,-0.402765,16,-0.496871
TVC:GOLD,2017-12-05 00:00:00+00:00,-1,1265.7,1290.69,2017-12-27 00:00:00+00:00,-1.11175,-0.48889,16,-0.506578
TVC:GOLD,2017-12-28 00:00:00+00:00,1,1294.9,1273.28,2018-02-08 00:00:00+00:00,0.752452,-0.027339,29,0.598804
TVC:GOLD,2018-03-20 00:00:00+00:00,-1,1310.95,1337.68,2018-03-22 00:00:00+00:00,-1.04444,0.572433,3,-0.490435
TVC:GOLD,2018-05-01 00:00:00+00:00,-1,1303.5,1331.22,2018-10-10 00:00:00+00:00,2.29394,0.0925808,114,-0.470285
TVC:GOLD,2018-10-11 00:00:00+00:00,1,1224.3,1198.23,2018-11-08 00:00:00+00:00,-0.691075,-0.271736,21,0.469597
TVC:GOLD,2018-12-04 00:00:00+00:00,1,1238.23,1215.46,2019-02-28 00:00:00+00:00,2.05371,-0.143263,59,0.543834
TVC:GOLD,2019-04-16 00:00:00+00:00,-1,1276.65,1300.11,2019-05-12 00:00:00+00:00,-1.13092,-0.431488,18,-0.544232
TVC:GOLD,2019-06-03 00:00:00+00:00,1,1324.72,1302.13,2019-09-09 00:00:00+00:00,6.68461,0.57889,69,0.586462
TVC:GOLD,2019-11-07 00:00:00+00:00,-1,1468.3,1506.13,2019-12-18 00:00:00+00:00,-0.408196,-0.345221,29,-0.388129
TVC:GOLD,2019-12-30 00:00:00+00:00,1,1514.9,1489.75,2020-03-12 00:00:00+00:00,0.24528,2.21846,51,0.602361
TVC:GOLD,2020-03-16 00:00:00+00:00,-1,1511.53,1591.23,2020-03-23 00:00:00+00:00,-1.02306,-0.385767,6,-0.189644
TVC:GOLD,2020-04-12 00:00:00+00:00,1,1663,1576.47,2020-06-04 00:00:00+00:00,0.128399,-0.173831,39,0.192178
TVC:GOLD,2020-06-22 00:00:00+00:00,1,1754.01,1700.28,2020-09-20 00:00:00+00:00,2.72089,-0.332769,63,0.326498
TVC:GOLD,2020-11-23 00:00:00+00:00,-1,1836.85,1897.45,2020-12-16 00:00:00+00:00,-0.859845,-0.627696,17,-0.303096
TVC:GOLD,2021-02-17 00:00:00+00:00,-1,1775.8,1832.27,2021-04-07 00:00:00+00:00,0.232255,-0.264094,35,-0.31447
TVC:GOLD,2021-05-06 00:00:00+00:00,1,1814.56,1766.83,2021-06-14 00:00:00+00:00,0.805328,0.26784,27,0.380149
TVC:GOLD,2021-06-29 00:00:00+00:00,-1,1761.31,1812.47,2021-07-04 00:00:00+00:00,-1.03473,-0.122199,4,-0.344262
TVC:GOLD,2021-08-09 00:00:00+00:00,-1,1729.69,1779.25,2021-08-12 00:00:00+00:00,-1.0352,-0.58454,4,-0.348996
TVC:GOLD,2021-09-29 00:00:00+00:00,-1,1725.72,1771.56,2021-10-07 00:00:00+00:00,-1.04924,-0.532142,7,-0.376433
TVC:GOLD,2021-11-09 00:00:00+00:00,1,1830.9,1787.4,2021-11-22 00:00:00+00:00,-1.06704,0.0176718,10,0.42088
TVC:GOLD,2022-02-13 00:00:00+00:00,1,1858.11,1817.54,2022-04-24 00:00:00+00:00,0.730192,0.832923,49,0.457977
TVC:GOLD,2022-05-02 00:00:00+00:00,-1,1862.99,1920.68,2022-06-09 00:00:00+00:00,-0.246976,-0.347119,28,-0.32292
TVC:GOLD,2022-06-14 00:00:00+00:00,-1,1807.2,1862.24,2022-08-03 00:00:00+00:00,0.165438,-0.440043,35,-0.328352
TVC:GOLD,2022-09-01 00:00:00+00:00,-1,1696.28,1739.08,2022-10-03 00:00:00+00:00,-0.785936,-0.530021,22,-0.396289
TVC:GOLD,2022-11-10 00:00:00+00:00,1,1755.53,1698,2023-02-08 00:00:00+00:00,1.62229,0.678301,61,0.30513
TVC:GOLD,2023-03-19 00:00:00+00:00,1,1988.78,1932.42,2023-05-17 00:00:00+00:00,-0.724962,-0.154498,43,0.352898
TVC:GOLD,2023-06-20 00:00:00+00:00,-1,1935.16,1987.49,2023-07-12 00:00:00+00:00,-0.555103,-0.528142,16,-0.369796
TVC:GOLD,2023-08-14 00:00:00+00:00,-1,1906.59,1945.28,2023-08-29 00:00:00+00:00,-1.08901,-0.427379,12,-0.492845
TVC:GOLD,2023-09-27 00:00:00+00:00,-1,1875.53,1907.8,2023-10-12 00:00:00+00:00,-1.10491,-0.536065,12,-0.581175
TVC:GOLD,2023-10-18 00:00:00+00:00,1,1947.92,1905.1,2024-01-16 00:00:00+00:00,1.04979,-0.0309438,61,0.454862
TVC:GOLD,2024-03-03 00:00:00+00:00,1,2082.65,2038.9,2024-06-06 00:00:00+00:00,4.4677,1.18981,68,0.476027
TVC:GOLD,2024-07-16 00:00:00+00:00,1,2468.14,2399.61,2024-07-18 00:00:00+00:00,-1.03211,1.38849,3,0.36013
TVC:GOLD,2024-08-12 00:00:00+00:00,1,2470.11,2392.12,2024-11-10 00:00:00+00:00,1.69152,0.556624,64,0.316716
TVC:GOLD,2025-01-21 00:00:00+00:00,1,2743.09,2677.23,2025-05-13 00:00:00+00:00,6.22557,3.31134,79,0.416475
TVC:GOLD,2025-08-31 00:00:00+00:00,1,3477.41,3393.88,2026-03-17 00:00:00+00:00,15.4564,3.91294,137,0.416259
TVC:GOLD,2026-03-23 00:00:00+00:00,-1,4417.14,4777.27,2026-03-31 00:00:00+00:00,-1.01624,0.0511839,7,-0.122653
TVC:GOLD,2026-06-07 00:00:00+00:00,-1,4328.92,4554.66,2026-08-04 00:00:00+00:00,0.259892,-0.335792,41,-0.191767
TVC:GOLD,2026-08-19 00:00:00+00:00,1,4521.91,4318.69,2026-08-31 00:00:00+00:00,-0.984824,-0.507145,9,0.222511
TVC:SILVER,2007-06-26 00:00:00+00:00,-1,12.235,12.763,2007-07-08 00:00:00+00:00,-1.03506,-0.521246,9,-0.231725
TVC:SILVER,2007-08-16 00:00:00+00:00,-1,11.77,12.3818,2007-09-05 00:00:00+00:00,-1.0407,-0.391621,15,-0.192394
TVC:SILVER,2007-09-20 00:00:00+00:00,1,13.345,12.7534,2007-11-29 00:00:00+00:00,0.90224,0.160162,51,0.225581
TVC:SILVER,2008-01-08 00:00:00+00:00,1,15.65,14.9373,2008-03-19 00:00:00+00:00,1.44371,-0.157293,52,0.219596
TVC:SILVER,2008-04-24 00:00:00+00:00,-1,16.69,18.1602,2008-05-19 00:00:00+00:00,-0.673627,1.02324,18,-0.113525
TVC:SILVER,2008-07-02 00:00:00+00:00,1,18.347,17.188,2008-07-23 00:00:00+00:00,-1.03453,-0.111678,16,0.158306
TVC:SILVER,2008-08-05 00:00:00+00:00,-1,16.445,17.5882,2008-11-23 00:00:00+00:00,5.07509,0.75935,79,-0.143847
TVC:SILVER,2009-01-04 00:00:00+00:00,1,11.53,10.4481,2009-01-13 00:00:00+00:00,-1.01462,0.189859,8,0.106575
TVC:SILVER,2009-01-25 00:00:00+00:00,1,11.96,10.8497,2009-03-09 00:00:00+00:00,0.509403,-0.00145693,31,0.107723
TVC:SILVER,2009-04-19 00:00:00+00:00,-1,11.84,12.7607,2009-04-22 00:00:00+00:00,-1.01316,-0.491791,4,-0.128602
TVC:SILVER,2009-05-07 00:00:00+00:00,1,13.802,12.8579,2009-06-21 00:00:00+00:00,-0.140919,-0.0674609,31,0.146191
TVC:SILVER,2009-09-01 00:00:00+00:00,1,15.025,14.1644,2009-10-27 00:00:00+00:00,1.15688,-0.128784,40,0.174596
TVC:SILVER,2009-11-16 00:00:00+00:00,1,18.367,17.3223,2009-12-09 00:00:00+00:00,-1.03838,0.118901,16,0.175809
TVC:SILVER,2010-01-26 00:00:00+00:00,-1,16.732,17.7588,2010-03-01 00:00:00+00:00,-0.201836,-0.440339,24,-0.162955
TVC:SILVER,2010-04-04 00:00:00+00:00,1,17.87,16.9868,2010-05-04 00:00:00+00:00,-0.528426,2.47977,23,0.202336
TVC:SILVER,2010-05-11 00:00:00+00:00,1,19.317,18.315,2010-05-18 00:00:00+00:00,-1.02283,2.21138,6,0.192788
TVC:SILVER,2010-08-31 00:00:00+00:00,1,19.35,18.489,2011-01-06 00:00:00+00:00,10.565,0.256047,90,0.224739
TVC:SILVER,2011-02-17 00:00:00+00:00,1,31.755,30.1323,2011-05-04 00:00:00+00:00,1.68653,-0.0980255,53,0.19569
TVC:SILVER,2011-05-16 00:00:00+00:00,-1,33.613,38.3295,2011-05-25 00:00:00+00:00,-1.01028,-0.138786,8,-0.0712673
TVC:SILVER,2011-06-27 00:00:00+00:00,-1,33.568,36.6087,2011-07-06 00:00:00+00:00,-1.01465,-0.294129,7,-0.110395
TVC:SILVER,2011-07-18 00:00:00+00:00,1,40.495,37.6256,2011-08-04 00:00:00+00:00,-1.02793,-0.0494342,14,0.141127
TVC:SILVER,2011-08-21 00:00:00+00:00,1,42.85,39.7163,2011-08-23 00:00:00+00:00,-1.01201,-0.266713,3,0.136739
TVC:SILVER,2011-09-22 00:00:00+00:00,-1,35.793,39.1478,2011-10-24 00:00:00+00:00,0.736257,0.0612978,23,-0.106693
TVC:SILVER,2011-12-14 00:00:00+00:00,-1,28.87,31.7793,2012-01-17 00:00:00+00:00,-0.588224,-0.0335875,22,-0.0992333
TVC:SILVER,2012-02-02 00:00:00+00:00,1,34.298,32.1175,2012-03-05 00:00:00+00:00,-0.675816,-0.104611,22,0.157294
TVC:SILVER,2012-04-04 00:00:00+00:00,-1,31.329,33.368,2012-08-15 00:00:00+00:00,1.39271,-0.139686,93,-0.153646
TVC:SILVER,2012-08-21 00:00:00+00:00,1,29.28,28.0269,2012-10-11 00:00:00+00:00,3.21818,0.408736,37,0.233652
TVC:SILVER,2012-12-20 00:00:00+00:00,-1,29.934,31.4849,2013-01-01 00:00:00+00:00,-1.02539,0.046825,7,-0.193011
TVC:SILVER,2013-02-17 00:00:00+00:00,-1,29.865,31.2121,2013-07-21 00:00:00+00:00,6.70127,1.26694,107,-0.221697
TVC:SILVER,2013-08-15 00:00:00+00:00,1,22.911,21.5528,2013-09-11 00:00:00+00:00,-0.962261,-0.42988,19,0.168692
TVC:SILVER,2013-11-12 00:00:00+00:00,-1,20.71,21.8738,2014-01-12 00:00:00+00:00,0.195699,0.441117,41,-0.177947
TVC:SILVER,2014-02-13 00:00:00+00:00,1,20.48,19.553,2014-03-17 00:00:00+00:00,0.25627,-0.565075,22,0.220923
TVC:SILVER,2014-04-21 00:00:00+00:00,-1,19.4,20.2691,2014-05-13 00:00:00+00:00,-0.396614,0.546969,17,-0.223211
TVC:SILVER,2014-05-29 00:00:00+00:00,-1,18.95,19.671,2014-06-12 00:00:00+00:00,-1.04498,0.591894,11,-0.262833
TVC:SILVER,2014-06-19 00:00:00+00:00,1,20.754,20.0461,2014-07-23 00:00:00+00:00,-0.700809,-0.365336,24,0.29316
TVC:SILVER,2014-08-25 00:00:00+00:00,-1,19.324,19.9523,2014-12-08 00:00:00+00:00,3.35685,-0.393626,74,-0.307563
TVC:SILVER,2015-01-18 00:00:00+00:00,1,17.679,16.6278,2015-02-05 00:00:00+00:00,-1.03334,-0.243863,14,0.168183
TVC:SILVER,2015-03-10 00:00:00+00:00,-1,15.639,16.5324,2015-03-19 00:00:00+00:00,-1.02481,-0.223818,8,-0.175058
TVC:SILVER,2015-05-13 00:00:00+00:00,1,17.079,16.2333,2015-06-03 00:00:00+00:00,-1.04211,-0.0773253,15,0.201951
TVC:SILVER,2015-06-30 00:00:00+00:00,-1,15.699,16.3653,2015-08-11 00:00:00+00:00,0.1854,-0.250191,30,-0.235604
TVC:SILVER,2015-08-26 00:00:00+00:00,-1,14.089,14.9048,2015-09-02 00:00:00+00:00,-1.02103,-0.174004,6,-0.17271
TVC:SILVER,2015-10-05 00:00:00+00:00,1,15.619,14.8234,2015-11-01 00:00:00+00:00,-0.318674,-0.00357458,20,0.196311
TVC:SILVER,2015-11-11 00:00:00+00:00,-1,14.31,14.9622,2016-01-25 00:00:00+00:00,-0.359066,-0.470809,50,-0.219412
TVC:SILVER,2016-02-03 00:00:00+00:00,1,14.657,14.0598,2016-03-31 00:00:00+00:00,0.508121,0.0421895,40,0.245415
TVC:SILVER,2016-04-11 00:00:00+00:00,1,15.892,15.1904,2016-05-17 00:00:00+00:00,1.31737,0.00518945,27,0.226512
TVC:SILVER,2016-06-29 00:00:00+00:00,1,18.259,17.4718,2016-08-18 00:00:00+00:00,1.19416,-0.17764,36,0.231957
TVC:SILVER,2016-10-04 00:00:00+00:00,-1,17.741,18.7285,2016-10-31 00:00:00+00:00,-0.642348,-0.450954,20,-0.17966
TVC:SILVER,2016-11-14 00:00:00+00:00,-1,16.9,17.9037,2017-01-15 00:00:00+00:00,-0.354887,-0.569494,42,-0.168376
TVC:SILVER,2017-01-31 00:00:00+00:00,1,17.536,16.8051,2017-03-06 00:00:00+00:00,-0.175936,-0.356764,24,0.239935
TVC:SILVER,2017-04-12 00:00:00+00:00,1,18.47,17.9173,2017-04-19 00:00:00+00:00,-1.03646,-0.46712,5,0.334161
TVC:SILVER,2017-05-01 00:00:00+00:00,-1,16.847,17.423,2017-05-25 00:00:00+00:00,-0.920642,-0.542067,19,-0.292497
TVC:SILVER,2017-07-03 00:00:00+00:00,-1,16.059,16.6446,2017-07-25 00:00:00+00:00,-1.06063,-0.471983,16,-0.274217
TVC:SILVER,2017-08-28 00:00:00+00:00,1,17.512,16.8518,2017-09-20 00:00:00+00:00,-1.0607,-0.275071,17,0.265233
TVC:SILVER,2017-11-29 00:00:00+00:00,-1,16.507,17.0663,2017-12-27 00:00:00+00:00,-0.654387,-0.516892,20,-0.295124
TVC:SILVER,2018-01-24 00:00:00+00:00,1,17.53,16.9762,2018-02-01 00:00:00+00:00,-1.04085,-0.516608,7,0.316527
TVC:SILVER,2018-03-19 00:00:00+00:00,-1,16.293,16.8355,2018-04-10 00:00:00+00:00,-1.06637,-0.00245215,16,-0.300329
TVC:SILVER,2018-04-18 00:00:00+00:00,1,17.171,16.6233,2018-04-22 00:00:00+00:00,-1.02792,-0.433326,3,0.313537
TVC:SILVER,2018-05-01 00:00:00+00:00,-1,16.145,16.6766,2018-05-09 00:00:00+00:00,-1.03978,0.129757,7,-0.303692
TVC:SILVER,2018-06-27 00:00:00+00:00,-1,16.029,16.5187,2018-09-27 00:00:00+00:00,2.6374,-0.390296,65,-0.327302
TVC:SILVER,2018-11-12 00:00:00+00:00,-1,13.925,14.4265,2018-11-18 00:00:00+00:00,-1.03085,0.195788,5,-0.277683
TVC:SILVER,2018-12-13 00:00:00+00:00,1,14.74,14.2773,2019-02-28 00:00:00+00:00,0.776631,-0.257122,52,0.318541
TVC:SILVER,2019-04-11 00:00:00+00:00,-1,14.936,15.3649,2019-06-05 00:00:00+00:00,-0.0319499,-0.262755,38,-0.348253
TVC:SILVER,2019-06-20 00:00:00+00:00,1,15.446,15.0034,2019-07-03 00:00:00+00:00,-1.05554,-0.464618,10,0.349016
TVC:SILVER,2019-07-16 00:00:00+00:00,1,15.537,15.0682,2019-09-29 00:00:00+00:00,2.89862,0.155405,53,0.331414
TVC:SILVER,2019-11-10 00:00:00+00:00,-1,16.77,17.5563,2019-12-19 00:00:00+00:00,-0.582228,-0.0300009,29,-0.213273
TVC:SILVER,2020-01-07 00:00:00+00:00,1,18.39,17.7901,2020-01-13 00:00:00+00:00,-1.03342,2.00086,5,0.306532
TVC:SILVER,2020-02-19 00:00:00+00:00,1,18.41,17.7862,2020-02-26 00:00:00+00:00,-1.03511,1.69622,6,0.295109
TVC:SILVER,2020-03-01 00:00:00+00:00,-1,16.6645,17.4785,2020-03-05 00:00:00+00:00,-1.02282,-0.310631,5,-0.20472
TVC:SILVER,2020-03-12 00:00:00+00:00,-1,15.8117,16.8212,2020-04-13 00:00:00+00:00,0.0217407,-0.385089,22,-0.15663
TVC:SILVER,2020-05-19 00:00:00+00:00,1,17.3389,16.2596,2020-09-20 00:00:00+00:00,6.67962,2.94513,86,0.160648
TVC:SILVER,2020-11-29 00:00:00+00:00,-1,22.6765,24.3884,2020-12-03 00:00:00+00:00,-1.01487,-0.544955,5,-0.132467
TVC:SILVER,2020-12-17 00:00:00+00:00,1,26.0075,24.3652,2021-01-10 00:00:00+00:00,-1.03296,1.92521,15,0.158362
TVC:SILVER,2021-02-01 00:00:00+00:00,1,28.9961,26.8707,2021-02-01 00:00:00+00:00,-1.00925,-0.397549,1,0.136426
TVC:SILVER,2021-03-29 00:00:00+00:00,-1,24.631,26.2381,2021-04-15 00:00:00+00:00,-1.02942,-0.316701,13,-0.153264
TVC:SILVER,2021-05-09 00:00:00+00:00,1,27.406,26.0213,2021-06-15 00:00:00+00:00,-0.424841,-0.289086,27,0.197916
TVC:SILVER,2021-07-18 00:00:00+00:00,-1,25.655,26.7755,2021-09-02 00:00:00+00:00,0.767601,0.155693,35,-0.228958
TVC:SILVER,2021-09-16 00:00:00+00:00,-1,22.906,24.0427,2021-10-13 00:00:00+00:00,-0.576872,-0.187953,20,-0.201512
TVC:SILVER,2021-11-11 00:00:00+00:00,1,25.23,24.0897,2021-11-22 00:00:00+00:00,-1.03068,-0.364287,8,0.221264
TVC:SILVER,2021-12-14 00:00:00+00:00,-1,21.904,22.9659,2021-12-26 00:00:00+00:00,-1.02918,-0.0436585,8,-0.206269
TVC:SILVER,2022-02-23 00:00:00+00:00,1,24.528,23.4556,2022-03-31 00:00:00+00:00,0.00469218,-0.416232,27,0.228725
TVC:SILVER,2022-04-27 00:00:00+00:00,-1,23.2747,24.5211,2022-07-28 00:00:00+00:00,2.24064,-0.504488,64,-0.18674
TVC:SILVER,2022-08-30 00:00:00+00:00,-1,18.407,19.4284,2022-09-11 00:00:00+00:00,-1.02553,-0.403635,8,-0.18021
TVC:SILVER,2022-10-04 00:00:00+00:00,1,21.032,19.7481,2022-10-09 00:00:00+00:00,-1.01608,-0.298569,4,0.16381
TVC:SILVER,2022-11-08 00:00:00+00:00,1,21.339,19.8943,2023-02-02 00:00:00+00:00,0.596669,-0.309618,59,0.147707
TVC:SILVER,2023-02-14 00:00:00+00:00,-1,21.81,23.1011,2023-03-16 00:00:00+00:00,-0.651601,-0.589723,22,-0.168922
TVC:SILVER,2023-04-02 00:00:00+00:00,1,24.0962,22.9364,2023-05-10 00:00:00+00:00,-0.0156454,-0.575211,28,0.207754
TVC:SILVER,2023-06-21 00:00:00+00:00,-1,22.627,23.7914,2023-07-11 00:00:00+00:00,-1.03916,-0.399788,14,-0.194316
TVC:SILVER,2023-10-01 00:00:00+00:00,-1,22.1722,23.1975,2023-10-17 00:00:00+00:00,-1.04139,-0.672967,13,-0.216245
TVC:SILVER,2023-11-16 00:00:00+00:00,1,23.724,22.582,2023-12-12 00:00:00+00:00,-1.04956,-0.453854,18,0.207744
TVC:SILVER,2024-01-22 00:00:00+00:00,-1,22.086,23.1435,2024-01-28 00:00:00+00:00,-1.02327,-0.687227,5,-0.208851
TVC:SILVER,2024-03-07 00:00:00+00:00,1,24.319,23.2566,2024-06-12 00:00:00+00:00,4.19285,1.23491,68,0.228913
TVC:SILVER,2024-07-25 00:00:00+00:00,-1,27.818,29.6149,2024-08-18 00:00:00+00:00,-0.938531,-0.664827,17,-0.154809
TVC:SILVER,2024-09-24 00:00:00+00:00,1,32.066,30.2225,2024-10-07 00:00:00+00:00,-1.02753,1.27929,10,0.173945
TVC:SILVER,2024-10-20 00:00:00+00:00,1,33.6962,31.7721,2024-11-05 00:00:00+00:00,-1.03297,0.628467,13,0.175125
TVC:SILVER,2024-12-18 00:00:00+00:00,-1,29.349,31.0194,2025-01-14 00:00:00+00:00,-0.823071,-0.791624,18,-0.175704
TVC:SILVER,2025-02-04 00:00:00+00:00,1,32.119,30.6705,2025-02-27 00:00:00+00:00,-0.74254,11.4678,17,0.221739
TVC:SILVER,2025-03-12 00:00:00+00:00,1,33.1966,31.7383,2025-04-02 00:00:00+00:00,-1.04978,9.08035,16,0.227641
TVC:SILVER,2025-04-06 00:00:00+00:00,-1,29.5782,31.3487,2025-04-10 00:00:00+00:00,-1.01868,-0.392501,5,-0.167065
TVC:SILVER,2025-06-02 00:00:00+00:00,1,34.738,33.0151,2026-02-04 00:00:00+00:00,20.6449,8.69609,171,0.20163
TVC:SILVER,2026-03-22 00:00:00+00:00,-1,67.897,81.3805,2026-04-16 00:00:00+00:00,-1.01289,-0.273169,19,-0.0503554
TVC:SILVER,2026-06-07 00:00:00+00:00,-1,67.6234,75.6138,2026-08-04 00:00:00+00:00,0.659819,-0.208678,41,-0.0846303
