coin,vol_24h_musd,history_days,last_day,last_close,trigger,exit_level,atr20,status,entry_day,entry,stop,open_R,days,to_trigger
BTC,14987,399,2026-09-30,83576.9,86578.7,75599.9,2279.6,in trend,2026-09-22,86578.8,81734.5,-0.619679,9,
ETH,8435.29,399,2026-09-30,2684.68,2774.5,2397.15,94.2904,in trend,2026-07-23,1933.31,1788.85,5.2011,70,
SOL,2504.92,399,2026-09-30,118.05,122.1,96.82,5.24551,in trend,2026-09-19,112.73,102.594,0.524858,12,
ZEC,2268.05,399,2026-09-30,1438.11,1652.73,1062.13,123.106,in trend,2026-08-22,734.34,657.239,9.12785,40,
QNT,1299.93,399,2026-09-30,286.86,286.86,61.04,28.6187,in trend,2026-09-23,73.75,67.2049,32.5604,8,
HYPE,1222.74,399,2026-09-30,90.965,97.21,76.955,4.74826,in trend,2026-09-19,92.6,82.9343,-0.169155,12,
XRP,1059.56,399,2026-09-30,1.4892,1.572,1.2826,0.0853432,in trend,2026-09-22,1.5362,1.37215,-0.286503,9,
MOVR,940.834,399,2026-09-30,2.1752,2.1752,0.7235,0.166355,in trend,2026-09-30,1.2489,1.02371,4.11343,1,
NEAR,938.243,399,2026-09-30,5.339,5.386,2.296,0.423718,in trend,2026-09-05,2.172,1.8916,11.2946,26,
DOGE,564.628,399,2026-09-30,0.0945,0.1004,0.08003,0.00544941,in trend,2026-09-22,0.09987,0.089878,-0.537432,9,
SUI,482.973,399,2026-09-30,1.1636,1.2633,0.6865,0.0801353,in trend,2026-09-20,0.8575,0.757586,3.06364,11,
ENA,444.422,399,2026-09-30,0.26473,0.2723,0.13601,0.0213758,in trend,2026-09-20,0.20434,0.172853,1.91795,11,
WLD,403.886,399,2026-09-30,0.5353,0.5448,0.3623,0.0479657,in trend,2026-09-07,0.42,0.354157,1.75113,24,
ARK,348.085,399,2026-09-30,0.2301,0.2615,0.1147,0.0334395,in trend,2026-08-27,0.1121,0.100725,10.3738,35,
PUMP,331.623,399,2026-09-30,0.005923,0.005923,0.003471,0.000524754,in trend,2026-09-30,0.005885,0.00483846,0.0363103,1,
BNB,308.408,399,2026-09-30,769.73,799.78,712.54,23.4801,in trend,2026-08-09,601,572.108,5.84011,53,
UNI,276.355,399,2026-09-30,8.876,10.233,6.008,0.756667,in trend,2026-08-24,4.525,3.93787,7.41068,38,
LINK,258.924,399,2026-09-30,14.359,15.443,10.88,0.812531,in trend,2026-09-26,13.924,12.4476,0.294636,5,
AVAX,241.125,399,2026-09-30,10.933,11.433,7.265,0.687157,in trend,2026-08-21,7.293,6.64279,5.59822,41,
ONDO,222.252,399,2026-09-30,0.4995,0.5878,0.3279,0.0402591,in trend,2026-09-20,0.4203,0.369238,1.55107,11,
ADA,221.018,399,2026-09-30,0.2466,0.2586,0.1952,0.0151838,in trend,2026-09-22,0.2451,0.217221,0.0538046,9,
AAVE,199.584,399,2026-09-30,159.37,165.21,119.45,10.0752,in trend,2026-09-22,145.81,129.123,0.812614,9,
TAO,187.075,399,2026-09-30,300.79,320.89,217.8,21.0677,in trend,2026-08-22,230.06,209.362,3.41724,40,
HBAR,174.829,399,2026-09-30,0.10473,0.122,0.07385,0.00729767,in trend,2026-09-21,0.08647,0.0785674,2.31064,10,
TRUMP,167.747,399,2026-09-30,2.052,2.735,1.88,0.188929,flat,,,,,,0.332846
ASTER,129.942,377,2026-09-30,0.7573,0.7866,0.6796,0.0412969,flat,,,,,,0.0386901
ARB,120.499,399,2026-09-30,0.20288,0.2352,0.13294,0.0201611,in trend,2026-09-01,0.10937,0.0956081,6.79485,30,
LTC,120.124,399,2026-09-30,67.19,72.54,51.24,3.2849,in trend,2026-09-19,58.17,53.7062,2.02071,12,
XLM,119.886,399,2026-09-30,0.22632,0.23234,0.17596,0.0131846,in trend,2026-09-22,0.21557,0.192455,0.465071,9,
PENGU,113.367,399,2026-09-30,0.009606,0.010285,0.006845,0.000836005,in trend,2026-09-23,0.010057,0.00869759,-0.331763,8,
BCH,104.696,399,2026-09-30,306.14,345.34,216.64,20.1415,flat,,,,,,0.128046
FIL,102.009,399,2026-09-30,1.0426,1.1402,0.7854,0.0885643,in trend,2026-09-08,0.8365,0.725246,1.85251,23,
ZRO,94.2806,399,2026-09-30,1.7396,1.7396,0.9829,0.140512,in trend,2026-09-23,1.3898,1.18209,1.68411,8,
PAXG,83.5182,399,2026-09-30,4164.25,4671.72,4138.09,68.4292,flat,,,,,,0.121863
NIGHT,78.4726,295,2026-09-30,0.03912,0.03912,0.01979,0.00236834,in trend,2026-09-20,0.0249,0.0216451,4.36879,11,
XPL,75.8818,399,2026-09-30,0.09485,0.11466,0.07775,0.0108405,in trend,2026-09-25,0.11078,0.0900853,-0.769761,6,
PHA,74.1385,399,2026-09-30,0.07915,0.0867,0.02554,0.00909277,in trend,2026-09-18,0.03094,0.0262111,10.1947,13,
FET,71.0953,399,2026-09-30,0.229,0.2474,0.1507,0.0171614,in trend,2026-09-19,0.1856,0.160746,1.74618,12,
DOT,68.2112,399,2026-09-30,1.2228,1.2672,0.9437,0.082725,in trend,2026-09-07,0.9783,0.881524,2.52645,24,
CRV,61.8369,399,2026-09-30,0.3945,0.3945,0.3198,0.029978,in trend,2026-08-09,0.2265,0.204551,7.65407,53,
0G,59.7207,379,2026-09-30,0.3109,0.3279,0.1867,0.0257147,in trend,2026-09-20,0.2279,0.191945,2.30844,11,
APT,57.8855,399,2026-09-30,0.77,0.872,0.5472,0.0633492,in trend,2026-09-19,0.7311,0.637857,0.417191,12,
DASH,56.2519,399,2026-09-30,60.52,71.82,50.38,5.93807,in trend,2026-09-01,44.86,38.6256,2.51187,30,
ICP,53.7872,399,2026-09-30,3.333,3.436,2.48,0.221746,in trend,2026-09-06,2.667,2.35382,2.1266,25,
NIL,52.696,399,2026-09-30,0.08626,0.126,0.04029,0.0133647,in trend,2026-09-21,0.06164,0.0506937,2.24915,10,
STX,52.6051,399,2026-09-30,0.3717,0.3717,0.2347,0.0267432,in trend,2026-08-22,0.1898,0.171268,9.81535,40,
INJ,52.546,399,2026-09-30,7.411,8.186,5.408,0.613102,in trend,2026-09-19,6.676,5.70765,0.759022,12,
XAUT,52.295,189,2026-09-30,4157.83,4662,4131.28,67.2702,flat,,,,,,0.121258
GTC,51.5406,399,2026-09-30,0.09404,0.09404,0.07477,0.0067694,in trend,2026-09-26,0.09309,0.0828818,0.0930628,5,
TRX,51.3636,399,2026-09-30,0.33723,0.34496,0.33276,0.0052139,flat,,,,,,0.022922
LDO,45.7441,399,2026-09-30,0.4574,0.4942,0.3358,0.0374295,in trend,2026-09-21,0.4194,0.36434,0.690154,10,
ETHFI,45.3003,399,2026-09-30,0.7847,0.7847,0.5851,0.0662152,in trend,2026-08-16,0.4778,0.416946,5.04326,46,
BERA,45.1702,399,2026-09-30,0.2537,0.2537,0.1774,0.0187241,in trend,2026-09-19,0.1989,0.170352,1.91955,12,
SEI,42.0477,399,2026-09-30,0.0735,0.07903,0.04205,0.00479351,in trend,2026-09-21,0.05334,0.0475994,3.51183,10,
ETC,39.8043,399,2026-09-30,8.888,9.592,7.188,0.568604,in trend,2026-09-22,8.894,7.95673,-0.00640158,9,
OP,39.6365,399,2026-09-30,0.12953,0.14926,0.0936,0.010767,in trend,2026-09-19,0.12056,0.104239,0.549601,12,
WIF,38.4546,399,2026-09-30,0.2488,0.2553,0.1779,0.0191888,in trend,2026-09-22,0.245,0.212087,0.115456,9,
VIRTUAL,37.6925,399,2026-09-30,0.8048,0.8406,0.5847,0.0565042,in trend,2026-09-26,0.7965,0.690844,0.0785568,5,
NOM,34.8182,365,2026-09-30,0.002346,0.002352,0.001552,0.000246287,in trend,2026-09-24,0.001988,0.00166658,1.11382,7,
TIA,34.025,399,2026-09-30,0.442,0.5205,0.3254,0.0368708,flat,,,,,,0.177602
NMR,31.8669,399,2026-09-30,11.265,14.112,8.637,0.910136,in trend,2026-09-22,9.487,8.65487,2.13669,9,
GRAM,30.5707,91,2026-09-30,1.5,1.634,1.316,0.0828014,flat,,,,,,0.0893333
LSK,29.9092,399,2026-09-30,0.28508,0.77947,0.14071,0.115255,in trend,2026-08-24,0.09297,0.0794874,14.2488,38,
ALGO,28.9298,399,2026-09-30,0.12389,0.1359,0.08862,0.008312,in trend,2026-09-20,0.10499,0.0928303,1.55432,11,
WLFI,28.0416,399,2026-09-30,0.05515,0.06253,0.0543,0.00291353,flat,,,,,,0.133817
ZEN,27.8402,399,2026-09-30,7.319,8.323,6.125,0.687338,in trend,2026-08-21,4.443,4.02568,6.89162,41,
JTO,27.0262,399,2026-09-30,0.5295,0.6508,0.4184,0.0495967,flat,,,,,,0.229084
JUP,26.1971,399,2026-09-30,0.3297,0.3719,0.2157,0.0259067,in trend,2026-09-20,0.2814,0.239613,1.15585,11,
POL,25.173,399,2026-09-30,0.1139,0.12256,0.09296,0.00781167,flat,,,,,,0.0760316
ONE,23.0488,399,2026-09-30,0.002199,0.0042209,0.0006588,0.000555178,flat,,,,,,0.919463
ZAMA,22.8121,265,2026-09-30,0.07844,0.10167,0.04659,0.0087892,in trend,2026-09-19,0.05994,0.0488748,1.67191,12,
AERO,22.7239,399,2026-09-30,0.8252,0.8672,0.5251,0.0586305,in trend,2026-09-06,0.5502,0.482474,4.06049,25,
MUBARAK,22.3612,399,2026-09-30,0.0605,0.0787,0.02885,0.00846775,in trend,2026-08-05,0.01349,0.0114723,23.2983,57,
SAGA,21.1275,399,2026-09-30,0.02502,0.0743,0.01637,0.00824841,in trend,2026-09-11,0.01734,0.0143711,2.58678,20,
SOMI,20.8571,399,2026-09-30,0.2244,0.2244,0.1401,0.0151941,in trend,2026-09-06,0.1243,0.104893,5.15786,25,
ATOM,20.8569,399,2026-09-30,1.744,1.884,1.517,0.11124,in trend,2026-09-27,1.864,1.64884,-0.557712,4,
RENDER,20.4124,399,2026-09-30,1.913,2.053,1.318,0.119286,in trend,2026-09-20,1.574,1.40375,1.99117,11,
PLUME,19.7574,399,2026-09-30,0.01883,0.01924,0.01241,0.00149261,in trend,2026-09-22,0.01511,0.012867,1.65848,9,
EIGEN,19.6864,399,2026-09-30,0.2451,0.276,0.1922,0.0214296,in trend,2026-09-19,0.2324,0.197785,0.366888,12,
RUNE,19.3857,399,2026-09-30,0.7991,0.7991,0.4886,0.0487053,in trend,2026-08-22,0.4722,0.436425,9.13772,40,
MORPHO,18.9529,399,2026-09-30,2.4931,2.9078,2.0808,0.198672,flat,,,,,,0.166339
PENDLE,18.6233,399,2026-09-30,2.3846,2.7097,2.01,0.184747,in trend,2026-08-22,1.6544,1.48304,4.26114,40,
STRK,18.4134,399,2026-09-30,0.0431,0.04846,0.02661,0.00368526,flat,,,,,,0.124362
PROM,18.189,399,2026-09-30,6.448,6.897,4.942,0.66754,in trend,2026-07-08,1.219,1.05451,31.7883,85,
REZ,17.7366,399,2026-09-30,0.004771,0.004771,0.003239,0.000429596,in trend,2026-08-24,0.003111,0.00267812,3.83482,38,
AR,17.6294,399,2026-09-30,4.109,4.795,2.502,0.415114,in trend,2026-09-04,2.616,2.30118,4.74242,27,
GALA,17.1807,399,2026-09-30,0.002315,0.002322,0.001624,0.000171129,in trend,2026-09-27,0.00225,0.00192236,0.198387,4,
TRB,16.9141,399,2026-09-30,21.157,21.157,16.436,1.43968,in trend,2026-09-23,20.569,18.1351,0.241587,8,
KSM,16.266,399,2026-09-30,5.167,5.167,3.686,0.314105,in trend,2026-08-22,3.596,3.27931,4.96069,40,
COTI,16.1714,399,2026-09-30,0.013217,0.025294,0.013073,0.00222068,flat,,,,,,0.913747
SUSHI,14.9045,399,2026-09-30,0.2714,0.2714,0.2073,0.0201873,in trend,2026-08-21,0.1815,0.163368,4.95795,41,
CAKE,14.4595,399,2026-09-30,2.5943,2.8299,2.1873,0.147383,in trend,2026-08-19,1.5286,1.43828,11.7987,43,
BLUR,14.0016,399,2026-09-30,0.02116,0.02118,0.01657,0.00140773,in trend,2026-09-06,0.0169,0.0149453,2.17931,25,
RARE,13.523,399,2026-09-30,0.0171,0.0216,0.01138,0.00192083,in trend,2026-09-26,0.01577,0.0137434,0.656275,5,
HUMA,13.2089,399,2026-09-30,0.032353,0.032353,0.022611,0.00238857,in trend,2026-09-27,0.028901,0.0244792,0.780678,4,
SKY,12.6609,387,2026-09-30,0.07764,0.08234,0.05721,0.00559518,in trend,2026-09-25,0.07325,0.0636761,0.458539,6,
PYTH,12.6022,399,2026-09-30,0.07716,0.08334,0.05082,0.00559744,in trend,2026-09-03,0.05728,0.0493626,2.51094,28,
CHIP,12.3897,168,2026-09-30,0.04321,0.05908,0.03653,0.00558031,flat,,,,,,0.367276
SAND,12.0809,399,2026-09-30,0.04386,0.04907,0.03342,0.00278377,flat,,,,,,0.118787
KAITO,12.0114,399,2026-09-30,0.3499,0.455,0.2862,0.0336287,flat,,,,,,0.300372
ONG,11.9916,399,2026-09-30,0.09628,0.20012,0.07444,0.0106936,flat,,,,,,1.07852
ACE,11.8157,399,2026-09-30,0.18559,0.25344,0.14935,0.0249139,flat,,,,,,0.365591
GRT,11.795,399,2026-09-30,0.02923,0.03591,0.01725,0.00217825,in trend,2026-09-06,0.01817,0.0161188,5.39207,25,
INIT,11.4572,399,2026-09-30,0.1037,0.1037,0.06471,0.00753556,in trend,2026-09-01,0.0588,0.0513808,6.05183,30,
CELO,11.4444,399,2026-09-30,0.10011,0.10011,0.0748,0.00678502,in trend,2026-08-22,0.07407,0.0670957,3.73373,40,
2Z,10.5461,364,2026-09-30,0.05968,0.07153,0.04566,0.00514867,flat,,,,,,0.198559
ORDI,10.258,399,2026-09-30,4.628,4.953,3.907,0.352165,in trend,2026-09-19,4.601,3.98319,0.043703,12,
RED,9.88494,399,2026-09-30,0.1759,0.1759,0.1269,0.0128438,in trend,2026-09-06,0.1261,0.105108,2.3723,25,
COMP,9.79071,399,2026-09-30,24.75,24.77,18.76,1.40455,in trend,2026-08-18,17.72,16.4309,5.45359,44,
BOME,9.54046,399,2026-09-30,0.001002,0.0012217,0.0008272,9.61422e-05,flat,,,,,,0.219261
AXS,9.48132,399,2026-09-30,1.1564,1.1881,0.9087,0.0672468,in trend,2026-09-22,1.0834,0.976727,0.684335,9,
VTHO,9.48089,399,2026-09-30,0.0006831,0.0007961,0.0005742,8.28334e-05,in trend,2026-08-27,0.0004028,0.000366045,7.62611,35,
DYDX,9.47408,399,2026-09-30,0.1439,0.1439,0.1055,0.0100451,in trend,2026-09-19,0.1267,0.11048,1.06044,12,
MET,9.22621,355,2026-09-30,0.3164,0.3804,0.1962,0.0329965,in trend,2026-08-20,0.2,0.173209,4.34471,42,
ENS,9.08226,399,2026-09-30,6.992,7.18,5.315,0.467718,in trend,2026-09-19,6.264,5.44425,0.888081,12,
SYRUP,8.77127,399,2026-09-30,0.22579,0.23397,0.19738,0.0175668,in trend,2026-09-04,0.21268,0.184045,0.457834,27,
EPIC,8.71246,399,2026-09-30,0.5368,0.6201,0.3431,0.0652941,flat,,,,,,0.155179
SPK,8.672,399,2026-09-30,0.02491,0.02522,0.01807,0.00197573,in trend,2026-09-26,0.02396,0.0203702,0.26464,5,
S,8.49449,399,2026-09-30,0.04068,0.04327,0.02542,0.00302023,in trend,2026-09-19,0.03237,0.0280148,1.90805,12,
CVC,8.43761,399,2026-09-30,0.03132,0.03149,0.02131,0.00260905,in trend,2026-09-04,0.02084,0.0186883,4.87062,27,
MINA,8.42067,399,2026-09-30,0.14448,0.15624,0.0804,0.0117326,in trend,2026-08-22,0.05595,0.0507536,17.0368,40,
ROBO,8.29426,216,2026-09-30,0.00903,0.01656,0.00816,0.001144,flat,,,,,,0.833887
W,8.22376,399,2026-09-30,0.01347,0.015646,0.009142,0.00103524,in trend,2026-09-19,0.011031,0.00960724,1.71307,12,
NEIRO,8.20817,399,2026-09-30,9.202e-05,0.00010427,7.842e-05,7.57754e-06,flat,,,,,,0.133123
FF,8.12675,367,2026-09-30,0.13012,0.16854,0.12294,0.0131867,flat,,,,,,0.295266
FLOW,8.01273,399,2026-09-30,0.03118,0.03322,0.02644,0.00235927,in trend,2026-09-22,0.03318,0.0292981,-0.515215,9,
G,7.96743,399,2026-09-30,0.004725,0.010569,0.003685,0.00095576,in trend,2026-08-16,0.003776,0.003312,2.04527,46,
GIGGLE,7.85426,357,2026-09-30,37.79,42.11,33.87,3.22669,in trend,2026-09-23,42.12,35.5644,-0.660508,8,
CHZ,7.83691,399,2026-09-30,0.01626,0.01714,0.01361,0.000978262,in trend,2026-09-14,0.01482,0.013138,0.856125,17,
JASMY,7.81836,399,2026-09-30,0.005076,0.005343,0.003598,0.000369086,in trend,2026-09-28,0.005341,0.00465523,-0.386428,3,
KITE,7.75713,337,2026-09-30,0.14202,0.15401,0.10062,0.0107227,flat,,,,,,0.0844247
RE,7.43176,105,2026-09-30,0.4819,0.5515,0.4171,0.0395206,flat,,,,,,0.144428
TUT,7.37416,399,2026-09-30,0.02438,0.06699,0.01894,0.00659812,flat,,,,,,1.74774
VET,7.3417,399,2026-09-30,0.008852,0.009511,0.007059,0.000595029,in trend,2026-08-21,0.005166,0.00476066,9.09371,41,
PEOPLE,7.16663,399,2026-09-30,0.009378,0.011359,0.007519,0.000752388,flat,,,,,,0.211239
ALICE,7.13542,399,2026-09-30,0.1689,0.1689,0.1282,0.0113409,in trend,2026-09-26,0.1607,0.140191,0.399822,5,
IOTA,6.86132,399,2026-09-30,0.05369,0.05572,0.03872,0.00341525,in trend,2026-09-20,0.0478,0.0418608,0.991719,11,
EGLD,6.77093,399,2026-09-30,4.491,5.295,3.764,0.358033,flat,,,,,,0.179025
APE,6.64254,399,2026-09-30,0.1506,0.1641,0.1233,0.0100525,flat,,,,,,0.0896414
GPS,6.30187,399,2026-09-30,0.010721,0.018459,0.009361,0.0011265,flat,,,,,,0.721761
MOVE,6.25215,399,2026-09-30,0.009251,0.009763,0.007682,0.000697909,in trend,2026-09-26,0.009761,0.00835632,-0.363072,5,
BIO,6.19835,399,2026-09-30,0.03104,0.03307,0.02497,0.00226341,flat,,,,,,0.0653995
HEMI,6.18307,398,2026-09-30,0.006368,0.016384,0.006038,0.00129916,flat,,,,,,1.57286
BABY,6.12559,399,2026-09-30,0.01373,0.01413,0.01066,0.00114792,in trend,2026-09-23,0.01316,0.0108155,0.243119,8,
ESP,6.0718,233,2026-09-30,0.10511,0.10511,0.08237,0.00744333,in trend,2026-09-20,0.09571,0.0804416,0.615649,11,
CYBER,6.06041,399,2026-09-30,0.3242,0.3625,0.2709,0.0223749,flat,,,,,,0.118137
KMNO,6.00688,399,2026-09-30,0.04302,0.04994,0.02463,0.0033992,in trend,2026-08-21,0.02096,0.0189645,11.0547,41,
BANK,5.99253,399,2026-09-30,0.03171,0.03981,0.02703,0.00590812,flat,,,,,,0.25544
