coin,status,stop,entry_trigger,exit_level,last_close,last_day
BTC,flat,,86620,75644.48,83623.6,2026-09-30
ETH,flat,,2776.19,2398.26,2686.01,2026-09-30
BNB,flat,,799.41,712.06,769.27,2026-09-30
XRP,flat,,1.5727,1.2833,1.49,2026-09-30
ADA,flat,,0.2588,0.1954,0.2466,2026-09-30
SOL,flat,,122.15,96.88,118.12,2026-09-30
DOGE,flat,,0.10044,0.08008,0.09456,2026-09-30
LTC,flat,,72.59,51.27,67.25,2026-09-30
TRX,flat,,0.3449,0.3329,0.3374,2026-09-30
LINK,flat,,15.452,10.887,14.366,2026-09-30
DOT,flat,,1.268,0.945,1.223,2026-09-30
AVAX,flat,,11.436,7.27,10.937,2026-09-30
BCH,flat,,345.1,216.8,306.2,2026-09-30
ETC,flat,,9.59,7.19,8.89,2026-09-30
XLM,flat,,0.2325,0.1761,0.2263,2026-09-30
ATOM,flat,,1.886,1.518,1.745,2026-09-30
FIL,flat,,1.1409,0.7859,1.0433,2026-09-30
