coin,day,f7,f3,held,note
BTC,2026-09-30,3.00301e-05,4.13267e-05,False,
ETH,2026-09-30,5.30593e-05,3.91639e-05,False,
BNB,2026-09-30,0.00010642,0.000114981,True,
XRP,2026-09-30,4.50119e-05,4.2775e-05,False,
ADA,2026-09-30,8.20059e-05,7.35827e-05,False,
SOL,2026-09-30,2.06264e-05,2.32374e-05,False,
DOGE,2026-09-30,5.25312e-05,4.77568e-05,False,
LTC,2026-09-30,8.20759e-05,8.13571e-05,False,
TRX,2026-09-30,-0.000227011,-0.000156522,False,
LINK,2026-09-30,6.29668e-05,5.33897e-05,False,
DOT,2026-09-30,8.68211e-05,0.0001,False,
AVAX,2026-09-30,6.64144e-05,6.52988e-05,False,
BCH,2026-09-30,8.32848e-05,7.33172e-05,False,
ETC,2026-09-30,7.92329e-05,7.59447e-05,False,
XLM,2026-09-30,9.18623e-05,8.10119e-05,False,
ATOM,2026-09-30,7.9164e-06,-4.60794e-05,False,
FIL,2026-09-30,6.10149e-05,2.22468e-05,False,
NEAR,2026-09-30,6.86868e-05,5.28841e-05,False,
UNI,2026-09-30,6.9596e-05,9.28231e-05,False,
AAVE,2026-09-30,6.54907e-05,5.33594e-05,False,
ICP,2026-09-30,6.06368e-05,3.31815e-05,False,
APT,2026-09-30,5.7731e-05,4.21534e-05,False,
ARB,2026-09-30,9.92333e-06,3.05443e-05,False,
SUI,2026-09-30,4.72202e-05,3.86333e-05,False,
OP,2026-09-30,-2.98062e-06,-3.72479e-06,False,
INJ,2026-09-30,2.25042e-05,7.68727e-05,False,
TIA,2026-09-30,7.12526e-05,5.62989e-05,False,
SEI,2026-09-30,9.71203e-05,9.32806e-05,False,
PEPE,2026-09-30,2.45619e-06,5.45356e-05,False,
SHIB,2026-09-30,8.49643e-05,6.49167e-05,False,
HBAR,2026-09-30,7.45804e-05,8.43236e-05,False,
ALGO,2026-09-30,0.0001,0.0001,False,
FET,2026-09-30,1.6467e-05,-6.9899e-05,False,
WLD,2026-09-30,4.75858e-05,2.87627e-05,False,
IMX,2026-09-30,0.0001,0.0001,False,
STX,2026-09-30,2.28587e-05,1.59792e-05,False,
LDO,2026-09-30,4.9369e-05,6.20617e-05,False,
