uuid,symbol,source,scale,bars
9JhPYz76,FX:USDCAD,fxcm:USDCAD,0.99994,2563
nfIXhe9L,FX:AUDUSD,fxcm:AUDUSD,1.00177,1657
LF3rmaNz,FX:USDCHF,fxcm:USDCHF,0.99988,1873
bgMWJQQP,BITFINEX:BTCUSD,bitstamp:,1.00018,2640
iueMawPp,FX:USDJPY,fxcm:USDJPY,1.00025,2593
QgBVFOOX,COINBASE:BTCUSD,bitstamp:,0.99877,2640
4ph9lVUt,FX:EURUSD,fxcm:EURUSD,0.99985,2593
m0wjB7Ck,FX:AUDUSD,fxcm:AUDUSD,0.99709,5664
pQphnF7o,BITFINEX:BTCUSD,bitstamp:,0.99882,2640
io3N6vWF,FX:NZDUSD,fxcm:NZDUSD,0.99992,2561
mmqUrEd5,BITFINEX:ETHUSD,binance_usd:ETH,0.99998,2608
6ptsnod2,BITFINEX:BTCUSD,bitstamp:,1.00534,2640
