coin,year,hold,hold_n,vr,hold_prev,vr_prev,fade_edge,fade_n
AAVE,2020,1,1,,,,1.56744,1
AAVE,2021,0.5,2,1.007,1,,-0.958157,2
AAVE,2022,0.285714,7,1.03493,0.5,1.007,-0.539294,2
AAVE,2023,0.636364,11,0.929857,0.285714,1.03493,-0.927577,3
AAVE,2024,0.25,4,1.01682,0.636364,0.929857,-0.826305,2
AAVE,2025,0.166667,6,0.790183,0.25,1.01682,-0.710842,4
AAVE,2026,0,1,1.06317,0.166667,0.790183,-0.671499,2
ADA,2018,0,4,1.09187,,,-1.71426,1
ADA,2019,0.333333,3,0.843356,0,1.09187,-1.07022,4
ADA,2020,0,1,0.910844,0.333333,0.843356,-1.23005,3
ADA,2021,0,3,0.960551,0,0.910844,,
ADA,2022,0.4,5,0.881215,0,0.960551,-0.666901,4
ADA,2023,0,3,1.01378,0.4,0.881215,-0.747974,4
ADA,2024,0.333333,12,1.22963,0,1.01378,-0.158085,6
ADA,2025,0.666667,3,0.790394,0.333333,1.22963,0.19753,2
ADA,2026,0,1,1.15684,0.666667,0.790394,,
ALGO,2019,0.5,2,,,,-1.14663,4
ALGO,2020,1,2,0.952722,0.5,,1.87549,2
ALGO,2021,0.357143,14,0.830113,1,0.952722,0.866265,6
ALGO,2022,0,6,0.931007,0.357143,0.830113,-0.912467,3
ALGO,2023,0.555556,9,0.943532,0,0.931007,1.5575,4
ALGO,2024,0.2,5,1.16554,0.555556,0.943532,-0.822065,4
ALGO,2025,0.6,5,0.877847,0.2,1.16554,0.870737,2
ALGO,2026,0.888889,9,1.21905,0.6,0.877847,1.66201,5
APT,2023,0.25,4,1.11015,,,-0.634362,2
APT,2024,0.142857,14,1.01626,0.25,1.11015,-0.656732,7
APT,2025,0.25,12,0.890246,0.142857,1.01626,-0.260007,7
APT,2026,0.8125,16,0.967433,0.25,0.890246,0.489527,4
ARB,2023,1,2,0.832376,,,-1.37062,1
ARB,2024,0.2,10,0.992082,1,0.832376,-0.650451,3
ARB,2025,0.2,10,0.827594,0.2,0.992082,-0.956677,2
ARB,2026,0.5,2,1.0736,0.2,0.827594,,
ATOM,2019,0,1,1.00823,,,,
ATOM,2020,0.6,5,0.888696,0,1.00823,-0.409227,2
ATOM,2021,0.777778,9,0.826436,0.6,0.888696,2.08135,5
ATOM,2022,0.5,6,0.793709,0.777778,0.826436,-0.156237,5
ATOM,2023,1,3,0.806977,0.5,0.793709,2.86073,2
ATOM,2024,0.4,5,1.0731,1,0.806977,-1.16002,4
ATOM,2025,0.5,12,0.747555,0.4,1.0731,1.31358,8
ATOM,2026,0.6,5,1.09004,0.5,0.747555,-0.793264,3
AVAX,2020,0,1,,,,-1.00456,1
AVAX,2021,0.125,8,1.20294,0,,-1.6916,2
AVAX,2022,0,1,1.01204,0.125,1.20294,1.82802,2
AVAX,2023,0,6,1.15937,0,1.01204,-0.598369,2
AVAX,2024,0,7,1.01342,0,1.15937,0.876064,3
AVAX,2025,0.3125,16,0.85019,0,1.01342,-0.428016,7
AVAX,2026,0,3,0.816871,0.3125,0.85019,-0.968124,1
BCH,2020,0.571429,7,0.767552,,,0.89241,3
BCH,2021,0.333333,6,0.866945,0.571429,0.767552,-0.848799,4
BCH,2022,0,1,0.897108,0.333333,0.866945,-0.485548,1
BCH,2023,0.333333,6,1.25643,0,0.897108,-1.22138,4
BCH,2024,0.375,8,0.992126,0.333333,1.25643,-0.859613,4
BCH,2025,0.5,16,0.777271,0.375,0.992126,0.345949,6
BCH,2026,0.6,5,0.979375,0.5,0.777271,0.459941,2
BNB,2018,0.333333,6,0.957692,,,1.7564,1
BNB,2019,0,3,1.05873,0.333333,0.957692,-1.42445,2
BNB,2020,0.363636,11,0.844302,0,1.05873,0.0179443,7
BNB,2021,0.6,5,1.04215,0.363636,0.844302,1.04144,3
BNB,2022,0.5,6,0.936777,0.6,1.04215,0.51986,4
BNB,2023,0.75,4,0.937713,0.5,0.936777,0.961813,2
BNB,2024,0.333333,6,1.00955,0.75,0.937713,-0.41287,7
BNB,2025,0,1,0.850835,0.333333,1.00955,4.36182,1
BNB,2026,0.4,5,1.0696,0,0.850835,,
BTC,2018,0,4,1.00709,,,-0.602329,2
BTC,2019,0,1,0.965775,0,1.00709,0.0549977,2
BTC,2020,0.333333,9,0.830351,0,0.965775,1.67999,1
BTC,2021,0.363636,11,0.922376,0.333333,0.830351,-0.838805,4
BTC,2022,0.5,6,1.0065,0.363636,0.922376,-0.139259,3
BTC,2023,0.555556,9,1.15774,0.5,1.0065,0.191779,4
BTC,2024,0.5,6,0.965762,0.555556,1.15774,0.0809379,4
BTC,2025,0.625,8,0.846534,0.5,0.965762,0.451987,4
BTC,2026,0.625,8,1.0124,0.625,0.846534,0.826127,4
DOGE,2019,1,3,,,,,
DOGE,2020,0.444444,9,0.904364,1,,-0.433352,6
DOGE,2021,0,1,0.956816,0.444444,0.904364,-1.60376,1
DOGE,2022,0,1,1.08461,0,0.956816,-0.810108,1
DOGE,2023,0.571429,7,0.837809,0,1.08461,-0.801196,4
DOGE,2024,0.2,5,1.29469,0.571429,0.837809,-0.162963,3
DOGE,2025,0.6,5,0.887263,0.2,1.29469,0.214456,2
DOGE,2026,0.6,5,0.866435,0.6,0.887263,2.29574,1
DOT,2020,0.5,2,,,,0.678973,2
DOT,2021,0.666667,3,0.951876,0.5,,0.129227,5
DOT,2022,0.222222,9,0.86229,0.666667,0.951876,-0.174005,7
DOT,2023,0.181818,11,0.94155,0.222222,0.86229,-0.237774,3
DOT,2024,0.428571,7,1.05277,0.181818,0.94155,-1.06638,4
DOT,2025,0.625,8,0.849182,0.428571,1.05277,-0.190805,6
DOT,2026,0.25,12,0.831338,0.625,0.849182,-0.758062,10
ETC,2018,0.8,5,0.921772,,,-1.83092,1
ETC,2019,0,4,0.922171,0.8,0.921772,,
ETC,2020,0.666667,3,0.839922,0,0.922171,0.199976,2
ETC,2021,0,1,1.22943,0.666667,0.839922,-0.155862,2
ETC,2022,0,2,1.13912,0,1.22943,-1.01981,3
ETC,2023,0.666667,6,0.767899,0,1.13912,0.369851,2
ETC,2024,0.4,10,1.02819,0.666667,0.767899,-1.09727,6
ETC,2025,0.533333,15,0.732757,0.4,1.02819,1.1346,8
ETC,2026,,0,0.828823,0.533333,0.732757,,
ETH,2018,0,2,1.05229,,,-0.778973,2
ETH,2019,0,4,0.92696,0,1.05229,-1.46909,2
ETH,2020,0,6,0.845958,0,0.92696,-1.08695,3
ETH,2021,0.666667,9,0.890682,0,0.845958,-0.545562,5
ETH,2022,0,5,1.06446,0.666667,0.890682,-1.5484,1
ETH,2023,0.5,4,0.869504,0,1.06446,-0.704059,2
ETH,2024,0.4,5,1.07937,0.5,0.869504,1.09621,4
ETH,2025,0.333333,6,0.931221,0.4,1.07937,0.634092,2
ETH,2026,0.5,4,1.03485,0.333333,0.931221,0.0699896,3
FET,2019,0.333333,6,0.906799,,,-0.346699,4
FET,2020,0.6,5,0.9585,0.333333,0.906799,-0.44171,1
FET,2021,0.333333,3,0.941399,0.6,0.9585,0.125176,4
FET,2022,0.333333,6,0.961731,0.333333,0.941399,0.8604,2
FET,2023,0.666667,6,1.00234,0.333333,0.961731,0.230947,5
FET,2024,0.5,10,1.1161,0.666667,1.00234,1.53312,2
FET,2025,0.6,10,0.925726,0.5,1.1161,-0.157564,5
FET,2026,0.9,10,1.09774,0.6,0.925726,0.956285,6
FIL,2021,0.166667,6,0.970819,,,-1.03174,3
FIL,2022,1,1,1.02364,0.166667,0.970819,-1.23514,1
FIL,2023,0.571429,7,0.876005,1,1.02364,-0.0895246,5
FIL,2024,0.2,10,1.06746,0.571429,0.876005,-0.749882,8
FIL,2025,0.444444,9,0.907712,0.2,1.06746,-0.268207,1
FIL,2026,0.8,5,0.757607,0.444444,0.907712,-0.504453,1
HBAR,2019,1,2,,,,-1.16181,1
HBAR,2020,0.857143,7,0.885304,1,,0.612802,4
HBAR,2021,0.625,8,0.820142,0.857143,0.885304,1.22686,2
HBAR,2022,0.555556,9,0.774596,0.625,0.820142,1.05969,6
HBAR,2023,0.714286,7,0.859859,0.555556,0.774596,-0.838429,3
HBAR,2024,0.25,8,1.04704,0.714286,0.859859,-1.27272,7
HBAR,2025,0.25,8,0.90123,0.25,1.04704,0.512935,5
HBAR,2026,0.75,4,0.886842,0.25,0.90123,1.604,3
ICP,2021,,0,1.00171,,,,
ICP,2022,0.888889,9,0.828944,,1.00171,-0.952278,3
ICP,2023,0.833333,6,1.00729,0.888889,0.828944,0.813257,4
ICP,2024,0.428571,7,1.06061,0.833333,1.00729,-0.373957,3
ICP,2025,0.666667,9,1.14353,0.428571,1.06061,2.42456,6
ICP,2026,0.333333,3,1.07381,0.666667,1.14353,-1.18502,2
IMX,2022,0.555556,9,0.876452,,,-0.356587,6
IMX,2023,0.538462,13,0.940306,0.555556,0.876452,0.388182,5
IMX,2024,0.5,12,1.03831,0.538462,0.940306,-0.73534,5
IMX,2025,0.714286,7,0.917889,0.5,1.03831,-0.269931,6
IMX,2026,0.625,8,0.853327,0.714286,0.917889,-1.94957,1
INJ,2020,1,1,,,,,
INJ,2021,0.846154,13,0.733349,1,,-0.453521,4
INJ,2022,0.75,8,0.85776,0.846154,0.733349,0.542711,2
INJ,2023,0.142857,7,1.09242,0.75,0.85776,-0.772466,5
INJ,2024,0.2,5,1.00517,0.142857,1.09242,-0.914267,3
INJ,2025,0.5,8,0.851526,0.2,1.00517,-0.699764,5
INJ,2026,0.375,8,0.904324,0.5,0.851526,-0.896286,4
LDO,2022,0.5,6,1.11037,,,1.84944,2
LDO,2023,0.461538,13,0.743283,0.5,1.11037,-0.885423,5
LDO,2024,0.285714,7,0.983133,0.461538,0.743283,-1.01884,2
LDO,2025,0.5,4,0.933258,0.285714,0.983133,0.236338,5
LDO,2026,0.142857,7,0.919943,0.5,0.933258,0.979503,3
LINK,2019,0.25,4,0.973801,,,-1.37838,2
LINK,2020,0,8,0.962243,0.25,0.973801,-1.40428,4
LINK,2021,0,5,0.788993,0,0.962243,-0.905077,1
LINK,2022,0.333333,3,0.972276,0,0.788993,-0.72168,5
LINK,2023,0.333333,6,0.940716,0.333333,0.972276,-0.282329,1
LINK,2024,0.2,5,1.00344,0.333333,0.940716,-0.579162,3
LINK,2025,0.8,15,0.836849,0.2,1.00344,0.329548,6
LINK,2026,0,2,0.905477,0.8,0.836849,-1.17981,1
LTC,2018,0,2,0.862634,,,0.956985,2
LTC,2019,0.285714,7,0.993334,0,0.862634,-0.0121506,3
LTC,2020,0.5,4,0.865543,0.285714,0.993334,-0.411908,2
LTC,2021,0.857143,7,0.923027,0.5,0.865543,0.169754,3
LTC,2022,0.5,10,0.893919,0.857143,0.923027,-0.489241,4
LTC,2023,0.571429,7,0.909152,0.5,0.893919,0.258319,3
LTC,2024,0.5,4,0.914138,0.571429,0.909152,-1.14805,1
LTC,2025,0.25,8,0.822976,0.5,0.914138,-0.499939,5
LTC,2026,0.222222,9,0.87269,0.25,0.822976,1.45837,1
NEAR,2021,0,2,0.929597,,,-0.511208,2
NEAR,2022,0.571429,7,1.00322,0,0.929597,-0.107551,5
NEAR,2023,0.444444,9,1.05522,0.571429,1.00322,0.478794,5
NEAR,2024,0.125,8,0.976302,0.444444,1.05522,-0.774647,5
NEAR,2025,0.2,5,0.947112,0.125,0.976302,-0.452753,2
NEAR,2026,0.428571,7,1.02037,0.2,0.947112,0.116734,4
OP,2022,0.333333,3,0.972222,,,-0.770581,1
OP,2023,0.333333,9,0.954622,0.333333,0.972222,-1.15203,6
OP,2024,0.3,10,0.954942,0.333333,0.954622,-1.22343,6
OP,2025,0.6,5,0.845098,0.3,0.954942,-0.412937,5
OP,2026,0.727273,11,1.26758,0.6,0.845098,-0.417922,5
PAXG,2020,0.666667,3,,,,,
PAXG,2021,0.666667,6,0.944528,0.666667,,0.127219,6
PAXG,2022,0.666667,9,0.848605,0.666667,0.944528,-0.990043,5
PAXG,2023,0.166667,6,0.935406,0.666667,0.848605,-0.721297,6
PAXG,2024,0.4,5,0.898581,0.166667,0.935406,0.130556,4
PAXG,2025,0.25,4,0.908338,0.4,0.898581,-1.30472,2
PAXG,2026,0,5,0.843086,0.25,0.908338,-1.1722,3
PEPE,2023,0.5,2,0.901191,,,-0.968261,1
PEPE,2024,0.25,4,1.37511,0.5,0.901191,0.687404,1
PEPE,2025,0.142857,7,0.873083,0.25,1.37511,-0.821845,7
PEPE,2026,0.5,2,0.941096,0.142857,0.873083,2.89529,1
SEI,2023,0.5,2,,,,,
SEI,2024,0.25,8,0.93729,0.5,,0.778728,5
SEI,2025,0.625,8,0.921187,0.25,0.93729,-0.766811,5
SEI,2026,0.333333,6,1.14622,0.625,0.921187,,
SHIB,2021,0,3,1.16637,,,-0.638489,1
SHIB,2022,0.666667,3,0.857628,0,1.16637,-0.347339,3
SHIB,2023,0.375,8,0.855699,0.666667,0.857628,-1.01291,2
SHIB,2024,0.333333,9,1.37949,0.375,0.855699,0.0551444,5
SHIB,2025,0,5,0.748352,0.333333,1.37949,-0.216884,7
SHIB,2026,0,4,0.810877,0,0.748352,-0.712297,3
SOL,2020,0.428571,7,,,,-1.65086,1
SOL,2021,0.666667,3,0.874684,0.428571,,-0.525372,1
SOL,2022,0.111111,9,1.03603,0.666667,0.874684,-1.15158,3
SOL,2023,0.333333,6,1.05422,0.111111,1.03603,-0.816321,5
SOL,2024,0.142857,7,0.955905,0.333333,1.05422,-1.44831,2
SOL,2025,0.333333,6,0.815374,0.142857,0.955905,-1.85574,2
SOL,2026,0,1,1.07976,0.333333,0.815374,-1.80739,1
STX,2019,0,1,,,,-0.978153,1
STX,2020,0.416667,12,0.774813,0,,-0.0688726,3
STX,2021,0.666667,6,0.760275,0.416667,0.774813,0.759598,4
STX,2022,0.7,10,0.985258,0.666667,0.760275,-0.692542,5
STX,2023,0.125,8,1.12196,0.7,0.985258,-0.625802,6
STX,2024,0.285714,7,1.04885,0.125,1.12196,-0.929163,3
STX,2025,0.7,10,0.89435,0.285714,1.04885,-0.385696,3
STX,2026,0.625,8,1.44457,0.7,0.89435,0.383585,6
SUI,2023,0.333333,3,0.917935,,,,
SUI,2024,0.5,4,1.07868,0.333333,0.917935,,
SUI,2025,0.6,10,0.840923,0.5,1.07868,1.19653,5
SUI,2026,0.25,4,1.01268,0.6,0.840923,-0.463394,4
TIA,2023,0,1,,,,,
TIA,2024,0,3,0.847852,0,,-0.0121179,5
TIA,2025,0.5,12,0.793901,0,0.847852,-0.140823,6
TIA,2026,0.714286,7,0.945287,0.5,0.793901,-0.874547,3
TRX,2018,1,1,1.08478,,,0.0872073,1
TRX,2019,0.5,2,0.872263,1,1.08478,2.91103,1
TRX,2020,1,1,0.806347,0.5,0.872263,0.893476,2
TRX,2021,0.2,5,0.904871,1,0.806347,0.587804,3
TRX,2022,0.666667,6,0.814611,0.2,0.904871,0.351388,5
TRX,2023,0.4,5,0.712798,0.666667,0.814611,-0.351931,3
TRX,2024,0,2,0.654076,0.4,0.712798,,
TRX,2025,0.4,5,0.750435,0,0.654076,1.06927,3
TRX,2026,0,1,0.915295,0.4,0.750435,,
UNI,2021,0.285714,7,0.891023,,,-0.213854,7
UNI,2022,0.166667,6,0.956963,0.285714,0.891023,0.540474,3
UNI,2023,0.307692,13,0.82652,0.166667,0.956963,0.415921,8
UNI,2024,0.714286,7,0.924372,0.307692,0.82652,0.253456,4
UNI,2025,0.125,8,0.843458,0.714286,0.924372,-0.846593,1
UNI,2026,0.4,5,1.02992,0.125,0.843458,0.00617684,4
WLD,2023,0.25,4,,,,-1.08911,1
WLD,2024,0.5,4,1.14283,0.25,,-1.11981,2
WLD,2025,0.833333,12,0.993993,0.5,1.14283,2.1125,4
WLD,2026,0.142857,7,0.807454,0.833333,0.993993,0.835275,4
XLM,2018,0.666667,3,1.06338,,,,
XLM,2019,0.25,4,0.906475,0.666667,1.06338,0.277825,2
XLM,2020,0.25,4,0.938974,0.25,0.906475,-0.679326,3
XLM,2021,0.25,4,0.9616,0.25,0.938974,0.705576,3
XLM,2022,0.375,8,0.830058,0.25,0.9616,-0.732065,2
XLM,2023,0.3,10,0.716506,0.375,0.830058,-0.621147,4
XLM,2024,0.416667,12,1.29627,0.3,0.716506,-0.618571,5
XLM,2025,0.5,2,0.979662,0.416667,1.29627,2.71052,1
XLM,2026,1,2,1.2983,0.5,0.979662,-0.695414,2
XRP,2018,0.5,8,1.15997,,,-0.61132,2
XRP,2019,1,2,0.790572,0.5,1.15997,2.73714,1
XRP,2020,0.666667,3,1.01673,1,0.790572,1.24635,3
XRP,2021,0.5,4,0.908214,0.666667,1.01673,-0.00123241,2
XRP,2022,0.5,10,0.889807,0.5,0.908214,0.360982,2
XRP,2023,0.666667,3,0.751734,0.5,0.889807,0.0803084,2
XRP,2024,0.5,4,1.30018,0.666667,0.751734,0.256891,3
XRP,2025,0.571429,7,0.791668,0.5,1.30018,-0.539712,4
XRP,2026,1,1,1.08451,0.571429,0.791668,,
