# generated by scripts/ci/owner-chain-closure.py --write; do not hand-edit.
# <crate-dir>\t<in|out> - "in" means a change there can reach the Owner Postgres chain
# (scripts/ci/test-rd-owner-postgres.bash's guarded_roots, or something a root depends on,
# directly or transitively, including dev/build dependencies).
crates	out
crates/adapters/architect_ax	out
crates/adapters/betfair	out
crates/adapters/binance	in
crates/adapters/bitmex	out
crates/adapters/blockchain	out
crates/adapters/bybit	out
crates/adapters/coinbase	out
crates/adapters/databento	in
crates/adapters/deribit	out
crates/adapters/derive	out
crates/adapters/dydx	out
crates/adapters/fred	out
crates/adapters/hyperliquid	out
crates/adapters/interactive_brokers	out
crates/adapters/kraken	out
crates/adapters/lighter	out
crates/adapters/okx	out
crates/adapters/polymarket	out
crates/adapters/sandbox	out
crates/adapters/scheduled_events	out
crates/adapters/tardis	out
crates/analysis	in
crates/backtest	in
crates/backtest_owner	in
crates/backtest_owner_contracts	in
crates/backtest_result_custody	in
crates/backtest_statistics	in
crates/cli	out
crates/common	in
crates/core	in
crates/cryptography	in
crates/data	in
crates/event_store	out
crates/execution	in
crates/execution_owner	in
crates/indicators	in
crates/indicators/kernel	in
crates/infrastructure	out
crates/live	in
crates/market_data_repair_custody	in
crates/model	in
crates/network	in
crates/observability	out
crates/operator_authorization	in
crates/persistence	in
crates/persistence/macros	in
crates/plugin	out
crates/portfolio	in
crates/portfolio_owner	in
crates/postgres_connect	in
crates/product_edge	in
crates/product_edge_admin	out
crates/product_edge_claim_custody	in
crates/product_edge_contracts	in
crates/product_edge_routing_api	in
crates/pyo3	out
crates/qualification	in
crates/rd_artifact_invocation_custody	in
crates/rd_exploratory_replay_custody	in
crates/rd_market_data_repair_custody	in
crates/rd_source_intake_invocation_custody	in
crates/risk	in
crates/risk_owner	out
crates/runtime	out
crates/scanner	in
crates/scanner_custody	out
crates/serialization	in
crates/strategy_factory	in
crates/strategy_factory/programs/sdk	in
crates/strategy_factory_rd_owner_api	in
crates/strategy_governance	in
crates/system	in
crates/testkit	in
crates/trading	in
examples/tutorials	out
