market,period,VR6,z6,VR30,z30
BTCUSD,IS 2017-2022,1.0064996997638391,0.1733202241296045,0.9753232566819079,-0.2972726030395808
BTCUSD,OOS 2023-2026,1.01452360943943,0.3897404848752596,1.0370556234811166,0.4329924125166888
ETHUSDT,IS 2017-2022,0.998789355239044,-0.02929020299734821,1.0057416965729444,0.06457166350404228
ETHUSDT,OOS 2023-2026,1.034672870836888,0.8404724888087689,1.0440559384503363,0.4924727643998602
EURUSD,IS 2017-2022,0.9455546026612576,-1.687808621798081,0.971642135768558,-0.359937248743238
EURUSD,OOS 2023-2026,1.0068167450319743,0.1748539194521767,0.886163330561546,-1.186780484605015
GBPUSD,IS 2017-2022,0.9812725260138987,-0.4623629486154339,1.0369727106514277,0.38711081245766954
GBPUSD,OOS 2023-2026,1.00090415773046,0.02291999565366244,0.9117566482309426,-0.9347606025098727
USDJPY,IS 2017-2022,0.9832088824765114,-0.403630308194262,0.952035479257561,-0.5051721620896057
USDJPY,OOS 2023-2026,1.009972273270835,0.23852660545883134,0.9161734470311133,-0.8319125782931673
AUDUSD,IS 2017-2022,0.9756619519344141,-0.4961901220976526,0.9834824521304141,-0.1492644590546669
AUDUSD,OOS 2023-2026,1.0014537140000106,0.035619439650242696,0.8664669318147961,-1.3408227050369095
NZDUSD,IS 2017-2022,0.9572768948309103,-0.9407863910308484,0.9552971325987124,-0.4281987270528967
NZDUSD,OOS 2023-2026,1.0386669616118565,1.0205355230293982,0.9479318171514941,-0.5626660864379238
USDCAD,IS 2017-2022,0.9663646320273075,-1.0592054238511805,0.908247220745766,-1.164570810771466
USDCAD,OOS 2023-2026,0.9723998786302785,-0.6692658175223637,0.8628946519231878,-1.3776063337073425
USDCHF,IS 2017-2022,0.9549082750733062,-1.3551470056072632,1.0205803627673862,0.2571264204375463
USDCHF,OOS 2023-2026,1.0234246173035288,0.5672016816789541,0.9509102735251496,-0.47620209829827104
GBPJPY,IS 2017-2022,0.966139355791552,-0.9315979632993755,1.0147676460074257,0.17251263883171838
GBPJPY,OOS 2023-2026,0.9538122350985897,-1.0106489025527126,0.8381441099847007,-1.5016921439785105
EURAUD,IS 2017-2022,0.9910138265169703,-0.12167531119431835,0.8992181532377124,-0.7544576314998152
EURAUD,OOS 2023-2026,0.9427093120953569,-1.0035651182400347,0.841500970592741,-1.0985566952379386
