entry_time,exit_time,side,entry,exit,why,R,pnl_pct
2017-01-04 12:00:00+00:00,2017-01-04 16:00:00+00:00,L,1080.14,1135.1800000000005,target,2.0,0.0197571570848082
2017-01-11 12:00:00+00:00,2017-01-16 12:00:00+00:00,S,833.08,831.99,time,0.013899515429737726,7.534349149369656e-05
2017-01-17 08:00:00+00:00,2017-01-22 08:00:00+00:00,L,879.0,929.98,time,1.5931250000000006,0.015759476108656162
2017-01-31 08:00:00+00:00,2017-01-31 20:00:00+00:00,L,934.35,968.0500000000001,target,2.0,0.019661835383699974
2017-02-07 08:00:00+00:00,2017-02-08 08:00:00+00:00,L,1046.65,1026.76,stop,-1.0,-0.01031298765868264
2017-02-21 00:00:00+00:00,2017-02-22 12:00:00+00:00,L,1084.0,1134.98,target,2.0,0.019737877408970893
2017-02-24 00:00:00+00:00,2017-02-24 04:00:00+00:00,L,1183.53,1157.5,stop,-1.0,-0.010269609156479056
2017-03-16 20:00:00+00:00,2017-03-17 00:00:00+00:00,S,1188.62,1123.0599999999995,target,2.0,0.019798744328886675
2017-03-18 00:00:00+00:00,2017-03-18 12:00:00+00:00,S,1068.16,952.1200000000001,target,2.0,0.019903737370849023
2017-03-18 16:00:00+00:00,2017-03-21 12:00:00+00:00,S,974.05,1088.87,stop,-1.0,-0.010057411587968504
2017-03-31 16:00:00+00:00,2017-04-05 16:00:00+00:00,L,1079.78,1131.2,time,1.2118783879330661,0.011960647872028177
2017-04-26 16:00:00+00:00,2017-04-26 20:00:00+00:00,L,1308.74,1282.77,stop,-1.0,-0.010299480017284054
2017-04-27 16:00:00+00:00,2017-04-28 08:00:00+00:00,L,1330.99,1304.05,stop,-1.0,-0.010293485640635373
2017-05-01 16:00:00+00:00,2017-05-02 08:00:00+00:00,L,1389.94,1477.0800000000004,target,2.0,0.019800382099117952
2017-05-22 08:00:00+00:00,2017-05-22 08:00:00+00:00,L,2121.66,2050.0,stop,-1.0,-0.010173451125117007
2017-05-22 16:00:00+00:00,2017-05-22 20:00:00+00:00,L,2171.93,2080.0,stop,-1.0,-0.010137192468559006
2017-05-25 04:00:00+00:00,2017-05-25 16:00:00+00:00,L,2565.0,2420.0,stop,-1.0,-0.010101210052570407
2017-06-12 12:00:00+00:00,2017-06-15 04:00:00+00:00,S,2736.12,2303.16,target,2.0,0.019937677158459722
2017-06-24 20:00:00+00:00,2017-06-29 20:00:00+00:00,S,2531.21,2541.59,time,-0.07846991230722807,-0.0009000847431283431
2017-07-10 16:00:00+00:00,2017-07-14 16:00:00+00:00,S,2394.0,2187.1800000000003,target,2.0,0.019875857429804872
2017-07-15 04:00:00+00:00,2017-07-16 12:00:00+00:00,S,2094.15,1842.4700000000007,target,2.0,0.01991414017148634
2017-07-20 12:00:00+00:00,2017-07-20 20:00:00+00:00,L,2461.92,2775.84,target,2.0,0.01989576230027226
2017-07-21 00:00:00+00:00,2017-07-21 16:00:00+00:00,L,2880.0,2644.01,stop,-1.0,-0.010067960652400836
2017-08-05 04:00:00+00:00,2017-08-10 04:00:00+00:00,L,3101.0,3397.0,time,1.1714421402564517,0.011634614823663967
2017-09-04 08:00:00+00:00,2017-09-05 00:00:00+00:00,S,4379.96,4054.8399999999992,target,2.0,0.01985354765297409
2017-09-13 04:00:00+00:00,2017-09-14 12:00:00+00:00,S,3951.62,3496.579999999999,target,2.0,0.01990986540670724
2017-09-25 16:00:00+00:00,2017-09-30 04:00:00+00:00,L,3930.01,4288.47,target,2.0,0.019859049587573608
2017-10-08 16:00:00+00:00,2017-10-09 16:00:00+00:00,L,4568.45,4813.509999999999,target,2.0,0.01976871634990004
2017-10-12 08:00:00+00:00,2017-10-12 20:00:00+00:00,L,5018.23,5393.8099999999995,target,2.0,0.01983084421121506
2017-10-18 08:00:00+00:00,2017-10-18 20:00:00+00:00,S,5289.5,5540.0,stop,-1.0,-0.010133978531244097
2017-10-20 16:00:00+00:00,2017-10-23 12:00:00+00:00,L,5964.24,5635.0,stop,-1.0,-0.01010378923746668
2017-11-29 04:00:00+00:00,2017-11-29 12:00:00+00:00,L,10263.96,11057.939999999999,target,2.0,0.019835950357455313
2017-12-07 16:00:00+00:00,2017-12-08 08:00:00+00:00,L,15698.49,14120.0,stop,-1.0,-0.010054271500791056
2018-01-05 12:00:00+00:00,2018-01-08 12:00:00+00:00,L,16034.93,14921.76,stop,-1.0,-0.010081299781361176
2018-01-11 04:00:00+00:00,2018-01-16 04:00:00+00:00,S,13269.73,12429.09,time,0.4935244871840028,0.004891692162812742
2018-01-30 16:00:00+00:00,2018-02-01 16:00:00+00:00,S,10270.72,8812.359999999999,target,2.0,0.01992917244260668
2018-03-06 12:00:00+00:00,2018-03-07 16:00:00+00:00,S,10928.28,10170.160000000002,target,2.0,0.019842452654648287
2018-04-21 00:00:00+00:00,2018-04-24 20:00:00+00:00,L,8865.78,9637.340000000002,target,2.0,0.01985284884115608
2018-05-16 04:00:00+00:00,2018-05-20 16:00:00+00:00,S,8164.7,8505.33,stop,-1.0,-0.010151276378350345
2018-05-23 00:00:00+00:00,2018-05-23 16:00:00+00:00,S,7983.98,7541.939999999999,target,2.0,0.01979955133169418
2018-06-10 04:00:00+00:00,2018-06-10 16:00:00+00:00,S,7285.14,6859.420000000001,target,2.0,0.019810717951341993
2018-06-12 20:00:00+00:00,2018-06-17 20:00:00+00:00,S,6511.81,6453.41,time,0.22605868235658713,0.0021110243072508025
2018-06-22 08:00:00+00:00,2018-06-22 12:00:00+00:00,S,6513.81,6181.410000000001,target,2.0,0.019781496133838686
2018-06-24 08:00:00+00:00,2018-06-24 16:00:00+00:00,S,5884.26,6091.76,stop,-1.0,-0.010177879015509664
2018-06-29 00:00:00+00:00,2018-06-29 20:00:00+00:00,S,5845.2,6098.73,stop,-1.0,-0.01014573503373374
2018-07-02 16:00:00+00:00,2018-07-07 16:00:00+00:00,L,6616.98,6541.45,time,-0.2543440193965516,-0.002675966261083585
2018-07-10 12:00:00+00:00,2018-07-15 12:00:00+00:00,S,6361.74,6372.36,time,-0.04066472660438006,-0.0005531293965095754
2018-07-16 12:00:00+00:00,2018-07-17 16:00:00+00:00,L,6627.99,7203.969999999999,target,2.0,0.019852653491902173
2018-07-17 20:00:00+00:00,2018-07-22 20:00:00+00:00,L,7295.13,7396.6,time,0.18067376517930323,0.0017278516246097648
2018-07-24 08:00:00+00:00,2018-07-29 08:00:00+00:00,L,8013.99,8169.1,time,0.5776263359773609,0.005594735846805874
2018-08-03 04:00:00+00:00,2018-08-03 16:00:00+00:00,S,7330.2,7535.0,stop,-1.0,-0.010222947351035329
2018-08-04 16:00:00+00:00,2018-08-09 16:00:00+00:00,S,6972.76,6471.6,time,1.156798928975372,0.01147946970783003
2018-08-21 00:00:00+00:00,2018-08-21 08:00:00+00:00,S,6260.83,6472.28,stop,-1.0,-0.01018546368758437
2018-08-28 00:00:00+00:00,2018-09-02 00:00:00+00:00,L,6911.7,7180.01,time,1.2999515503876011,0.012793364745129175
2018-09-05 12:00:00+00:00,2018-09-08 16:00:00+00:00,S,6988.58,6195.32,target,2.0,0.019908385316442852
2018-09-08 20:00:00+00:00,2018-09-09 08:00:00+00:00,S,6180.01,6429.23,stop,-1.0,-0.010156295546297385
2018-09-17 16:00:00+00:00,2018-09-19 16:00:00+00:00,S,6259.48,6473.61,stop,-1.0,-0.010183178949375708
2018-11-04 16:00:00+00:00,2018-11-09 08:00:00+00:00,L,6430.89,6336.95,stop,-1.0,-0.010409019965663634
2018-11-14 16:00:00+00:00,2018-11-14 16:00:00+00:00,S,6057.97,5726.1100000000015,target,2.0,0.01979728155262076
2018-11-14 20:00:00+00:00,2018-11-19 20:00:00+00:00,S,5529.34,4735.44,time,1.4114530552740594,0.014064846082273225
2018-11-20 00:00:00+00:00,2018-11-20 20:00:00+00:00,S,4732.92,4131.300000000001,target,2.0,0.019919476958031
2018-12-07 00:00:00+00:00,2018-12-12 00:00:00+00:00,S,3437.22,3343.51,time,0.4686671667916952,0.004586814380298776
2018-12-17 16:00:00+00:00,2018-12-19 00:00:00+00:00,L,3396.5,3712.5600000000004,target,2.0,0.01986160475633316
2018-12-24 04:00:00+00:00,2018-12-25 00:00:00+00:00,L,4171.02,3944.84,stop,-1.0,-0.010105765090148723
2018-12-25 04:00:00+00:00,2018-12-30 04:00:00+00:00,S,3732.0,3752.0,time,-0.06304573968414084,-0.0007014711954828019
2019-01-06 20:00:00+00:00,2019-01-10 04:00:00+00:00,L,4052.69,3820.08,stop,-1.0,-0.010099591862300273
2019-01-10 08:00:00+00:00,2019-01-15 08:00:00+00:00,S,3803.42,3648.06,time,0.6673539518900357,0.0065801623828490715
2019-02-08 16:00:00+00:00,2019-02-08 16:00:00+00:00,L,3451.74,3578.459999999999,target,2.0,0.01966755940355072
2019-02-18 16:00:00+00:00,2019-02-23 16:00:00+00:00,L,3807.36,4038.48,target,2.0,0.019794230724937325
2019-02-23 20:00:00+00:00,2019-02-24 12:00:00+00:00,L,4095.54,3920.0,stop,-1.0,-0.010135405376260728
2019-02-24 16:00:00+00:00,2019-03-01 16:00:00+00:00,S,3778.41,3828.65,time,-0.14135389117100958,-0.0014782663130305585
2019-03-05 16:00:00+00:00,2019-03-10 16:00:00+00:00,L,3823.77,3882.61,time,0.5871669494062481,0.005640492442617754
2019-03-16 04:00:00+00:00,2019-03-21 04:00:00+00:00,L,3951.37,4035.32,time,1.6066985645933067,0.015610682899608364
2019-03-29 12:00:00+00:00,2019-04-02 04:00:00+00:00,L,4097.8,4260.080000000001,target,2.0,0.01969094968501005
2019-05-03 08:00:00+00:00,2019-05-04 20:00:00+00:00,L,5584.31,5843.2300000000005,target,2.0,0.019734295029557074
2019-05-11 04:00:00+00:00,2019-05-11 16:00:00+00:00,L,6548.39,6967.31,target,2.0,0.019804135640326147
2019-05-12 08:00:00+00:00,2019-05-12 08:00:00+00:00,L,7526.34,7159.32,stop,-1.0,-0.010118284676323211
2019-05-13 16:00:00+00:00,2019-05-17 00:00:00+00:00,L,7828.6,7240.77,stop,-1.0,-0.010074711813506318
2019-05-26 20:00:00+00:00,2019-05-31 20:00:00+00:00,L,8585.77,8547.2,time,-0.06369626608095333,-0.0007217154870924022
2019-06-04 00:00:00+00:00,2019-06-09 00:00:00+00:00,S,8103.63,7892.67,time,0.44554267249572266,0.004355859193705094
2019-06-15 00:00:00+00:00,2019-06-16 04:00:00+00:00,L,8694.74,9250.26,target,2.0,0.019803901132733327
2019-06-16 08:00:00+00:00,2019-06-16 08:00:00+00:00,L,9335.0,8995.46,stop,-1.0,-0.010160634555991874
2019-06-22 00:00:00+00:00,2019-06-22 12:00:00+00:00,L,10222.13,10974.589999999998,target,2.0,0.019828213006475078
2019-06-26 04:00:00+00:00,2019-06-26 16:00:00+00:00,L,12236.16,13414.34,target,2.0,0.019865848088024655
2019-06-26 20:00:00+00:00,2019-06-26 20:00:00+00:00,L,13837.97,12770.64,stop,-1.0,-0.010072573753047796
2019-07-16 20:00:00+00:00,2019-07-18 16:00:00+00:00,S,9693.17,10520.3,stop,-1.0,-0.01007702280145884
2019-07-27 12:00:00+00:00,2019-07-31 12:00:00+00:00,S,9496.28,10097.55,stop,-1.0,-0.010101719481331279
2019-07-31 16:00:00+00:00,2019-08-02 12:00:00+00:00,L,10056.04,10638.640000000003,target,2.0,0.019784970514003866
2019-08-04 16:00:00+00:00,2019-08-05 00:00:00+00:00,L,10970.83,11602.749999999998,target,2.0,0.019783788351286708
2019-08-05 04:00:00+00:00,2019-08-10 04:00:00+00:00,L,11594.0,11819.35,time,0.3709770351469258,0.0035934379354951775
2019-08-10 12:00:00+00:00,2019-08-14 16:00:00+00:00,S,11354.97,10275.249999999998,target,2.0,0.019888310834359373
2019-08-14 20:00:00+00:00,2019-08-19 04:00:00+00:00,S,10118.33,10593.4,stop,-1.0,-0.010135086831243444
2019-08-28 20:00:00+00:00,2019-09-02 20:00:00+00:00,S,9676.74,10277.51,stop,-1.0,-0.0101036198222489
2019-09-03 16:00:00+00:00,2019-09-04 12:00:00+00:00,L,10699.32,10406.22,stop,-1.0,-0.010215261337767376
2019-09-16 16:00:00+00:00,2019-09-16 20:00:00+00:00,S,10104.93,10279.91,stop,-1.0,-0.010356082666261864
2019-09-24 20:00:00+00:00,2019-09-29 20:00:00+00:00,S,8388.99,8047.6,time,0.28833371339769037,0.0028426765678599003
2019-10-09 16:00:00+00:00,2019-10-13 20:00:00+00:00,L,8573.01,8160.0,stop,-1.0,-0.010119804709624083
2019-10-20 20:00:00+00:00,2019-10-22 20:00:00+00:00,L,8240.55,8015.14,stop,-1.0,-0.010215589070738216
2019-10-23 16:00:00+00:00,2019-10-25 12:00:00+00:00,S,7425.6,7969.27,stop,-1.0,-0.010088776484470319
2019-11-21 12:00:00+00:00,2019-11-22 08:00:00+00:00,S,7845.88,7383.760000000001,target,2.0,0.019812300309809266
2019-11-22 12:00:00+00:00,2019-11-27 12:00:00+00:00,S,7094.6,7320.0,time,-0.36348975971617453,-0.003705979285024693
2019-11-29 16:00:00+00:00,2019-12-01 00:00:00+00:00,L,7816.74,7423.33,stop,-1.0,-0.01011442096233822
2019-12-14 16:00:00+00:00,2019-12-15 04:00:00+00:00,S,7053.25,7189.46,stop,-1.0,-0.010319899368484872
2019-12-17 16:00:00+00:00,2019-12-18 16:00:00+00:00,S,6694.42,6938.77,stop,-1.0,-0.010172053185912557
2019-12-22 20:00:00+00:00,2019-12-24 16:00:00+00:00,L,7402.9,7167.01,stop,-1.0,-0.010184214745601938
2020-01-06 04:00:00+00:00,2020-01-07 00:00:00+00:00,L,7545.0,7950.08,target,2.0,0.01976890717106564
2020-01-07 20:00:00+00:00,2020-01-10 08:00:00+00:00,L,8075.24,7697.03,stop,-1.0,-0.010123404123390392
2020-01-14 04:00:00+00:00,2020-01-19 00:00:00+00:00,L,8464.35,9183.03,target,2.0,0.019849473750094115
2020-01-19 04:00:00+00:00,2020-01-19 08:00:00+00:00,L,9142.7,8880.0,stop,-1.0,-0.010204947867001072
2020-01-28 04:00:00+00:00,2020-01-28 16:00:00+00:00,L,9089.18,8894.57,stop,-1.0,-0.010277107460446659
2020-01-29 00:00:00+00:00,2020-02-03 00:00:00+00:00,L,9386.57,9370.0,time,-0.04313868423107881,-0.0005778358891518809
2020-02-11 16:00:00+00:00,2020-02-15 12:00:00+00:00,L,10211.73,9787.74,stop,-1.0,-0.010139974339208362
2020-02-25 16:00:00+00:00,2020-02-26 16:00:00+00:00,S,9388.55,8800.189999999999,target,2.0,0.019824310249398167
2020-03-05 12:00:00+00:00,2020-03-07 16:00:00+00:00,L,9113.31,8900.01,stop,-1.0,-0.010252980269693998
2020-03-08 16:00:00+00:00,2020-03-09 04:00:00+00:00,S,8405.44,7698.380000000003,target,2.0,0.01987218037088411
2020-03-12 12:00:00+00:00,2020-03-17 12:00:00+00:00,S,6004.32,5374.98,time,0.43085412273735524,0.004286568274752677
2020-04-02 00:00:00+00:00,2020-04-07 00:00:00+00:00,L,6669.95,7332.48,time,1.4193016281062543,0.01409997728547765
2020-04-10 08:00:00+00:00,2020-04-12 16:00:00+00:00,S,6937.6,7177.65,stop,-1.0,-0.010181169328398236
2020-04-20 12:00:00+00:00,2020-04-23 12:00:00+00:00,S,6963.14,7198.02,stop,-1.0,-0.01018568488632134
2020-04-29 12:00:00+00:00,2020-04-29 16:00:00+00:00,L,8152.07,8572.269999999999,target,2.0,0.01975979476144924
2020-04-30 04:00:00+00:00,2020-04-30 08:00:00+00:00,L,9292.88,8721.03,stop,-1.0,-0.010092487382433993
2020-05-06 12:00:00+00:00,2020-05-07 16:00:00+00:00,L,9327.81,9963.449999999999,target,2.0,0.01981539332120022
2020-05-07 20:00:00+00:00,2020-05-09 20:00:00+00:00,L,9877.0,9516.44,stop,-1.0,-0.010160030906788325
2020-05-25 00:00:00+00:00,2020-05-27 08:00:00+00:00,S,8710.12,9085.3,stop,-1.0,-0.010146708444717071
2020-05-28 16:00:00+00:00,2020-06-01 20:00:00+00:00,L,9507.42,10020.58,target,2.0,0.019770068961315244
2020-06-11 16:00:00+00:00,2020-06-15 04:00:00+00:00,S,9510.0,8947.48,target,2.0,0.019813146761552353
2020-07-23 00:00:00+00:00,2020-07-26 08:00:00+00:00,L,9537.23,9878.329999999998,target,2.0,0.019659073460164517
2020-07-27 04:00:00+00:00,2020-07-27 16:00:00+00:00,L,10271.1,10945.76,target,2.0,0.019808929525913264
2020-07-27 20:00:00+00:00,2020-08-01 16:00:00+00:00,L,10803.84,11782.900000000001,target,2.0,0.01985821067061187
2020-08-10 04:00:00+00:00,2020-08-10 08:00:00+00:00,L,12034.41,11684.6,stop,-1.0,-0.010202522192077304
2020-08-17 16:00:00+00:00,2020-08-19 04:00:00+00:00,L,12420.08,11785.0,stop,-1.0,-0.010112526910561486
2020-09-01 08:00:00+00:00,2020-09-02 08:00:00+00:00,L,11923.35,11682.45,stop,-1.0,-0.01029402713047039
2020-09-04 00:00:00+00:00,2020-09-09 00:00:00+00:00,S,10160.0,10031.36,time,0.1996027805362455,0.001902817520723775
2020-09-14 16:00:00+00:00,2020-09-19 16:00:00+00:00,L,10710.89,11054.52,time,1.3528207550883853,0.013270444902380262
2020-09-21 12:00:00+00:00,2020-09-26 12:00:00+00:00,S,10626.2,10724.15,time,-0.3451374207188131,-0.0036789269135976297
2020-10-08 16:00:00+00:00,2020-10-12 12:00:00+00:00,L,10901.76,11526.699999999999,target,2.0,0.019782807323920473
2020-10-12 16:00:00+00:00,2020-10-16 04:00:00+00:00,L,11561.51,11243.08,stop,-1.0,-0.010214072231226492
2020-10-19 16:00:00+00:00,2020-10-21 12:00:00+00:00,L,11811.81,12480.349999999997,target,2.0,0.019780176917309607
2020-10-21 16:00:00+00:00,2020-10-26 16:00:00+00:00,L,12758.29,13013.35,time,0.5391819046612386,0.005227608227567131
2020-10-27 12:00:00+00:00,2020-10-28 12:00:00+00:00,L,13448.07,13086.97,stop,-1.0,-0.01021973534837463
2020-11-24 12:00:00+00:00,2020-11-26 00:00:00+00:00,L,19077.91,18391.85,stop,-1.0,-0.010162543189379978
2020-12-09 00:00:00+00:00,2020-12-12 16:00:00+00:00,S,18311.31,18840.99,stop,-1.0,-0.010215542024884864
2020-12-16 16:00:00+00:00,2020-12-17 08:00:00+00:00,L,20691.22,22677.440000000002,target,2.0,0.01986547472631209
2020-12-25 12:00:00+00:00,2020-12-26 20:00:00+00:00,L,24556.47,26481.450000000004,target,2.0,0.019837955927872106
2020-12-27 08:00:00+00:00,2020-12-27 12:00:00+00:00,L,27617.32,26567.78,stop,-1.0,-0.010153485481588091
2021-01-02 16:00:00+00:00,2021-01-04 08:00:00+00:00,L,31758.0,29800.0,stop,-1.0,-0.010092299830208401
2021-01-21 12:00:00+00:00,2021-01-25 12:00:00+00:00,S,32167.27,34659.26,stop,-1.0,-0.010084230616099511
2021-01-29 12:00:00+00:00,2021-02-03 12:00:00+00:00,L,37101.73,36911.71,time,-0.037779889694334,-0.00042185041698279143
2021-02-08 16:00:00+00:00,2021-02-13 16:00:00+00:00,L,43872.67,46932.67,time,0.6504286239608558,0.006444791253052702
2021-03-13 12:00:00+00:00,2021-03-15 08:00:00+00:00,L,59834.41,57106.94,stop,-1.0,-0.010126959153998557
2021-03-25 00:00:00+00:00,2021-03-26 20:00:00+00:00,S,52281.77,54703.59,stop,-1.0,-0.010136839802942674
2021-03-29 12:00:00+00:00,2021-04-03 12:00:00+00:00,L,57903.18,58836.63,time,0.4685876358525116,0.00450944850202045
2021-04-04 00:00:00+00:00,2021-04-05 12:00:00+00:00,S,57064.13,58588.27,stop,-1.0,-0.01023294003367288
2021-04-13 12:00:00+00:00,2021-04-16 08:00:00+00:00,L,62957.55,61022.84,stop,-1.0,-0.010191236273965442
2021-04-30 16:00:00+00:00,2021-05-04 12:00:00+00:00,L,57217.2,54229.73,stop,-1.0,-0.010110076151892801
2021-05-04 16:00:00+00:00,2021-05-05 12:00:00+00:00,S,53827.72,56329.65,stop,-1.0,-0.01013639534851246
2021-05-13 00:00:00+00:00,2021-05-18 00:00:00+00:00,S,49419.44,44813.52,time,0.8530176532902695,0.008480845400696104
2021-06-08 00:00:00+00:00,2021-06-09 12:00:00+00:00,S,33567.51,35748.78,stop,-1.0,-0.01009926635553888
2021-06-20 12:00:00+00:00,2021-06-20 20:00:00+00:00,S,33890.25,35673.93,stop,-1.0,-0.01012115493296208
2021-07-14 04:00:00+00:00,2021-07-14 12:00:00+00:00,S,31812.93,32801.0,stop,-1.0,-0.01020115292578834
2021-07-20 04:00:00+00:00,2021-07-21 08:00:00+00:00,S,29591.77,31068.62,stop,-1.0,-0.01012744006044063
2021-07-24 00:00:00+00:00,2021-07-26 00:00:00+00:00,L,33685.0,36610.26,target,2.0,0.019852560689334227
2021-07-31 00:00:00+00:00,2021-08-01 20:00:00+00:00,L,42236.72,39739.0,stop,-1.0,-0.010096485056160742
2021-08-06 16:00:00+00:00,2021-08-09 08:00:00+00:00,L,42240.0,46064.58,target,2.0,0.019858099638011106
2021-08-09 12:00:00+00:00,2021-08-14 12:00:00+00:00,L,46006.29,46985.19,time,0.4137047899990708,0.004018374799507282
2021-08-20 16:00:00+00:00,2021-08-25 16:00:00+00:00,L,48747.08,48684.36,time,-0.033643556389969784,-0.0004932012405642971
2021-08-31 00:00:00+00:00,2021-09-01 16:00:00+00:00,S,46969.05,48733.72,stop,-1.0,-0.010167321718311594
2021-09-20 04:00:00+00:00,2021-09-21 00:00:00+00:00,S,45516.7,41881.01999999999,target,2.0,0.019864750994295147
2021-10-01 12:00:00+00:00,2021-10-06 12:00:00+00:00,L,47530.0,53137.399999999994,target,2.0,0.019888307360806493
2021-10-06 16:00:00+00:00,2021-10-10 20:00:00+00:00,L,54982.23,51284.15,stop,-1.0,-0.010084106233475111
2021-10-15 04:00:00+00:00,2021-10-20 04:00:00+00:00,L,59453.99,64021.25,time,1.772323524732345,0.017576607785354654
2021-10-20 16:00:00+00:00,2021-10-21 08:00:00+00:00,L,66893.03,63780.21,stop,-1.0,-0.01012424255420019
2021-10-22 16:00:00+00:00,2021-10-27 16:00:00+00:00,S,60615.32,59122.37,time,0.47862160056679887,0.004673037385650812
2021-11-08 04:00:00+00:00,2021-11-10 20:00:00+00:00,L,65234.86,63300.0,stop,-1.0,-0.010198356330734418
2021-11-16 04:00:00+00:00,2021-11-21 04:00:00+00:00,S,60913.53,59037.18,time,0.6912399105534406,0.006782817976370233
2021-11-22 20:00:00+00:00,2021-11-25 00:00:00+00:00,S,56026.97,58280.38,stop,-1.0,-0.010156694331192083
2021-11-26 12:00:00+00:00,2021-11-28 20:00:00+00:00,S,53740.26,56960.23,stop,-1.0,-0.01010715017384299
2021-12-03 20:00:00+00:00,2021-12-04 04:00:00+00:00,S,53821.74,49503.1,target,2.0,0.019865418996951576
2021-12-23 20:00:00+00:00,2021-12-28 12:00:00+00:00,L,51170.36,48685.54,stop,-1.0,-0.010118809386078004
2021-12-28 20:00:00+00:00,2022-01-02 20:00:00+00:00,S,47719.93,47350.22,time,0.2902349607090417,0.002679922748212624
2022-01-05 20:00:00+00:00,2022-01-07 12:00:00+00:00,S,44679.47,40677.83,target,2.0,0.019880680205880106
2022-01-20 16:00:00+00:00,2022-01-20 20:00:00+00:00,L,43323.57,41943.89,stop,-1.0,-0.010184325835062702
2022-01-21 00:00:00+00:00,2022-01-21 20:00:00+00:00,S,40654.72,35960.56,target,2.0,0.0199101408078115
2022-02-04 16:00:00+00:00,2022-02-07 12:00:00+00:00,L,39501.68,43855.04,target,2.0,0.019881278747205088
2022-02-21 12:00:00+00:00,2022-02-24 20:00:00+00:00,S,37590.05,39395.59,stop,-1.0,-0.010132181372457213
2022-02-28 16:00:00+00:00,2022-03-05 16:00:00+00:00,L,40860.33,39457.36,time,-0.4762271682716624,-0.004843035661186455
2022-03-07 20:00:00+00:00,2022-03-09 00:00:00+00:00,S,37325.31,39557.26,stop,-1.0,-0.01010735326533455
2022-03-09 04:00:00+00:00,2022-03-10 12:00:00+00:00,L,41310.05,38667.65,stop,-1.0,-0.010088747540111988
2022-03-14 00:00:00+00:00,2022-03-14 04:00:00+00:00,S,37763.37,38863.47,stop,-1.0,-0.010214067017136477
2022-03-24 16:00:00+00:00,2022-03-27 20:00:00+00:00,L,44014.44,46770.240000000005,target,2.0,0.01980013608491923
2022-03-28 00:00:00+00:00,2022-04-01 00:00:00+00:00,L,46854.96,44715.15,stop,-1.0,-0.0101267111658884
2022-04-11 12:00:00+00:00,2022-04-16 12:00:00+00:00,S,41073.43,40073.28,time,0.7715063716868779,0.0075310224548287286
2022-04-22 16:00:00+00:00,2022-04-26 00:00:00+00:00,S,39424.68,40646.43,stop,-1.0,-0.010201589315625587
2022-05-04 20:00:00+00:00,2022-05-05 12:00:00+00:00,L,39834.48,38602.5,stop,-1.0,-0.010189979119073779
2022-05-05 16:00:00+00:00,2022-05-09 16:00:00+00:00,S,36892.21,31562.21,target,2.0,0.019930596038426587
2022-05-30 04:00:00+00:00,2022-06-03 12:00:00+00:00,L,30347.7,29276.15,stop,-1.0,-0.010165655289573224
2022-06-06 04:00:00+00:00,2022-06-07 00:00:00+00:00,L,31246.36,29868.16,stop,-1.0,-0.010131409358572596
2022-06-12 04:00:00+00:00,2022-06-13 00:00:00+00:00,S,27526.32,25532.839999999997,target,2.0,0.019849590943629335
2022-06-30 08:00:00+00:00,2022-07-01 00:00:00+00:00,S,19413.95,20069.56,stop,-1.0,-0.010185481921600513
2022-07-07 20:00:00+00:00,2022-07-10 16:00:00+00:00,L,21845.0,20811.76,stop,-1.0,-0.010122137420688059
2022-07-18 08:00:00+00:00,2022-07-23 08:00:00+00:00,L,22248.25,22229.19,time,-0.017630191471650482,-0.0002997087669720305
2022-07-25 04:00:00+00:00,2022-07-27 16:00:00+00:00,S,21869.08,22673.68,stop,-1.0,-0.010170739035836195
2022-08-08 08:00:00+00:00,2022-08-09 08:00:00+00:00,L,23825.25,23295.52,stop,-1.0,-0.01026662781010212
2022-09-06 20:00:00+00:00,2022-09-09 00:00:00+00:00,S,18826.0,19856.0,stop,-1.0,-0.010116775485914357
2022-09-09 08:00:00+00:00,2022-09-12 00:00:00+00:00,L,20639.0,22049.0,target,2.0,0.01981582960772148
2022-09-13 16:00:00+00:00,2022-09-18 16:00:00+00:00,S,20827.0,19722.0,time,0.5655066530194472,0.005594865478802438
2022-09-19 04:00:00+00:00,2022-09-19 16:00:00+00:00,S,18777.0,19512.0,stop,-1.0,-0.010160839102659844
2022-09-27 04:00:00+00:00,2022-09-27 16:00:00+00:00,L,20097.0,19191.0,stop,-1.0,-0.010128440736910528
2022-10-14 04:00:00+00:00,2022-10-14 12:00:00+00:00,L,19816.0,19345.0,stop,-1.0,-0.010249020313204158
2022-10-23 20:00:00+00:00,2022-10-24 12:00:00+00:00,L,19505.0,19177.0,stop,-1.0,-0.010354493251052348
2022-10-25 16:00:00+00:00,2022-10-26 08:00:00+00:00,L,19765.0,20765.0,target,2.0,0.019755505610820775
2022-11-08 04:00:00+00:00,2022-11-08 16:00:00+00:00,S,20147.0,19103.0,target,2.0,0.019785006994665767
2022-11-21 00:00:00+00:00,2022-11-21 16:00:00+00:00,S,16250.0,15606.0,target,2.0,0.01971517462585721
2022-11-21 20:00:00+00:00,2022-11-22 12:00:00+00:00,S,15702.0,16117.0,stop,-1.0,-0.01023534046239914
2022-12-07 08:00:00+00:00,2022-12-08 16:00:00+00:00,S,16765.0,17047.0,stop,-1.0,-0.010366399844540292
2022-12-13 12:00:00+00:00,2022-12-13 12:00:00+00:00,L,17451.0,18027.0,target,2.0,0.01963157480441483
2022-12-16 12:00:00+00:00,2022-12-21 12:00:00+00:00,S,17026.0,16857.0,time,0.34419551934826886,0.003236636745139178
2023-01-04 04:00:00+00:00,2023-01-09 04:00:00+00:00,L,16865.0,17203.0,time,1.5868544600938967,0.015391264986403638
2023-01-11 20:00:00+00:00,2023-01-12 00:00:00+00:00,L,17551.0,18003.0,target,2.0,0.019531144897099707
2023-01-12 20:00:00+00:00,2023-01-14 00:00:00+00:00,L,18895.0,20565.0,target,2.0,0.019854923296591775
2023-01-14 04:00:00+00:00,2023-01-19 04:00:00+00:00,L,20969.0,20811.0,time,-0.14711359404096835,-0.0015875844882260724
2023-01-21 00:00:00+00:00,2023-01-26 00:00:00+00:00,L,22670.0,23134.0,time,0.4027777777777778,0.003907749593836592
2023-02-09 04:00:00+00:00,2023-02-10 20:00:00+00:00,S,22506.0,21512.0,target,2.0,0.019745662726985917
2023-02-15 20:00:00+00:00,2023-02-16 00:00:00+00:00,L,23328.0,24470.0,target,2.0,0.019747712868432174
2023-02-16 16:00:00+00:00,2023-02-16 20:00:00+00:00,L,25063.0,24301.0,stop,-1.0,-0.010193358079791761
2023-03-03 04:00:00+00:00,2023-03-08 04:00:00+00:00,S,22333.0,21974.0,time,0.3138111888111888,0.0030232177492412263
2023-03-09 20:00:00+00:00,2023-03-12 20:00:00+00:00,S,20833.0,21664.0,stop,-1.0,-0.010157946718440327
2023-03-13 00:00:00+00:00,2023-03-13 12:00:00+00:00,L,22190.0,24440.0,target,2.0,0.019872005118899142
2023-03-13 16:00:00+00:00,2023-03-18 16:00:00+00:00,L,24100.0,27425.0,time,1.588628762541806,0.01580876060524774
2023-03-22 20:00:00+00:00,2023-03-24 12:00:00+00:00,S,26739.0,28936.0,stop,-1.0,-0.01007976018946119
2023-04-10 20:00:00+00:00,2023-04-14 00:00:00+00:00,L,29194.0,30776.0,target,2.0,0.019770931928597146
2023-04-21 20:00:00+00:00,2023-04-25 20:00:00+00:00,S,27276.0,28081.0,stop,-1.0,-0.010211375345147189
2023-04-26 00:00:00+00:00,2023-04-26 12:00:00+00:00,L,28306.0,29668.0,target,2.0,0.019743531809792145
2023-04-26 16:00:00+00:00,2023-04-26 16:00:00+00:00,L,29821.0,28971.0,stop,-1.0,-0.010206649688237786
2023-05-01 04:00:00+00:00,2023-05-04 08:00:00+00:00,S,28564.0,29344.0,stop,-1.0,-0.010227970398049615
2023-05-23 04:00:00+00:00,2023-05-24 00:00:00+00:00,L,27379.0,26810.0,stop,-1.0,-0.010285676044194171
2023-05-29 00:00:00+00:00,2023-05-31 04:00:00+00:00,L,28071.0,27531.0,stop,-1.0,-0.010309115413097343
2023-06-05 16:00:00+00:00,2023-06-06 16:00:00+00:00,S,25999.0,26817.0,stop,-1.0,-0.010198646610855028
2023-06-10 08:00:00+00:00,2023-06-13 12:00:00+00:00,S,25665.0,26352.0,stop,-1.0,-0.010232442057863887
2023-06-20 20:00:00+00:00,2023-06-21 16:00:00+00:00,L,28004.0,30010.0,target,2.0,0.019823799475656125
2023-06-23 16:00:00+00:00,2023-06-28 16:00:00+00:00,L,31242.0,29940.0,stop,-1.0,-0.010139432148106779
2023-07-10 20:00:00+00:00,2023-07-10 20:00:00+00:00,L,30840.0,30245.0,stop,-1.0,-0.010308197359393919
2023-07-13 20:00:00+00:00,2023-07-14 16:00:00+00:00,L,31637.0,30733.0,stop,-1.0,-0.01020612317114225
2023-07-14 20:00:00+00:00,2023-07-19 20:00:00+00:00,S,30137.0,29919.0,time,0.18973020017406442,0.00174134105550247
2023-08-01 04:00:00+00:00,2023-08-01 20:00:00+00:00,S,28824.0,29345.0,stop,-1.0,-0.010341379039264041
2023-08-02 00:00:00+00:00,2023-08-02 16:00:00+00:00,L,29697.0,29162.0,stop,-1.0,-0.010330491042158644
2023-08-08 20:00:00+00:00,2023-08-09 16:00:00+00:00,L,29890.0,29514.0,stop,-1.0,-0.010475964785969988
2023-08-14 16:00:00+00:00,2023-08-14 16:00:00+00:00,L,29575.0,29296.0,stop,-1.0,-0.010636786730485034
2023-08-17 00:00:00+00:00,2023-08-17 12:00:00+00:00,S,28692.0,27864.0,target,2.0,0.019604325903171214
2023-08-17 16:00:00+00:00,2023-08-17 20:00:00+00:00,S,27899.0,26631.0,target,2.0,0.019753187011019753
2023-08-18 00:00:00+00:00,2023-08-23 00:00:00+00:00,S,26632.0,25999.0,time,0.5051875498802874,0.004928007546833139
2023-08-29 16:00:00+00:00,2023-08-31 16:00:00+00:00,L,27424.0,25949.0,stop,-1.0,-0.010106682707796253
2023-09-11 16:00:00+00:00,2023-09-12 00:00:00+00:00,S,25100.0,25738.0,stop,-1.0,-0.01024446836510311
2023-09-18 12:00:00+00:00,2023-09-18 16:00:00+00:00,L,27206.0,26684.0,stop,-1.0,-0.010309936691237033
2023-09-27 12:00:00+00:00,2023-09-27 12:00:00+00:00,L,26759.0,26210.0,stop,-1.0,-0.01028945721951625
2023-09-28 16:00:00+00:00,2023-10-02 00:00:00+00:00,L,27027.0,28189.0,target,2.0,0.01971439401990199
2023-10-11 04:00:00+00:00,2023-10-16 04:00:00+00:00,S,27018.0,27474.0,stop,-1.0,-0.010365184823204648
2023-10-16 08:00:00+00:00,2023-10-16 12:00:00+00:00,L,27869.0,29199.0,target,2.0,0.019741514372307145
2023-10-20 04:00:00+00:00,2023-10-23 00:00:00+00:00,L,29265.0,30605.0,target,2.0,0.019731096392859138
2023-10-23 04:00:00+00:00,2023-10-23 20:00:00+00:00,L,30745.0,32439.0,target,2.0,0.019774514527384733
2023-11-02 00:00:00+00:00,2023-11-02 16:00:00+00:00,L,35440.0,34549.0,stop,-1.0,-0.010235095837013224
2023-11-07 20:00:00+00:00,2023-11-09 12:00:00+00:00,L,35497.0,37325.0,target,2.0,0.019759582533268163
2023-11-14 20:00:00+00:00,2023-11-15 16:00:00+00:00,S,35265.0,36422.0,stop,-1.0,-0.010190741796937611
2023-11-15 20:00:00+00:00,2023-11-16 16:00:00+00:00,L,37541.0,36276.0,stop,-1.0,-0.01017387163943976
2023-11-22 00:00:00+00:00,2023-11-22 16:00:00+00:00,S,35762.0,37187.0,stop,-1.0,-0.01015810641769141
2023-12-04 04:00:00+00:00,2023-12-04 20:00:00+00:00,L,40726.0,42202.0,target,2.0,0.019663404974235615
2023-12-05 20:00:00+00:00,2023-12-10 20:00:00+00:00,L,43815.0,43786.0,time,-0.0172927847346452,-0.00032963784048412937
2023-12-20 16:00:00+00:00,2023-12-24 20:00:00+00:00,L,44069.0,42763.0,stop,-1.0,-0.010198525752671033
2024-01-01 20:00:00+00:00,2024-01-02 00:00:00+00:00,L,43534.0,45246.0,target,2.0,0.019688863095556085
2024-01-02 04:00:00+00:00,2024-01-03 08:00:00+00:00,L,45482.0,44167.0,stop,-1.0,-0.010203639917645937
2024-01-08 20:00:00+00:00,2024-01-10 12:00:00+00:00,L,47022.0,44838.0,stop,-1.0,-0.010124489213548901
2024-01-18 20:00:00+00:00,2024-01-23 20:00:00+00:00,S,40946.0,39868.0,time,0.6597307221542228,0.006451883153516294
2024-01-26 12:00:00+00:00,2024-01-31 12:00:00+00:00,L,41284.0,43354.0,time,1.544776119402985,0.015256459019346962
2024-02-08 00:00:00+00:00,2024-02-09 00:00:00+00:00,L,44342.0,45832.0,target,2.0,0.01963789624372005
2024-02-09 12:00:00+00:00,2024-02-12 12:00:00+00:00,L,47182.0,49138.0,target,2.0,0.01970424347003315
2024-02-12 16:00:00+00:00,2024-02-17 16:00:00+00:00,L,49941.0,51414.0,time,0.7031026252983293,0.006884763241893261
2024-02-26 16:00:00+00:00,2024-02-27 00:00:00+00:00,L,52916.0,56844.0,target,2.0,0.019829547760741268
2024-02-28 08:00:00+00:00,2024-02-28 12:00:00+00:00,L,58282.0,60980.0,target,2.0,0.019733892353065028
2024-02-28 16:00:00+00:00,2024-02-28 16:00:00+00:00,L,61011.0,58932.0,stop,-1.0,-0.010171868963628686
2024-03-11 08:00:00+00:00,2024-03-15 00:00:00+00:00,L,71025.0,68495.0,stop,-1.0,-0.01016415077187804
2024-03-25 16:00:00+00:00,2024-03-30 16:00:00+00:00,L,69817.0,69946.0,time,0.04285714285714286,0.0002891844318727177
2024-04-01 16:00:00+00:00,2024-04-06 16:00:00+00:00,S,68183.0,68280.0,time,-0.05081194342587742,-0.0007228788519080975
2024-04-08 12:00:00+00:00,2024-04-09 04:00:00+00:00,L,72372.0,70644.0,stop,-1.0,-0.01024786687021226
2024-04-17 16:00:00+00:00,2024-04-18 08:00:00+00:00,S,60321.0,62977.0,stop,-1.0,-0.01014364956721132
2024-04-30 12:00:00+00:00,2024-05-01 08:00:00+00:00,S,61154.0,57014.0,target,2.0,0.019838258518438946
2024-05-15 16:00:00+00:00,2024-05-20 16:00:00+00:00,L,64733.0,69345.0,target,2.0,0.01982290944422477
2024-05-20 20:00:00+00:00,2024-05-23 16:00:00+00:00,L,70057.0,67411.0,stop,-1.0,-0.010154472543952407
2024-05-27 16:00:00+00:00,2024-05-28 00:00:00+00:00,L,70310.0,68339.0,stop,-1.0,-0.010210218814261282
2024-06-04 16:00:00+00:00,2024-06-07 16:00:00+00:00,L,70457.0,68836.0,stop,-1.0,-0.01025746592329386
2024-06-24 00:00:00+00:00,2024-06-24 08:00:00+00:00,S,63152.0,61214.0,target,2.0,0.01962864141153202
2024-06-24 20:00:00+00:00,2024-06-25 00:00:00+00:00,S,59272.0,60995.0,stop,-1.0,-0.010214511089383484
2024-07-05 04:00:00+00:00,2024-07-06 16:00:00+00:00,S,55194.0,57500.0,stop,-1.0,-0.010151067505689271
2024-07-15 04:00:00+00:00,2024-07-19 16:00:00+00:00,L,62720.0,66790.0,target,2.0,0.019806738905152232
2024-08-01 16:00:00+00:00,2024-08-01 20:00:00+00:00,S,62849.0,64917.0,stop,-1.0,-0.010190205350723658
2024-08-04 16:00:00+00:00,2024-08-05 00:00:00+00:00,S,59028.0,54976.0,target,2.0,0.019840656922892927
2024-08-05 04:00:00+00:00,2024-08-08 12:00:00+00:00,S,53893.0,58280.0,stop,-1.0,-0.010080451241065057
2024-08-15 20:00:00+00:00,2024-08-18 00:00:00+00:00,S,57062.0,59851.0,stop,-1.0,-0.010130001516270753
2024-08-21 20:00:00+00:00,2024-08-26 20:00:00+00:00,L,61622.0,62852.0,time,0.5528089887640449,0.005359491944123812
2024-09-06 16:00:00+00:00,2024-09-09 16:00:00+00:00,S,54012.0,56984.0,stop,-1.0,-0.010116144804602663
2024-09-09 20:00:00+00:00,2024-09-13 20:00:00+00:00,L,57102.0,60604.0,target,2.0,0.01979620697776417
2024-09-17 16:00:00+00:00,2024-09-22 16:00:00+00:00,L,61128.0,63155.0,time,0.9061242735806885,0.008893308797979983
2024-09-30 04:00:00+00:00,2024-10-01 12:00:00+00:00,S,64519.0,62289.0,target,2.0,0.019671642303263306
2024-10-09 20:00:00+00:00,2024-10-11 12:00:00+00:00,S,60978.0,62295.0,stop,-1.0,-0.010286661777047111
2024-10-14 04:00:00+00:00,2024-10-16 08:00:00+00:00,L,64285.0,67955.0,target,2.0,0.01978196190764436
2024-10-28 20:00:00+00:00,2024-10-29 12:00:00+00:00,L,69606.0,72042.0,target,2.0,0.01965185165904719
2024-11-06 04:00:00+00:00,2024-11-11 04:00:00+00:00,L,74351.0,81198.0,time,1.3512926781132821,0.01341795891690953
2024-11-11 16:00:00+00:00,2024-11-11 20:00:00+00:00,L,84211.0,89491.0,target,2.0,0.01980040093537084
2024-11-13 16:00:00+00:00,2024-11-14 16:00:00+00:00,L,92741.0,87643.0,stop,-1.0,-0.010104252740490474
2024-12-05 04:00:00+00:00,2024-12-05 20:00:00+00:00,L,103043.0,98070.0,stop,-1.0,-0.010119581040002943
2024-12-19 00:00:00+00:00,2024-12-20 08:00:00+00:00,S,100133.0,94563.0,target,2.0,0.01980054510876131
2024-12-20 12:00:00+00:00,2024-12-20 20:00:00+00:00,S,92654.0,97755.0,stop,-1.0,-0.01011608582138682
2024-12-30 16:00:00+00:00,2024-12-30 16:00:00+00:00,S,91933.0,94091.0,stop,-1.0,-0.010264229716674355
2025-01-06 16:00:00+00:00,2025-01-07 12:00:00+00:00,L,102183.0,98705.0,stop,-1.0,-0.010172072017541637
2025-01-13 12:00:00+00:00,2025-01-13 20:00:00+00:00,S,90764.0,93584.0,stop,-1.0,-0.010201084875037443
2025-01-15 16:00:00+00:00,2025-01-17 12:00:00+00:00,L,98986.0,103926.0,target,2.0,0.019752297654094548
2025-02-20 20:00:00+00:00,2025-02-21 16:00:00+00:00,L,98456.0,96919.0,stop,-1.0,-0.01038233390917643
2025-02-24 16:00:00+00:00,2025-02-25 04:00:00+00:00,S,94316.0,90796.0,target,2.0,0.019696801330162234
2025-02-26 20:00:00+00:00,2025-03-02 12:00:00+00:00,S,83763.0,87689.0,stop,-1.0,-0.01013531018439171
2025-03-02 20:00:00+00:00,2025-03-03 16:00:00+00:00,L,93527.0,87303.0,stop,-1.0,-0.010085070269634101
2025-03-28 08:00:00+00:00,2025-03-29 16:00:00+00:00,S,85167.0,81877.0,target,2.0,0.019707482409073558
2025-04-02 16:00:00+00:00,2025-04-02 20:00:00+00:00,L,86786.0,84495.0,stop,-1.0,-0.010223611347885913
2025-04-06 20:00:00+00:00,2025-04-09 16:00:00+00:00,S,79596.0,82542.0,stop,-1.0,-0.01016975859899276
2025-04-21 04:00:00+00:00,2025-04-22 12:00:00+00:00,L,87191.0,91305.0,target,2.0,0.019738695293868843
2025-04-22 16:00:00+00:00,2025-04-27 16:00:00+00:00,L,91014.0,94475.0,time,1.3739579198094483,0.01351747982511029
2025-05-05 00:00:00+00:00,2025-05-06 20:00:00+00:00,S,94301.0,95764.0,stop,-1.0,-0.010396764560334124
2025-05-07 00:00:00+00:00,2025-05-08 12:00:00+00:00,L,96815.0,101493.0,target,2.0,0.019744553832353857
2025-05-11 00:00:00+00:00,2025-05-12 12:00:00+00:00,L,104809.0,103086.0,stop,-1.0,-0.010362758364508737
2025-05-18 16:00:00+00:00,2025-05-18 20:00:00+00:00,L,105550.0,103757.0,stop,-1.0,-0.010350862912148501
2025-05-19 00:00:00+00:00,2025-05-19 04:00:00+00:00,L,106520.0,103347.0,stop,-1.0,-0.01019747854159644
2025-05-21 16:00:00+00:00,2025-05-21 16:00:00+00:00,L,109026.0,106406.0,stop,-1.0,-0.01024623612092974
2025-06-05 20:00:00+00:00,2025-06-06 12:00:00+00:00,S,101924.0,104629.0,stop,-1.0,-0.010234392895219487
2025-06-09 12:00:00+00:00,2025-06-13 00:00:00+00:00,L,107820.0,105531.0,stop,-1.0,-0.010279526444406908
2025-06-22 16:00:00+00:00,2025-06-23 16:00:00+00:00,S,98954.0,102840.0,stop,-1.0,-0.010160337734524214
2025-07-09 20:00:00+00:00,2025-07-11 04:00:00+00:00,L,111789.0,117259.0,target,2.0,0.01974760197004014
2025-07-14 08:00:00+00:00,2025-07-14 12:00:00+00:00,L,122731.0,120593.0,stop,-1.0,-0.010341989567974745
2025-07-25 04:00:00+00:00,2025-07-27 12:00:00+00:00,S,115400.0,118509.0,stop,-1.0,-0.010230986791654727
2025-08-01 20:00:00+00:00,2025-08-04 16:00:00+00:00,S,113260.0,115667.0,stop,-1.0,-0.010291232035580432
2025-08-07 12:00:00+00:00,2025-08-11 00:00:00+00:00,L,116553.0,120031.0,target,2.0,0.01959374137782223
2025-08-11 04:00:00+00:00,2025-08-11 16:00:00+00:00,L,121705.0,119000.0,stop,-1.0,-0.01026672719859602
2025-08-13 20:00:00+00:00,2025-08-14 08:00:00+00:00,L,122811.0,120954.0,stop,-1.0,-0.010394929278383223
2025-08-18 04:00:00+00:00,2025-08-23 04:00:00+00:00,S,115388.0,115743.0,time,-0.15890778871978514,-0.0019005254194102818
2025-09-09 08:00:00+00:00,2025-09-09 12:00:00+00:00,L,113049.0,111636.0,stop,-1.0,-0.010479068569948043
2025-09-10 16:00:00+00:00,2025-09-15 16:00:00+00:00,L,113882.0,115341.0,time,0.9158819836785939,0.008728134252548456
2025-09-22 08:00:00+00:00,2025-09-27 08:00:00+00:00,S,112594.0,109364.0,time,1.5171441991545327,0.014867947510611585
2025-09-29 00:00:00+00:00,2025-10-01 08:00:00+00:00,L,112203.0,115941.0,target,2.0,0.019634870277206146
2025-10-01 12:00:00+00:00,2025-10-03 12:00:00+00:00,L,116843.0,121489.0,target,2.0,0.01969215296658392
2025-10-03 16:00:00+00:00,2025-10-08 16:00:00+00:00,L,122367.0,123478.0,time,0.47116200169635286,0.004398796270152307
2025-10-10 16:00:00+00:00,2025-10-10 20:00:00+00:00,S,119061.0,112019.0,target,2.0,0.01981313258400213
2025-10-16 16:00:00+00:00,2025-10-21 12:00:00+00:00,S,108583.0,112012.0,stop,-1.0,-0.010197934072222858
2025-10-21 16:00:00+00:00,2025-10-22 00:00:00+00:00,L,113478.0,107946.0,stop,-1.0,-0.010118323435039872
2025-10-26 12:00:00+00:00,2025-10-27 04:00:00+00:00,L,113281.0,116381.0,target,2.0,0.019558069255393495
2025-11-03 16:00:00+00:00,2025-11-04 16:00:00+00:00,S,105732.0,100584.0,target,2.0,0.019770411107476026
2025-11-04 20:00:00+00:00,2025-11-05 12:00:00+00:00,S,100463.0,103452.0,stop,-1.0,-0.010209724388507011
2025-11-13 20:00:00+00:00,2025-11-17 16:00:00+00:00,S,98573.0,92713.0,target,2.0,0.019814143630539443
2025-11-17 20:00:00+00:00,2025-11-20 16:00:00+00:00,S,91557.0,86063.0,target,2.0,0.019815983892327405
2025-11-20 20:00:00+00:00,2025-11-21 12:00:00+00:00,S,86804.0,80816.0,target,2.0,0.01984149563364125
2025-11-26 20:00:00+00:00,2025-12-01 00:00:00+00:00,L,89942.0,86937.0,stop,-1.0,-0.010175412040418781
2025-12-01 04:00:00+00:00,2025-12-02 12:00:00+00:00,S,86342.0,90421.0,stop,-1.0,-0.010134291760263543
2025-12-09 16:00:00+00:00,2025-12-11 00:00:00+00:00,L,92707.0,90017.0,stop,-1.0,-0.010202891180890798
2025-12-15 16:00:00+00:00,2025-12-17 12:00:00+00:00,S,87030.0,89875.0,stop,-1.0,-0.01019141362121783
2025-12-18 20:00:00+00:00,2025-12-19 12:00:00+00:00,S,84440.0,88466.0,stop,-1.0,-0.010133117198831997
2025-12-29 04:00:00+00:00,2025-12-29 08:00:00+00:00,L,90010.0,87729.0,stop,-1.0,-0.010233187433233315
2026-01-13 16:00:00+00:00,2026-01-14 12:00:00+00:00,L,93394.0,96792.0,target,2.0,0.019664665903969755
2026-01-14 16:00:00+00:00,2026-01-16 12:00:00+00:00,L,96769.0,94638.0,stop,-1.0,-0.01026925878715225
2026-01-19 00:00:00+00:00,2026-01-20 12:00:00+00:00,S,93627.0,89921.0,target,2.0,0.01971481329354852
2026-01-25 20:00:00+00:00,2026-01-26 12:00:00+00:00,S,86396.0,88331.0,stop,-1.0,-0.01027664763177921
2026-01-29 16:00:00+00:00,2026-01-31 16:00:00+00:00,S,84783.0,78335.0,target,2.0,0.01985734844709688
2026-02-23 04:00:00+00:00,2026-02-25 16:00:00+00:00,S,64933.0,67654.0,stop,-1.0,-0.010150635305848544
2026-03-02 16:00:00+00:00,2026-03-07 16:00:00+00:00,L,69135.0,67091.0,time,-0.5273477812177503,-0.005377909393858532
2026-03-27 12:00:00+00:00,2026-04-01 04:00:00+00:00,S,66667.0,68581.0,stop,-1.0,-0.010217122711347325
2026-04-06 00:00:00+00:00,2026-04-07 20:00:00+00:00,L,69005.0,72379.0,target,2.0,0.01974742265880464
2026-04-08 00:00:00+00:00,2026-04-13 00:00:00+00:00,L,71911.0,71009.0,time,-0.30943396226415093,-0.003240978515278242
2026-04-17 16:00:00+00:00,2026-04-18 16:00:00+00:00,L,77835.0,75571.0,stop,-1.0,-0.010202381013231886
2026-05-04 04:00:00+00:00,2026-05-04 08:00:00+00:00,L,80312.0,78282.0,stop,-1.0,-0.010233804622611382
2026-05-13 16:00:00+00:00,2026-05-14 12:00:00+00:00,S,78787.0,80566.0,stop,-1.0,-0.010274453603291881
2026-05-28 04:00:00+00:00,2026-06-02 00:00:00+00:00,S,73134.12,70478.93999999997,target,2.0,0.0196879801283586
2026-06-02 16:00:00+00:00,2026-06-04 00:00:00+00:00,S,67176.98,62652.95999999998,target,2.0,0.01983734727896361
2026-06-15 00:00:00+00:00,2026-06-18 04:00:00+00:00,L,65713.19,63751.59,stop,-1.0,-0.010197048339850108
2026-06-18 16:00:00+00:00,2026-06-21 00:00:00+00:00,S,62289.01,64382.51,stop,-1.0,-0.010186339642737626
2026-06-23 08:00:00+00:00,2026-06-24 12:00:00+00:00,S,62821.99,60426.57,target,2.0,0.019703490373171414
2026-06-24 16:00:00+00:00,2026-06-29 16:00:00+00:00,S,60176.44,60340.82,time,-0.06066958733017548,-0.0007404185583379816
2026-07-14 16:00:00+00:00,2026-07-17 04:00:00+00:00,L,64697.86,62708.28,stop,-1.0,-0.01019109848992254
2026-07-31 16:00:00+00:00,2026-08-03 12:00:00+00:00,S,62633.54,63758.24,stop,-1.0,-0.01034359080132408
2026-08-11 16:00:00+00:00,2026-08-16 16:00:00+00:00,S,63546.58,63045.57,time,0.556418115990319,0.005146252571582674
2026-08-17 16:00:00+00:00,2026-08-19 12:00:00+00:00,L,64142.41,65685.29000000001,target,2.0,0.0194988495271251
2026-08-19 16:00:00+00:00,2026-08-21 04:00:00+00:00,L,68525.61,76739.45,target,2.0,0.019889878813434663
2026-08-21 08:00:00+00:00,2026-08-24 12:00:00+00:00,L,76293.47,79893.53,target,2.0,0.0197387123709942
2026-09-03 16:00:00+00:00,2026-09-08 12:00:00+00:00,L,81343.68,77853.13,stop,-1.0,-0.01013524098116187
2026-09-18 16:00:00+00:00,2026-09-21 12:00:00+00:00,L,80702.77,86295.93000000001,target,2.0,0.019818285464103164
