entry_time,side,R,why,bars,stop_atr,target_R
2016-10-28 08:00:00+00:00,1,1.9197893985934416,target,18,2.1628591567780524,2.0
2016-11-11 09:00:00+00:00,-1,-1.2169956053001194,stop,4,1.2132119950346172,2.0
2016-11-26 01:00:00+00:00,1,-1.2358173061026212,stop,8,1.5550111901520685,2.0
2016-11-29 06:00:00+00:00,-1,-1.1057991898108754,stop,7,2.3027006441845397,2.0
2016-12-17 02:00:00+00:00,1,1.7987734121099686,target,51,1.9775442448444809,2.0
2017-01-01 11:00:00+00:00,1,1.9420974893507743,target,16,4.32031028116935,2.0
2017-01-09 07:00:00+00:00,-1,1.999287483569915,target,52,1.934406703326745,2.0
2017-01-12 00:00:00+00:00,-1,-1.025731124898959,stop,16,1.2991791233389651,2.0
2017-01-13 21:00:00+00:00,-1,-1.0613136311544202,stop,3,1.1899037025596928,2.799656945202092
2017-01-14 13:00:00+00:00,1,-1.0893392253628755,stop,0,1.1383545592823423,2.0
2017-01-15 09:00:00+00:00,-1,-1.055880439682039,stop,16,1.9423356549686017,2.0
2017-01-25 10:00:00+00:00,-1,-1.0570353904119918,stop,26,2.000486846915052,2.0
2017-02-10 23:00:00+00:00,1,-1.067281630454715,stop,57,2.035898733555262,2.0961375560240034
2017-02-13 17:00:00+00:00,-1,-1.1095541673370533,stop,13,1.510394969593614,2.0
2017-02-15 22:00:00+00:00,1,1.8088382725259047,target,4,1.166484512846209,2.0
2017-02-17 04:00:00+00:00,1,1.9379470216193064,target,10,2.4510456378054943,2.0
2017-02-27 01:00:00+00:00,1,1.2583734300687526,time,60,2.5631176758889533,2.0
2017-03-04 15:00:00+00:00,-1,-1.0309179515422584,stop,43,2.055176347861401,2.0
2017-03-07 04:00:00+00:00,1,-1.1363370775303385,stop,0,1.6451816264921566,2.0
2017-03-26 12:00:00+00:00,1,-1.0634532678011983,stop,9,1.4075905695238708,2.0
2017-04-15 15:00:00+00:00,1,-1.076635344881261,stop,8,2.6747704853244305,2.0
2017-04-21 10:00:00+00:00,1,-1.1060634251923163,stop,6,2.150490165832454,2.0
2017-04-23 10:00:00+00:00,1,1.8466106658785704,target,48,1.5000302429184693,2.0
2017-05-13 13:00:00+00:00,-1,-1.0386908515182072,stop,8,1.4362332400347464,2.0
2017-05-15 08:00:00+00:00,-1,1.985488532422827,target,21,1.9668818431443693,2.0
2017-05-22 14:00:00+00:00,1,-1.028200246315049,stop,9,3.0494285820222,2.0
2017-05-27 13:00:00+00:00,-1,-1.0083815077515537,stop,18,2.148385984740087,2.0
2017-06-01 02:00:00+00:00,1,1.8268005835668975,time,60,2.5351601392678966,2.0
2017-06-08 21:00:00+00:00,-1,-1.0269955515103728,stop,16,2.3170554438586723,2.0
2017-06-10 22:00:00+00:00,1,1.9561494554954453,target,18,1.7698760419402981,2.0
2017-06-30 22:00:00+00:00,-1,-0.13448161989744128,time,60,3.0523246450739543,2.0
2017-07-11 18:00:00+00:00,-1,-1.0241645842470792,stop,33,1.7798820938751347,2.0
2017-07-14 03:00:00+00:00,-1,-1.0782722873494521,stop,3,1.316852920128445,2.0
2017-07-25 07:00:00+00:00,-1,1.9850355854448074,target,11,2.617588531780968,2.0
2017-07-28 21:00:00+00:00,1,-1.0549357413958584,stop,7,1.4333597279012615,2.0
2017-07-30 01:00:00+00:00,-1,-1.0237261303315035,stop,17,2.2671862009989465,2.0
2017-08-23 19:00:00+00:00,1,-1.0705525404206784,stop,1,1.1350825109187306,2.0
2017-08-24 15:00:00+00:00,1,0.657938510132778,time,60,2.9453091900563644,2.0
2017-10-06 05:00:00+00:00,1,1.9015787184192263,target,41,1.4936789127328185,2.0
2017-10-14 23:00:00+00:00,1,-1.0756336378672484,stop,9,1.2938431970402429,2.0
2017-10-16 23:00:00+00:00,1,-1.0671997957811727,stop,2,1.4986529187217956,2.0
2017-10-21 11:00:00+00:00,1,-1.081027402995615,stop,6,1.3515699967567982,2.0
2017-10-29 05:00:00+00:00,1,1.9587649126088544,target,10,2.4890921126358063,2.0
2017-10-31 11:00:00+00:00,1,1.9536530342278895,target,3,2.011247011450121,2.0
2017-11-02 21:00:00+00:00,1,1.0391828580246527,time,60,2.4947607238814236,2.0
2017-11-09 02:00:00+00:00,1,-1.0283589695545703,stop,33,2.4884814814746776,2.0
2017-12-02 19:00:00+00:00,1,1.968065944950581,target,16,1.535076534379479,2.0
2018-01-10 15:00:00+00:00,-1,-1.0237439032859643,stop,0,1.7755357658290842,2.0
2018-01-13 17:00:00+00:00,1,-1.0472672995744385,stop,11,1.6066800898644156,2.0
2018-01-14 22:00:00+00:00,-1,-1.030329567737708,stop,12,1.6966749329762874,2.0
2018-01-17 06:00:00+00:00,-1,1.9921347765781974,target,8,1.458289681008444,2.0
2018-02-10 01:00:00+00:00,1,-1.0193190204345188,stop,14,2.8337446190100914,2.0
2018-02-12 18:00:00+00:00,1,-1.0294361477604532,stop,15,2.234849850302368,2.0
2018-02-18 05:00:00+00:00,1,-1.0689979317790266,stop,0,0.8907566873531995,2.0
2018-02-28 03:00:00+00:00,-1,-1.07613751697717,stop,0,1.047943358260108,8.026320243209154
2018-03-05 06:00:00+00:00,1,-1.1304566780968124,stop,18,1.1118518584175319,2.0
2018-03-12 12:00:00+00:00,1,-1.033060705560857,stop,2,1.83906143662658,2.0
2018-03-20 00:00:00+00:00,1,0.25723981005146207,time,60,2.419371740331605,2.0
2018-04-19 05:00:00+00:00,1,-1.0844616663914128,stop,2,1.5241432830724657,2.0000000000000084
2018-04-20 07:00:00+00:00,1,1.9483019750619688,target,15,2.2609540976723785,2.0
2018-04-27 11:00:00+00:00,1,-1.055572360634299,stop,2,1.8551200820785838,2.0
2018-04-28 14:00:00+00:00,1,-1.0678131838930214,stop,20,1.554497366145284,2.0
2018-04-30 01:00:00+00:00,1,-1.0534145260583643,stop,6,2.542962396791814,2.0
2018-05-04 13:00:00+00:00,-1,-1.0620075553266588,stop,13,1.5580433878496365,2.7266165957265853
2018-05-05 10:00:00+00:00,1,-1.113903654011059,stop,10,1.389406412301211,2.0
2018-05-09 01:00:00+00:00,-1,-1.0404255483826155,stop,16,2.472570211290798,2.0
2018-05-10 16:00:00+00:00,1,-1.0748909900113424,stop,1,2.224464429976969,2.0
2018-05-20 14:00:00+00:00,1,1.9411217342036695,target,2,1.8395761984746828,2.0
2018-05-28 19:00:00+00:00,-1,-1.0510102615012296,stop,16,2.1711608085002037,2.0
2018-05-30 11:00:00+00:00,1,-1.0656203227087018,stop,3,2.0014390559025603,2.0
2018-06-13 16:00:00+00:00,-1,-1.0296033751402305,stop,25,2.066295466366785,2.0
2018-06-17 20:00:00+00:00,-1,-1.0754599029946545,stop,20,1.7245060930185154,2.0
2018-06-26 19:00:00+00:00,-1,1.9960708620736212,target,50,1.966641502115787,2.0
2018-07-03 22:00:00+00:00,-1,-1.078607145290325,stop,15,1.5912147382493071,2.6286852348395415
2018-07-14 21:00:00+00:00,1,1.9033994270837238,target,36,1.8338756515047219,2.0
2018-07-28 22:00:00+00:00,-1,-1.110684980060485,stop,1,1.5254315394914444,2.0
2018-07-31 02:00:00+00:00,-1,1.972870940112672,target,10,2.3213531090798485,2.0
2018-08-04 07:00:00+00:00,-1,1.9622041750305736,target,7,2.1746811016850622,2.0
2018-08-07 16:00:00+00:00,1,-1.069260097322699,stop,3,2.106197161328227,2.0
2018-08-12 20:00:00+00:00,1,-1.050776015785034,stop,29,2.000323880252062,2.0
2018-08-26 01:00:00+00:00,1,-1.0748984722881292,stop,1,2.3078505409661334,2.0
2018-08-28 00:00:00+00:00,1,-0.4048969825314483,time,60,5.040427450534108,2.0
2018-09-15 17:00:00+00:00,1,-1.1282660999283851,stop,4,1.6884633337451986,2.0
2018-09-27 12:00:00+00:00,1,1.91385321989258,target,7,1.855856803378487,2.0
2018-10-07 02:00:00+00:00,1,-1.184391200600965,stop,6,2.2106238864531007,2.0
2018-10-08 11:00:00+00:00,1,-1.1665426585184824,stop,42,3.4649546131835804,2.0
2018-10-14 15:00:00+00:00,1,-1.1396574641885289,stop,8,2.5089670734337246,2.0
2018-10-26 20:00:00+00:00,1,-0.7643782879583539,time,60,2.0066663978645947,2.0
2018-10-30 03:00:00+00:00,1,-1.1896403202704617,stop,36,2.1246197446384056,2.3454028425723994
2018-11-03 18:00:00+00:00,-1,-1.3624691255985746,stop,2,1.6608409165021603,2.0
2018-11-04 12:00:00+00:00,1,1.698094097035206,target,3,1.3066148477905841,2.0
2018-11-16 15:00:00+00:00,1,-1.0639067851800723,stop,6,1.7021314539119896,7.210383891111215
2018-12-01 04:00:00+00:00,1,-1.060388879890084,stop,59,2.0169140059119717,2.721085071421578
2019-01-07 19:00:00+00:00,-1,-1.0577485824386164,stop,18,1.9287104977660419,2.648392190252022
2019-01-17 03:00:00+00:00,-1,-1.0349800896802366,stop,18,3.3633777123104416,2.0
2019-01-25 04:00:00+00:00,1,-1.1375337129405598,stop,4,1.8790121728255154,2.0
2019-02-03 00:00:00+00:00,1,-1.0733954410418023,stop,8,3.428158074182304,2.0
2019-02-04 23:00:00+00:00,-1,-1.0908011143259353,stop,25,2.4588068738713966,2.0
2019-02-08 03:00:00+00:00,-1,-1.1742406147170397,stop,5,1.9582250910478465,2.0
2019-02-14 20:00:00+00:00,-1,-1.129007948934159,stop,15,1.867794978152873,2.0
2019-02-17 05:00:00+00:00,1,1.9147666252602178,target,5,2.64869517009991,2.0
2019-02-21 04:00:00+00:00,1,-1.0834577895851785,stop,5,2.1890315741698054,2.0
2019-02-23 02:00:00+00:00,1,-1.1283946273255694,stop,6,2.1281154652925367,2.0
2019-02-26 12:00:00+00:00,-1,1.9775220766258632,target,32,1.9909957078163063,2.0
2019-03-01 14:00:00+00:00,1,-1.121987683311227,stop,18,2.6469702727255227,2.0
2019-03-03 15:00:00+00:00,-1,1.9360257305613544,target,13,2.191938775743845,2.0
2019-03-06 22:00:00+00:00,1,-1.1613558913138793,stop,48,2.2099817791453806,2.0
2019-03-09 08:00:00+00:00,1,1.8849614855616958,target,8,1.1593294135332213,2.0
2019-03-10 06:00:00+00:00,1,-1.137633612019855,stop,0,1.5193654965952308,2.0
2019-03-14 00:00:00+00:00,-1,-1.2608151884994363,stop,0,1.0791448258707683,2.0
2019-03-22 20:00:00+00:00,1,-1.3612580942055845,stop,0,0.9651544954871902,3.44117837580888
2019-03-27 02:00:00+00:00,1,1.9065638990910643,target,56,3.631443645278012,2.0
2019-04-18 07:00:00+00:00,1,-1.092879294691639,stop,18,2.432786134125237,2.0
2019-04-19 18:00:00+00:00,1,1.8479328038829812,target,11,0.9201096249368915,2.0
2019-04-28 06:00:00+00:00,1,-1.1200623756883155,stop,13,2.1225866614535542,2.0
2019-04-29 22:00:00+00:00,-1,-1.0690876857721632,stop,13,2.156005261052933,2.0
2019-05-02 14:00:00+00:00,1,1.918704540173008,target,14,2.059058933932254,2.0
2019-05-13 01:00:00+00:00,1,1.978833773095111,target,14,1.7206191184683224,2.0
2019-05-17 03:00:00+00:00,-1,-1.0056732787768388,stop,49,2.8369191808082195,2.0
2019-05-28 10:00:00+00:00,-1,-1.025121921712209,stop,53,1.888432316713325,4.368737454110734
2019-06-02 23:00:00+00:00,1,-1.0719706610480055,stop,6,2.111168205841865,2.0
2019-06-03 14:00:00+00:00,-1,1.9823606490531644,target,10,2.8547903220981885,2.0
2019-06-06 09:00:00+00:00,1,-1.0413410523300972,stop,5,2.4379962083079714,2.0
2019-06-12 14:00:00+00:00,1,1.9390126585572824,target,31,1.9777214138631745,2.0
2019-06-15 22:00:00+00:00,1,1.9522786807288075,target,6,2.1312326123453036,2.0
2019-06-20 14:00:00+00:00,1,1.952437946439528,target,11,2.7373734524162763,2.0
2019-06-23 04:00:00+00:00,1,1.130432457851109,time,60,2.477535681281458,2.0
2019-06-27 14:00:00+00:00,-1,-0.47973616229745464,time,60,2.0466698470239457,2.0
2019-07-10 11:00:00+00:00,1,-1.0392729331921895,stop,3,1.9935847678669947,2.0
2019-07-12 18:00:00+00:00,1,-1.0367115764967625,stop,17,2.2739348336059604,2.0
2019-07-21 01:00:00+00:00,1,-1.036197248992609,stop,13,2.4680138796219815,2.0
2019-07-23 07:00:00+00:00,-1,1.9888926034531254,target,33,1.6998821073200332,2.0
2019-07-29 14:00:00+00:00,1,1.9370783955368398,target,47,2.0939919650880556,2.0
2019-08-16 16:00:00+00:00,1,-0.06230569137729078,time,60,3.42757264737318,2.0
2019-08-23 14:00:00+00:00,1,-1.0396977995077268,stop,19,3.479375048879328,2.0
2019-08-27 21:00:00+00:00,-1,-1.0685491665115305,stop,16,1.7242459367172702,2.0
2019-09-01 20:00:00+00:00,1,1.9253730426198423,target,17,2.41101170020074,2.0
2019-09-10 07:00:00+00:00,-1,1.9628820774197835,target,12,1.8569572776168175,2.0
2019-09-17 22:00:00+00:00,-1,1.9611156501595965,target,29,1.5855530629461552,2.0
2019-09-22 19:00:00+00:00,-1,1.9679083380740965,target,19,2.21093054115937,2.0
2019-10-02 17:00:00+00:00,-1,-1.0517488404080648,stop,6,2.1822523965665295,2.0
2019-10-11 05:00:00+00:00,1,-1.0431299840204191,stop,0,2.3090892591531755,2.0
2019-10-19 07:00:00+00:00,1,-1.159179750357316,stop,5,1.4450935647132248,2.323995054822517
2019-10-21 08:00:00+00:00,-1,-1.0834016427094586,stop,7,2.113256946946048,2.237660896210781
2019-10-27 15:00:00+00:00,1,-1.043377822476412,stop,32,1.8306185381767663,2.0
2019-10-29 20:00:00+00:00,-1,0.18124944243974783,time,60,2.6958404487471324,2.0
2019-11-01 16:00:00+00:00,-1,-1.033436136333445,stop,20,2.4166346863530968,2.0
2019-11-08 08:00:00+00:00,-1,1.965059321662522,target,5,2.589951420816422,2.0
2019-11-12 13:00:00+00:00,-1,0.8735185680648673,time,60,2.9120608100873864,2.0
2019-11-15 10:00:00+00:00,-1,0.15520706030953366,time,60,3.583373601776567,2.0
2019-11-20 20:00:00+00:00,-1,1.962358719253968,target,15,1.990408413303812,2.0
2019-11-28 15:00:00+00:00,-1,-1.0743461790389583,stop,0,1.262489440167668,2.8040868268428683
2019-12-01 03:00:00+00:00,-1,-0.13864179764385082,time,60,2.9555336560196803,2.0
2019-12-05 21:00:00+00:00,1,0.5885007074307822,time,60,2.029966855849534,2.0
2019-12-09 05:00:00+00:00,-1,-1.0828153868038477,stop,10,2.101409090234118,2.0
2019-12-12 01:00:00+00:00,-1,0.022651809732738094,time,60,3.3125144324282645,2.0
2019-12-21 00:00:00+00:00,1,-1.11103877066008,stop,9,1.7159628714980275,2.0
2019-12-22 08:00:00+00:00,1,1.9320733051527421,target,9,3.081640453988407,2.0
2019-12-26 12:00:00+00:00,-1,-1.0719840100776015,stop,4,2.748475930593552,2.0
2020-01-02 01:00:00+00:00,1,-1.2150522724023889,stop,1,1.208048701677733,2.0
2020-01-15 21:00:00+00:00,1,-1.0597731126706407,stop,4,1.665635787500513,2.0
2020-01-18 01:00:00+00:00,1,-1.068412582389087,stop,34,2.3019346991827305,2.0
2020-01-23 09:00:00+00:00,-1,0.6178633447502002,time,60,2.8047890445903967,2.0
2020-02-02 18:00:00+00:00,1,-1.0882036048935837,stop,5,2.072714688594291,2.0
2020-02-07 09:00:00+00:00,-1,-1.0584812708998121,stop,28,1.6091415009987318,2.0
2020-02-13 02:00:00+00:00,1,-1.0673799244261275,stop,6,2.3140914234409755,2.0
2020-02-16 22:00:00+00:00,-1,-1.051683298803426,stop,1,2.266300933221613,2.0
2020-02-24 21:00:00+00:00,-1,1.977898579765098,target,24,2.002753395830496,2.0
2020-03-11 07:00:00+00:00,-1,1.96081950068041,target,11,1.2259718860847704,2.0
2020-03-14 22:00:00+00:00,-1,-1.0113155859928202,stop,23,2.147931111201906,2.0
2020-03-16 21:00:00+00:00,-1,-1.0094035497631408,stop,10,2.503653543771451,2.0
2020-03-18 10:00:00+00:00,-1,-1.016204637492642,stop,14,2.2389052394297804,2.0
2020-03-22 02:00:00+00:00,1,-1.0291278284852303,stop,10,1.7066679554165298,2.0
2020-03-29 17:00:00+00:00,-1,-1.0340981659587098,stop,13,2.4034470792508724,2.0
2020-04-03 05:00:00+00:00,1,-1.0526590863207348,stop,11,1.5647434549677983,2.0
2020-04-11 02:00:00+00:00,-1,1.9435261036060951,target,15,0.8440257782643598,2.0
2020-04-18 12:00:00+00:00,1,-1.0946895020000413,stop,47,2.5909775356359526,2.0
2020-04-21 15:00:00+00:00,-1,-1.0381005877846248,stop,18,2.47731916103446,2.0
2020-04-27 12:00:00+00:00,1,1.931524021889227,target,46,2.2640306403147807,2.0
2020-05-01 02:00:00+00:00,-1,-1.0241787890573002,stop,9,2.00723608066286,2.155640461079296
2020-05-02 16:00:00+00:00,1,-1.0688227309640954,stop,22,2.1774586932391866,2.0
2020-05-07 16:00:00+00:00,1,-1.0561262803388505,stop,56,2.6468157752746975,2.0
2020-05-14 22:00:00+00:00,1,-1.0371051666653692,stop,4,2.176994880176056,2.0
2020-05-15 23:00:00+00:00,-1,-1.0206594091776837,stop,37,2.004141120452542,2.0
2020-05-21 10:00:00+00:00,-1,0.1857231313325225,time,60,2.4716298388717814,2.0
2020-06-10 19:00:00+00:00,1,-1.0476420455545192,stop,20,3.7787387437822635,2.0
2020-06-13 14:00:00+00:00,1,-1.1394049557216368,stop,24,1.7133135814954907,3.206398665589051
2020-06-15 01:00:00+00:00,-1,1.9342451727234542,target,2,1.5340063220664515,2.0
2020-06-16 11:00:00+00:00,1,-1.0906595952033205,stop,4,1.6923159142805788,2.0
2020-06-20 08:00:00+00:00,-1,-1.133145808299826,stop,3,1.5651103672224327,2.0
2020-06-24 07:00:00+00:00,1,-1.1129033220004987,stop,0,1.8349515948879755,2.0
2020-07-01 08:00:00+00:00,-1,-1.1987137711111384,stop,0,1.3049237120766481,2.0
2020-07-13 13:00:00+00:00,1,-1.1845914923398995,stop,6,1.6354012544352827,2.0
2020-07-21 04:00:00+00:00,1,1.817797956481339,target,3,1.5728845392580229,2.0
2020-07-21 22:00:00+00:00,1,-1.1384864742552367,stop,9,2.165530750156566,2.0
2020-07-24 20:00:00+00:00,1,1.8766890406842516,target,36,2.1355649687785214,2.0
2020-07-30 01:00:00+00:00,1,-1.0621306811728866,stop,6,1.6551710781824867,2.0
2020-08-15 06:00:00+00:00,1,-1.1043785899707155,stop,6,1.710497921366593,2.0
2020-08-21 09:00:00+00:00,-1,1.9456476788119998,target,12,1.9866279394920667,2.0
2020-08-24 05:00:00+00:00,1,-1.172491273713012,stop,26,2.066035092660791,2.0
2020-08-28 12:00:00+00:00,1,1.0300034753811418,time,60,2.6163659627632745,2.0
2020-09-07 02:00:00+00:00,1,-1.0504905462442198,stop,9,2.305733519607898,2.0
2020-09-15 21:00:00+00:00,1,-1.0637386379636498,stop,3,2.311216798897821,2.0
2020-09-18 02:00:00+00:00,-1,-1.1173338847650751,stop,7,1.5556925311827452,2.6799291973525805
2020-09-26 23:00:00+00:00,1,-1.157998992861345,stop,7,1.7233761552003302,2.0
2020-10-04 10:00:00+00:00,1,1.8466282895585722,target,28,2.106677007462928,2.0
2020-10-11 14:00:00+00:00,1,-1.1593376379410159,stop,7,1.604483979173094,2.0
2020-10-17 13:00:00+00:00,1,1.8589432574689198,target,48,2.3580436415455064,2.0
2020-10-22 10:00:00+00:00,1,0.738846303152905,time,60,1.6157736181699565,2.0
2020-10-26 05:00:00+00:00,1,-1.0885165137507782,stop,3,2.4629993388887756,2.0
2020-10-31 20:00:00+00:00,1,-1.0610627551685183,stop,39,2.7407249254384913,2.0
2020-11-03 03:00:00+00:00,-1,-1.0416969838060812,stop,10,2.6225909575230957,2.0
2020-11-05 06:00:00+00:00,1,1.958219557078885,target,6,2.136269292089037,2.0
2020-11-14 16:00:00+00:00,-1,-1.0339438196434403,stop,38,2.1307928198505746,2.0
2020-11-19 02:00:00+00:00,1,1.3142382091103855,time,60,2.410421542435873,2.0
2020-11-23 08:00:00+00:00,-1,-1.0327335639438915,stop,25,2.1703228476204144,2.0
2020-11-28 14:00:00+00:00,1,1.959574652487244,target,20,2.1692535407932567,2.0
2020-12-01 05:00:00+00:00,-1,2.181025047963043,target,8,2.1970018292776285,2.200596016997295
2020-12-05 22:00:00+00:00,-1,-1.1015382513643082,stop,2,1.5011600885466374,2.0
2020-12-06 12:00:00+00:00,1,-1.125524342584573,stop,1,1.3522457529761782,2.0
2020-12-15 11:00:00+00:00,1,1.9481929428346267,target,26,2.861380122153546,2.0
2020-12-28 15:00:00+00:00,1,-1.038978434387511,stop,7,1.9739648388641868,2.0
2020-12-31 10:00:00+00:00,1,-1.0368097495555733,stop,3,2.317269105058233,2.0
2021-01-02 05:00:00+00:00,1,1.962843793688772,target,7,2.3150040430424386,2.0
2021-01-17 13:00:00+00:00,-1,-1.0378514364634683,stop,3,1.3379603960388153,2.0
2021-01-19 11:00:00+00:00,1,-1.0575935138676666,stop,8,1.4229476108596102,2.0
2021-01-31 16:00:00+00:00,-1,-1.0214502182883396,stop,14,2.7060557883107705,2.0
2021-02-02 09:00:00+00:00,1,1.968996439063394,target,19,2.253319289049402,2.0
2021-02-05 18:00:00+00:00,1,-1.1027899157069316,stop,0,0.8509298790037688,2.0
2021-02-12 13:00:00+00:00,1,-1.0373381118784077,stop,1,2.049971507627111,2.0
2021-02-23 18:00:00+00:00,-1,-1.0059973260137165,stop,43,2.186864578965306,2.0
2021-02-27 08:00:00+00:00,-1,-1.0099433141162013,stop,55,2.227340984283051,2.0
2021-03-26 17:00:00+00:00,1,1.9516617409762052,target,23,1.5802607867210254,2.0
2021-03-31 07:00:00+00:00,1,-1.045455162521433,stop,0,2.3380211246108797,2.0
2021-04-02 01:00:00+00:00,-1,-1.0623949105987165,stop,1,2.1686708966394215,2.0
2021-04-02 11:00:00+00:00,1,-1.0795337565020036,stop,8,2.0601127056737134,2.0
2021-04-15 17:00:00+00:00,-1,1.9756967497194624,target,17,2.0916292235146634,2.0
2021-04-29 17:00:00+00:00,-1,-1.0306887989835203,stop,14,2.69303828837002,2.0
2021-05-04 14:00:00+00:00,-1,-1.034178915502744,stop,24,1.8686890570997923,2.0
2021-05-06 10:00:00+00:00,1,-1.0693082446891002,stop,8,1.4354817378272127,2.0
2021-05-08 15:00:00+00:00,1,-1.058154922757048,stop,0,1.6365212495032933,2.0
2021-05-09 20:00:00+00:00,-1,-1.096000051090719,stop,0,1.059466951710881,2.3146868736530024
2021-05-21 13:00:00+00:00,-1,1.9915470735004903,target,8,2.2918323570177512,2.0
2021-05-23 17:00:00+00:00,-1,-1.0102459633491208,stop,7,2.4365324435035496,2.0
2021-05-24 15:00:00+00:00,1,1.9627183085622508,target,39,1.171273084342029,2.0
2021-06-02 01:00:00+00:00,-1,-1.0240179780116907,stop,12,2.547514425299155,2.0
2021-06-10 00:00:00+00:00,1,-1.0391610763170769,stop,9,1.6499708143657428,2.0
2021-06-11 08:00:00+00:00,1,-1.0330823074700413,stop,18,2.407675234265355,2.0
2021-06-24 07:00:00+00:00,-1,-1.0731990676223688,stop,2,0.798997358948975,2.0
2021-07-10 15:00:00+00:00,1,-1.0809938398705892,stop,2,1.8343796764935985,2.0
2021-07-16 11:00:00+00:00,-1,-1.0534561890620902,stop,2,2.227613572074228,2.0
2021-07-19 07:00:00+00:00,1,-1.1239057179625818,stop,1,1.2130278304338897,2.0
2021-07-25 23:00:00+00:00,1,1.947544738473846,target,1,1.50348285388861,2.0
2021-07-27 23:00:00+00:00,1,-0.3416378826606305,time,60,2.6324996208148703,2.0
2021-08-01 14:00:00+00:00,-1,1.9655178515074085,target,8,1.8042834643742853,2.0
2021-08-12 11:00:00+00:00,-1,1.9631123272030664,target,5,1.605151715620184,2.0
2021-08-18 11:00:00+00:00,-1,-1.031134916095834,stop,31,2.048279926324134,2.0
2021-09-03 13:00:00+00:00,1,-1.0567320832533416,stop,9,2.0558290585318857,2.0
2021-09-09 01:00:00+00:00,1,-1.0888391078443094,stop,37,1.226183092568643,6.720097932263272
2021-09-10 21:00:00+00:00,-1,0.31032130723861706,time,60,2.9883606281612143,2.0
2021-09-19 23:00:00+00:00,-1,1.9738161627403126,target,8,2.8561380861886927,2.0
2021-09-21 18:00:00+00:00,-1,-1.0164048454225518,stop,24,2.6452544125655626,2.0
2021-09-23 15:00:00+00:00,1,-1.05079455583248,stop,18,2.0940125526973463,2.0
2021-09-29 02:00:00+00:00,-1,-1.0412342785597921,stop,10,1.9769733040231041,2.0
2021-10-03 10:00:00+00:00,-1,-1.0848588721575545,stop,7,1.8775461095149684,2.0
2021-10-08 06:00:00+00:00,1,0.9915979602840129,time,60,2.0587892681192823,2.0
2021-10-11 15:00:00+00:00,1,-1.0711324242415368,stop,23,1.7922926685732223,2.0
2021-10-13 00:00:00+00:00,-1,-1.0313358928548415,stop,21,2.2406205866631566,2.0
2021-10-15 00:00:00+00:00,-1,-1.0647284377220811,stop,2,1.7197772563418328,2.531167046716761
2021-11-03 05:00:00+00:00,-1,1.9652277602306003,target,13,1.8419755915167126,2.0
2021-11-04 08:00:00+00:00,-1,0.5794437081553175,time,60,2.1071922556169196,2.0
2021-11-18 16:00:00+00:00,-1,-0.2737285353927128,time,60,2.6562112219882414,2.0
2021-11-23 07:00:00+00:00,-1,-1.0596029233505007,stop,3,1.643853485221835,2.0
2021-11-24 14:00:00+00:00,-1,-1.0340077469062925,stop,10,3.005645312559472,2.0
2021-11-25 10:00:00+00:00,1,-1.0669245075620546,stop,22,2.3988412156109784,2.0
2021-12-03 14:00:00+00:00,1,-1.1048122399415983,stop,0,1.1433427935653309,2.0
2021-12-06 09:00:00+00:00,-1,-1.0249183487657305,stop,12,2.4999084552128625,2.0
2021-12-09 16:00:00+00:00,-1,-1.045207733807794,stop,21,1.5286938865394666,2.0
2021-12-19 11:00:00+00:00,1,-1.0704290430745556,stop,19,2.2378250852239585,2.0
2021-12-22 18:00:00+00:00,-1,-1.0375075618019858,stop,23,2.6616835055423,2.0
2021-12-24 17:00:00+00:00,-1,-1.0827025786450217,stop,1,1.736310196664418,2.52043470905902
2021-12-27 13:00:00+00:00,1,-1.0600605259228808,stop,11,3.133874676390244,2.0
2022-01-01 15:00:00+00:00,-1,-1.0683696644546254,stop,2,1.7884848760899434,2.0
2022-01-03 10:00:00+00:00,-1,1.9562225395038306,target,10,1.9575310308830638,2.0
2022-01-12 04:00:00+00:00,1,1.9521078409651622,target,17,2.1608406207725355,2.0
2022-01-17 21:00:00+00:00,-1,0.005921960359104508,time,60,2.308540999636972,2.0
2022-01-25 13:00:00+00:00,1,0.21725141371253556,time,60,2.09784559401314,2.0
2022-01-29 04:00:00+00:00,1,-1.0926042096238266,stop,44,1.7208401315749136,2.0
2022-02-01 22:00:00+00:00,1,-1.0509041056737751,stop,16,2.528852050542829,2.0
2022-02-03 15:00:00+00:00,-1,-1.0783395915085887,stop,1,1.446696533999311,2.0
2022-02-06 05:00:00+00:00,1,-1.1352252897603639,stop,10,1.3056794441502617,2.0
2022-02-14 12:00:00+00:00,-1,-1.099387194029293,stop,0,1.3512798149867016,2.0
2022-02-20 19:00:00+00:00,1,-1.095082387217052,stop,16,1.8367125568698717,2.1488406177896255
2022-02-26 22:00:00+00:00,1,-1.0524680835641373,stop,3,2.2392430402696286,2.0
2022-03-06 03:00:00+00:00,1,-1.100239080155841,stop,1,1.5765268541287838,4.932505224494118
2022-03-06 18:00:00+00:00,-1,1.9832039179321304,target,25,2.3995004205795745,2.0
2022-03-10 00:00:00+00:00,1,-1.1116833050263228,stop,1,0.9468716942490577,2.0
2022-03-14 21:00:00+00:00,-1,-1.0545891737067763,stop,1,2.5498903376675117,2.0
2022-03-15 22:00:00+00:00,1,1.9629631767456552,target,4,2.16632862666868,2.0
2022-03-16 20:00:00+00:00,1,0.4421886004934782,time,60,2.7958884371146557,2.0
2022-03-20 15:00:00+00:00,-1,1.9478553747281777,target,11,1.6904863595676516,2.0
2022-03-21 11:00:00+00:00,-1,-1.071349213263692,stop,15,1.8519339765227167,2.0
2022-03-25 21:00:00+00:00,1,1.9053982299299206,target,47,1.8988597442155297,2.0
2022-03-29 06:00:00+00:00,1,-1.080695778450702,stop,19,2.339548752967962,2.0
2022-03-31 05:00:00+00:00,-1,-1.086967166635215,stop,8,1.7736701255237335,2.0
2022-04-03 15:00:00+00:00,1,-1.0908694966417365,stop,9,2.0504931545648364,2.0
2022-04-04 14:00:00+00:00,1,-1.0734641685644073,stop,3,2.206735166456186,2.0
2022-04-08 00:00:00+00:00,-1,-1.0837425310447715,stop,8,1.5898181321679417,2.0
2022-04-20 06:00:00+00:00,1,1.9062826919514937,target,5,1.6333500318624115,2.0
2022-04-23 13:00:00+00:00,1,-1.0978266423133467,stop,27,2.6366896010583742,2.0
2022-04-25 06:00:00+00:00,-1,-1.0564978911703469,stop,10,2.335557972350872,2.0
2022-05-01 14:00:00+00:00,-1,-1.0874267135881734,stop,1,2.2350060581136777,2.0
2022-05-03 03:00:00+00:00,-1,-1.0488459796547076,stop,29,1.8438744122519772,2.0
2022-05-04 19:00:00+00:00,1,-1.0431353996700814,stop,19,3.234523737316645,2.0
2022-05-06 22:00:00+00:00,-1,1.974960652468439,target,24,1.4858057574115255,2.0
2022-05-16 17:00:00+00:00,-1,-1.0244429605277074,stop,10,2.6081685620492276,2.0
2022-05-27 01:00:00+00:00,-1,-0.4449402536291461,time,60,2.126291970126533,2.0
2022-05-29 23:00:00+00:00,1,1.9502938820331415,target,4,3.032519570113218,2.0
2022-06-04 04:00:00+00:00,-1,-1.0694202628425067,stop,10,2.0941891058731237,2.0
2022-06-14 10:00:00+00:00,-1,1.6088728722506496,time,60,1.766526720086141,2.0
2022-06-21 14:00:00+00:00,1,-1.0237853022206416,stop,10,2.886093542961637,2.0
2022-07-02 09:00:00+00:00,-1,-1.0375467717129845,stop,34,1.666264105965755,2.0
2022-07-07 04:00:00+00:00,1,1.9562041604962674,target,14,2.2540964436929594,2.0
2022-07-12 19:00:00+00:00,-1,-1.047753130025341,stop,16,1.9416372527648587,2.0
2022-07-22 15:00:00+00:00,1,-1.0445100361740294,stop,1,2.21448180470401,2.0
2022-07-24 18:00:00+00:00,1,-1.0693684136814792,stop,6,1.9350391809356247,2.0
2022-07-30 21:00:00+00:00,1,-1.0695729039760247,stop,1,1.606284784824373,2.0
2022-08-11 04:00:00+00:00,1,-1.0777793573110321,stop,19,1.8989207503742178,2.0
2022-08-14 01:00:00+00:00,1,-1.1196328255568397,stop,16,1.619032342284181,2.0
2022-08-25 12:00:00+00:00,1,-1.077609100942583,stop,19,2.751486742237094,2.0
2022-08-28 06:00:00+00:00,1,-1.0823472849922813,stop,17,2.565313695917725,5.20424785271989
2022-08-31 11:00:00+00:00,1,-1.055471597187592,stop,4,2.4898066799644223,2.0
2022-08-31 23:00:00+00:00,-1,0.7170369470123619,time,60,2.556723276988772,2.0
2022-09-11 21:00:00+00:00,1,1.9459343978550347,target,4,1.8738739395352721,2.0
2022-09-15 01:00:00+00:00,-1,0.6050296862422992,time,60,1.901691870521855,2.0
2022-09-18 17:00:00+00:00,-1,1.9649211858596138,target,9,2.4667093930688857,2.0
2022-09-26 07:00:00+00:00,-1,-1.079581703236445,stop,1,1.8943377089834297,2.0
2022-09-30 13:00:00+00:00,-1,-1.0435804892469895,stop,1,2.7237282110614935,2.0
2022-10-06 02:00:00+00:00,1,-1.062029814393631,stop,12,2.5793188318698883,2.0
2022-10-11 19:00:00+00:00,-1,1.990343215655675,target,41,2.8748858602479204,2.0
2022-10-26 14:00:00+00:00,1,-1.0914869739841488,stop,32,1.7900556417777707,2.0
2022-10-29 16:00:00+00:00,1,-1.0862405389164467,stop,24,2.5511014191648766,2.0
2022-10-31 01:00:00+00:00,-1,-1.0886384353512442,stop,9,2.214247147964586,2.0
2022-11-02 10:00:00+00:00,-1,-1.1243993390511007,stop,8,1.9502629773730915,2.0
2022-11-04 19:00:00+00:00,1,-0.7084481430445555,time,60,2.7598168035504314,2.0
2022-11-16 06:00:00+00:00,1,-1.0633319397033374,stop,6,2.1519570723893104,2.0
2022-11-16 19:00:00+00:00,-1,-1.0358245082974025,stop,29,2.5124181276027477,2.0
2022-11-20 08:00:00+00:00,1,-1.2430377445265686,stop,0,1.494297589788264,2.0
2022-11-22 04:00:00+00:00,-1,-1.0719396333215934,stop,9,1.5466578850134534,2.0
2022-11-25 02:00:00+00:00,-1,-1.0875140583092775,stop,23,1.9997747799763388,2.0
2022-11-26 17:00:00+00:00,-1,1.9518555597023515,target,32,1.8533614272990602,2.0
2022-12-06 18:00:00+00:00,-1,-1.1255492698750464,stop,5,2.260191098375702,2.0
2022-12-08 12:00:00+00:00,1,1.8996547251271785,target,6,2.7332350311462164,2.0
2022-12-26 12:00:00+00:00,1,-1.3340757931821896,stop,3,2.622252784350849,2.0
2023-01-06 18:00:00+00:00,-1,-1.261421543508922,stop,1,1.6341507873927659,2.0
2023-01-10 16:00:00+00:00,1,1.8749041148284824,target,31,2.8450255676577854,2.0
2023-01-15 23:00:00+00:00,1,-1.0964551092113648,stop,16,1.9854863118743444,2.0
2023-01-18 05:00:00+00:00,1,-1.0833873305001769,stop,10,2.270564536414941,2.0
2023-01-29 01:00:00+00:00,1,1.9228531942342528,target,17,2.701600901238657,2.0
2023-02-20 15:00:00+00:00,1,-1.0872723641020297,stop,1,1.5919621328963143,2.0
2023-03-06 03:00:00+00:00,1,-1.2193131320010822,stop,35,1.7410516370491587,2.0
2023-03-11 16:00:00+00:00,1,2.783487670835159,target,26,2.2561721251210023,2.830433847621316
2023-03-14 20:00:00+00:00,1,0.7305689272783199,time,60,2.6530158130064487,2.0
2023-03-27 03:00:00+00:00,1,-1.1089150261280665,stop,11,1.9766596596564765,2.0
2023-03-29 21:00:00+00:00,-1,-1.0945111806295167,stop,5,1.4693507002727548,3.6891987804129633
2023-04-05 09:00:00+00:00,1,-1.0808108551154532,stop,5,2.4360097751902408,2.0
2023-04-06 19:00:00+00:00,-1,0.057692227464262,time,60,2.56162702926368,2.0
2023-04-14 01:00:00+00:00,1,-1.059549724264955,stop,14,3.7082766068564643,2.0
2023-04-19 00:00:00+00:00,1,-1.1496514116910064,stop,2,1.3634886415384002,2.0
2023-04-26 21:00:00+00:00,1,0.6191377272928795,time,60,3.112045165012713,2.0
2023-04-29 17:00:00+00:00,1,-1.2882088360918165,stop,0,0.9279189320368365,2.0
2023-05-01 19:00:00+00:00,-1,-1.0558594634462086,stop,19,1.9795943551361204,2.0
2023-05-14 21:00:00+00:00,1,1.9218971966831948,target,9,2.707987833880619,2.0
2023-05-27 07:00:00+00:00,1,-1.2033261612782586,stop,6,1.928215517781007,2.0
2023-06-03 16:00:00+00:00,1,-1.1288069458893621,stop,3,3.1751802259849806,2.0
2023-06-08 15:00:00+00:00,1,-1.0868893791096457,stop,37,2.831317719411919,2.0
2023-06-14 12:00:00+00:00,1,-1.1558796690250883,stop,6,2.0692921815532754,2.0
2023-06-18 07:00:00+00:00,1,-1.1540532648992923,stop,16,2.2546775023217918,2.0
2023-06-29 19:00:00+00:00,1,-1.116982614755154,stop,1,1.8029403254102758,2.0
2023-07-11 23:00:00+00:00,1,-1.1329038461595478,stop,20,2.4494666041057243,2.0
2023-07-16 02:00:00+00:00,-1,-1.1957055359145845,stop,12,1.7300866861669268,2.0
2023-07-17 17:00:00+00:00,-1,1.954276011367922,target,23,2.318001206850757,2.0
2023-07-23 01:00:00+00:00,-1,-1.275686021260555,stop,1,1.7605645383592774,2.0
2023-07-27 01:00:00+00:00,1,-1.152779081216042,stop,17,2.1309453319003024,2.0
2023-08-20 06:00:00+00:00,-1,0.7935037559215805,time,60,2.3158902995997095,2.0
2023-08-30 23:00:00+00:00,-1,-1.086739239723143,stop,12,1.974604379862397,3.408410131205809
2023-09-04 07:00:00+00:00,1,-1.1725593894112165,stop,8,2.6816637933246144,2.0
2023-09-05 01:00:00+00:00,-1,-1.0729215830618082,stop,40,2.413209399791235,2.0
2023-09-08 14:00:00+00:00,1,-1.157747554485441,stop,53,2.228712230865774,2.0
2023-10-01 20:00:00+00:00,1,1.7953476697859192,target,2,1.5313543103683822,2.0
2023-10-07 15:00:00+00:00,1,-1.2831650827732037,stop,19,1.3573805220172472,2.0
2023-10-09 04:00:00+00:00,-1,1.889804307917428,target,5,1.964030245756811,2.0
2023-10-11 00:00:00+00:00,-1,1.9451834400881305,target,15,2.4934524228618575,2.0
2023-10-26 07:00:00+00:00,1,-1.0706951332741879,stop,4,2.1294178787845084,2.0
2023-10-29 02:00:00+00:00,-1,-1.1109117786995701,stop,9,2.6853172741535025,2.0
2023-11-07 05:00:00+00:00,-1,-1.1521410955330649,stop,13,1.4015279694979592,2.0
2023-11-22 15:00:00+00:00,-1,-1.0898029650191334,stop,3,1.625889696682108,2.0
2023-12-07 14:00:00+00:00,-1,-1.051249132532055,stop,24,2.321693227437958,2.0534709581033637
2023-12-13 03:00:00+00:00,-1,-1.054899665165389,stop,12,2.0064578309211427,2.0
2024-01-12 12:00:00+00:00,-1,1.956461346396027,target,3,1.4764033546582964,2.0
2024-01-16 08:00:00+00:00,1,-1.1060112283064738,stop,6,1.9508518520997982,2.0
2024-01-20 13:00:00+00:00,1,-1.304317698117115,stop,36,0.9938207758860771,2.0
2024-01-23 10:00:00+00:00,-1,-1.0374826442115208,stop,14,2.7995910631487186,2.0
2024-02-03 17:00:00+00:00,-1,-1.0567835631660842,stop,44,2.7940318085770866,2.5359541503318366
2024-02-10 21:00:00+00:00,1,1.9091349063602712,target,42,2.4197875766070425,2.0
2024-02-19 16:00:00+00:00,1,-1.1451320888248953,stop,8,1.6763651984690724,2.0
2024-02-21 14:00:00+00:00,-1,-1.0660993180666773,stop,9,1.8872884506899485,2.0
2024-02-22 09:00:00+00:00,1,-1.094470234452876,stop,4,1.8542048153002257,2.0
2024-02-26 14:00:00+00:00,-1,-1.1818826554007114,stop,0,1.4001532853580088,2.0
2024-03-08 17:00:00+00:00,1,0.26760313291799304,time,60,2.372983698069261,2.0
2024-03-13 20:00:00+00:00,1,-1.0654720605541568,stop,17,2.2830125566779853,2.0
2024-03-16 20:00:00+00:00,-1,-1.0396584684026395,stop,20,1.9327054305613156,2.0
2024-03-18 13:00:00+00:00,1,-1.055187466501543,stop,1,1.9555581888912088,2.0
2024-03-21 14:00:00+00:00,-1,1.987677782507589,target,23,2.2057014207192536,2.002485159598116
2024-03-28 23:00:00+00:00,1,-1.1408564838163757,stop,6,1.18188847895757,2.0
2024-04-06 07:00:00+00:00,1,1.921341880843862,target,33,2.0860994356602145,2.0
2024-04-16 15:00:00+00:00,-1,-1.0250632952657652,stop,14,2.7701988962480466,2.0
2024-05-06 08:00:00+00:00,1,-1.090849827419691,stop,4,2.089246267572437,2.0
2024-05-12 01:00:00+00:00,1,3.778653132323314,target,32,1.9880749417813561,3.901575400550699
2024-05-17 16:00:00+00:00,1,-1.0893047040439945,stop,51,2.7538384125479536,2.0
2024-05-20 09:00:00+00:00,-1,-1.089063987744533,stop,7,2.2831137381913176,2.0
2024-05-27 04:00:00+00:00,-1,-1.0899505102288771,stop,11,2.7728620658134733,2.0
2024-05-28 14:00:00+00:00,-1,-1.0684041822642916,stop,12,1.8615437862220439,2.0
2024-06-03 18:00:00+00:00,1,1.9255484901791584,target,45,2.3079709621179774,2.0
2024-06-15 02:00:00+00:00,-1,-1.0465431066819568,stop,44,1.82286060820646,2.0
2024-06-17 12:00:00+00:00,-1,-1.1417192486449617,stop,5,1.7223033927023708,2.0
2024-06-25 12:00:00+00:00,-1,-1.0993906207734423,stop,2,1.364722724315172,2.0
2024-06-26 18:00:00+00:00,-1,-1.0713747425700026,stop,19,1.9258067827550454,2.0
2024-06-30 02:00:00+00:00,-1,-1.2056311952627285,stop,5,1.7446277451634709,2.0
2024-07-05 17:00:00+00:00,-1,-1.033377309838368,stop,23,1.7714815836201632,2.0
2024-07-09 15:00:00+00:00,-1,-1.0429439946414676,stop,13,2.260522812651352,2.0
2024-07-23 14:00:00+00:00,-1,-1.0857026670769694,stop,0,1.6358862861423422,2.0
2024-07-28 22:00:00+00:00,1,1.931998386849965,target,5,2.291887293286781,2.0
2024-07-30 02:00:00+00:00,-1,1.5012820323278642,time,60,2.712835469544444,2.0
2024-08-11 02:00:00+00:00,1,-1.0982432179217767,stop,10,2.415865157421703,2.0
2024-08-18 01:00:00+00:00,1,-1.147876441723021,stop,22,2.1597039190208505,2.0
2024-08-20 19:00:00+00:00,1,1.9401372949037619,target,24,2.1457624966066167,2.0
2024-08-23 01:00:00+00:00,1,1.9509804699659916,target,17,2.961804006888647,2.0
2024-09-05 20:00:00+00:00,-1,1.9769968466301868,target,19,2.4365199997706566,2.0
2024-09-15 15:00:00+00:00,1,-1.155867279044177,stop,2,2.3147160947968204,2.0
2024-09-16 21:00:00+00:00,-1,-1.073912222802542,stop,8,1.9410330843643249,2.0
2024-10-16 16:00:00+00:00,1,-1.0836815085080593,stop,21,1.9571873379399973,2.0
2024-10-18 17:00:00+00:00,1,0.05084021033007418,time,60,2.644578029661065,2.0
2024-10-27 11:00:00+00:00,-1,-1.1682102862447457,stop,2,2.3840923970587764,2.0
2024-11-08 08:00:00+00:00,1,1.884906104924612,target,44,1.752358018768216,2.0
2024-11-14 02:00:00+00:00,1,-1.0503157823060283,stop,13,1.6761908897165252,2.0
2024-11-20 08:00:00+00:00,1,1.9518313185823155,target,20,2.486786354661642,2.0
2024-11-23 11:00:00+00:00,-1,1.9606464986346333,target,25,2.0772412032348857,2.0
2024-11-29 22:00:00+00:00,1,-1.1298058980277745,stop,3,1.4820928427712785,2.0
2024-12-11 15:00:00+00:00,1,1.1724806090855908,time,60,2.3930863404248064,2.0
2024-12-15 15:00:00+00:00,1,1.9141996318451606,target,8,2.2143433147531195,2.0
2024-12-27 02:00:00+00:00,1,-1.137065440561863,stop,5,1.2599021053888213,2.2134308987277933
2024-12-29 07:00:00+00:00,1,-1.1625231307770878,stop,7,2.0947576775731855,2.0
2025-01-02 15:00:00+00:00,1,0.4096204264055111,time,60,3.159374098841815,2.0
2025-01-09 14:00:00+00:00,-1,-1.0290787457848043,stop,17,3.4032178269893443,2.0
2025-01-29 21:00:00+00:00,1,-1.0730982997541407,stop,47,2.8133601968249238,2.0
2025-02-04 20:00:00+00:00,-1,0.8493543315580584,time,60,1.9282626505714568,2.0
2025-02-12 14:00:00+00:00,-1,-1.0568536780947348,stop,2,2.7173095684569195,2.0
2025-02-14 22:00:00+00:00,1,-0.9326783277034297,time,60,2.437782683083679,2.0
2025-02-18 01:00:00+00:00,-1,-1.1724468314986964,stop,0,1.2851732736058283,2.0
2025-02-18 11:00:00+00:00,-1,-1.182586834865464,stop,2,1.3316572909595747,2.0
2025-02-23 01:00:00+00:00,1,-1.3057089005579516,stop,4,1.2790311495759126,2.0
2025-03-01 22:00:00+00:00,1,1.9568416821532877,target,18,2.9344836291082768,2.0
2025-03-08 22:00:00+00:00,-1,1.9197979035101285,target,12,0.9295162194940524,2.0
2025-04-01 07:00:00+00:00,1,-1.1109767894403455,stop,7,1.784653112618799,2.0
2025-04-05 22:00:00+00:00,-1,1.9658473619278933,target,19,2.6008150044207303,2.0
2025-04-09 12:00:00+00:00,-1,-1.0402988326890168,stop,2,2.2044457440702545,2.0
2025-04-15 13:00:00+00:00,1,-1.0831037823710472,stop,4,2.2843540161103117,2.0
2025-04-23 22:00:00+00:00,-1,-1.0426806575401362,stop,38,1.9546576052073414,3.4016789241733356
2025-04-26 10:00:00+00:00,-1,-1.1378610139431053,stop,14,1.4529131800356294,2.0
2025-04-28 23:00:00+00:00,1,-1.1155864841049188,stop,38,2.5200330008118246,2.0
2025-05-03 19:00:00+00:00,-1,2.6839206418717576,target,18,1.1440992788073543,2.8222418757300525
2025-05-11 23:00:00+00:00,-1,-1.0801900365023358,stop,8,2.5329368332472635,2.0
2025-05-21 06:00:00+00:00,1,-1.092177017198013,stop,3,1.8340143942290654,2.0
2025-06-04 07:00:00+00:00,-1,1.9597327048727535,target,33,1.7871668754068442,2.0
2025-06-06 19:00:00+00:00,-1,-1.0344403645267803,stop,45,2.8025115736885047,2.0
2025-06-18 19:00:00+00:00,-1,-1.0343985171909094,stop,36,2.9462351751756026,2.0
2025-06-29 01:00:00+00:00,1,1.783134243326292,target,10,2.0706097633180875,2.0
2025-07-13 15:00:00+00:00,1,1.8929110184759987,target,12,2.388270132411632,2.0
2025-07-14 17:00:00+00:00,1,-1.0846825357865717,stop,8,2.1702211702322294,2.0
2025-07-16 15:00:00+00:00,1,-1.1189973273555054,stop,10,1.7150123573100022,2.0
2025-07-27 13:00:00+00:00,1,1.747677265228459,target,3,1.499737459302904,2.0
2025-07-29 01:00:00+00:00,-1,-1.1963582795065297,stop,2,1.3089570679476896,2.0
2025-08-03 21:00:00+00:00,1,1.8897034972245261,target,20,1.743909500714595,2.0668528684770027
2025-08-05 07:00:00+00:00,-1,-1.1555398922133286,stop,3,1.9654681498904831,2.0
2025-08-30 20:00:00+00:00,1,-1.187005713585855,stop,28,2.1866119100634855,2.0
2025-09-13 16:00:00+00:00,-1,-1.118667584384685,stop,37,1.767411078870982,2.0
2025-09-21 10:00:00+00:00,1,-1.3293845852221633,stop,6,2.1158439012283754,2.7447531363102033
2025-09-22 01:00:00+00:00,-1,1.9676136355179283,target,25,4.485328877352167,2.0
2025-09-25 14:00:00+00:00,-1,1.930883273469623,target,3,1.8807367256623455,2.0
2025-10-18 20:00:00+00:00,1,1.9066805145955428,target,31,2.517107495588692,2.0
2025-10-22 23:00:00+00:00,-1,-1.1016213207073875,stop,2,1.2511388625025248,2.0
2025-11-11 00:00:00+00:00,-1,-1.1384963304926567,stop,1,1.2604578123938268,4.686581637836554
2025-11-15 10:00:00+00:00,-1,2.0014056498023076,target,57,2.240353175004838,2.0
2025-11-23 12:00:00+00:00,1,0.6642783091703857,time,60,2.665499917830442,2.0
2025-11-28 01:00:00+00:00,-1,-1.100144297649591,stop,12,1.894724409132861,3.4959864815656396
2025-11-30 08:00:00+00:00,1,-1.2106269106454846,stop,15,1.816719999122435,2.0
2025-12-07 09:00:00+00:00,-1,1.9016586441136314,target,5,1.6687478048391666,2.0
2025-12-08 10:00:00+00:00,1,-1.0806665908608777,stop,5,2.1822746599315512,2.0
2025-12-15 12:00:00+00:00,-1,1.9448898729757989,target,3,2.6086403454008447,2.0
2025-12-19 15:00:00+00:00,1,0.28059359223660896,time,60,2.0917476819017238,2.0
2025-12-31 02:00:00+00:00,1,-1.0964062889351605,stop,14,2.816285406411184,2.0
2026-01-01 20:00:00+00:00,1,1.8837359497870987,target,14,2.9009875553001123,2.0
2026-01-07 19:00:00+00:00,-1,-1.0503660926656788,stop,44,1.6782129038236706,2.0
2026-01-11 02:00:00+00:00,-1,-1.3627804916869253,stop,10,1.3682503071038403,2.0
2026-01-15 09:00:00+00:00,1,-1.1028897725572004,stop,6,1.9249124570273788,2.0
2026-02-02 02:00:00+00:00,-1,1.957632154200284,target,1,1.204663058100152,2.0
2026-02-03 01:00:00+00:00,1,-1.0592002988243934,stop,13,2.1732973988210573,2.0
2026-02-05 11:00:00+00:00,-1,1.9772516173077674,target,4,1.8764118353673636,2.0
2026-02-11 15:00:00+00:00,-1,-1.0142445517010144,stop,48,3.106643273652717,2.0
2026-02-18 06:00:00+00:00,-1,1.9581981987395278,target,13,1.7999246250251426,2.0
2026-02-19 16:00:00+00:00,-1,-1.0689001789948975,stop,8,1.942938532248902,2.0
2026-02-21 18:00:00+00:00,1,-1.133274444609671,stop,19,2.170620027026478,2.0
2026-02-27 00:00:00+00:00,-1,-1.1071784122086075,stop,4,1.146525988628141,4.0051885661656055
2026-03-01 23:00:00+00:00,-1,-1.0411389074587887,stop,2,2.3500037327020107,2.0
2026-03-06 11:00:00+00:00,-1,1.9374456753443896,target,3,1.288976200202705,2.0
2026-03-09 14:00:00+00:00,1,0.08447506217422947,time,60,2.94796601491944,2.0
2026-03-12 15:00:00+00:00,-1,-1.0368413288862348,stop,9,3.034531656418422,2.0
2026-03-18 11:00:00+00:00,-1,1.9571839330478185,target,3,2.197286961943276,2.0
2026-03-19 23:00:00+00:00,-1,-1.0595097735412073,stop,9,1.9992136188941927,2.0
2026-03-25 13:00:00+00:00,1,-1.0768985818199526,stop,2,2.157315732415592,2.0
2026-03-27 08:00:00+00:00,-1,1.9568832601763393,target,2,2.2329282584657184,2.0
2026-03-31 00:00:00+00:00,1,1.93698357804492,target,1,1.7050580889146332,2.0
2026-04-01 10:00:00+00:00,1,-1.0811749028734134,stop,15,2.0984363015445493,2.0
2026-04-04 15:00:00+00:00,1,-1.2510792619589404,stop,15,1.8303667779256525,2.0
2026-04-06 19:00:00+00:00,1,-1.0836805498455615,stop,3,2.3218573663720683,2.0
2026-04-14 18:00:00+00:00,1,-1.1092296270535595,stop,0,1.2532230289652821,2.0
2026-04-19 03:00:00+00:00,-1,1.9591753676452608,target,19,2.5475847308715145,2.0
2026-05-05 05:00:00+00:00,1,1.8869751655823472,target,30,1.5729552204131751,2.0
2026-05-10 11:00:00+00:00,1,-1.2247406621579648,stop,9,2.468807889406148,2.0
2026-05-11 14:00:00+00:00,1,-1.154386385381286,stop,25,1.8614687332051563,2.0
2026-05-13 04:00:00+00:00,1,-1.1152979859263978,stop,8,2.5244320381199548,2.0
2026-05-21 00:00:00+00:00,1,-1.1908197851255373,stop,13,1.4321375276204031,2.0
2026-05-27 13:00:00+00:00,-1,1.9228851597042427,target,8,1.5037193520653016,2.0
2026-05-31 03:00:00+00:00,1,-1.2486107036659377,stop,11,1.7415945578024752,2.0
2026-06-06 03:00:00+00:00,-1,-1.0269617252050336,stop,29,1.8399017789439513,2.0
2026-06-09 14:00:00+00:00,-1,-1.0236627219778192,stop,51,2.3738193841155155,2.0
2026-06-17 07:00:00+00:00,-1,-1.090866205408894,stop,9,2.057294253945854,2.0
2026-06-23 21:00:00+00:00,1,-1.128778612463185,stop,16,1.7542659822614148,2.1048927336075463
2026-07-02 17:00:00+00:00,1,0.8685003692016695,time,60,2.197963236103389,2.0
2026-07-05 22:00:00+00:00,1,-1.1000051816172594,stop,14,2.668012557738483,2.0
2026-07-09 03:00:00+00:00,-1,-1.0889479641054873,stop,2,1.9277437059443223,2.0
2026-07-23 00:00:00+00:00,1,-1.116030712706755,stop,7,2.3082308568916767,2.0
2026-08-04 05:00:00+00:00,1,-1.1346784017729514,stop,5,1.79359418771406,2.0
2026-08-10 13:00:00+00:00,-1,1.963904933382949,target,26,3.0550894344064443,2.0
2026-08-27 14:00:00+00:00,1,1.9094806329374738,target,11,1.377678962622597,2.0
2026-08-30 05:00:00+00:00,-1,-1.2767942660621971,stop,7,1.2595203621734183,2.1208835491495392
2026-08-31 16:00:00+00:00,1,-1.1252380093806376,stop,20,1.725809943422412,2.0
2026-09-17 20:00:00+00:00,1,1.919566831360326,target,13,2.0732092667315385,2.0
2026-09-19 17:00:00+00:00,1,-1.1292385086382832,stop,3,2.1546457521036335,2.0
2026-09-24 15:00:00+00:00,-1,-1.04952411539575,stop,20,2.276863841769849,2.0
