uuid,date,tf,y,dist_atr,default map,calibrated map,his,jitter
XgXo4eSr,2018-03-28,1D,8366.0,0.7779072051309532,0.0,,,
XgXo4eSr,2018-03-28,1D,7933.062853143658,0.1914803795896227,,1.0,,
bgMWJQQP,2018-04-05,240,7051.54,1.1762432264699496,1.0,,,
bgMWJQQP,2018-04-05,240,7051.54,1.1762432264699496,,1.0,,
QgBVFOOX,2018-04-09,240,7106.5,-0.12162707325462485,0.0,,,
QgBVFOOX,2018-04-09,240,7723.03,4.067576249297071,1.0,,,
QgBVFOOX,2018-04-09,240,6928.7,-1.3297440355268462,,0.0,,
QgBVFOOX,2018-04-09,240,7392.38,1.8208727983673234,,0.0,,
pQphnF7o,2018-04-10,240,7004.3,1.3513558336741147,0.0,,,
pQphnF7o,2018-04-10,240,6622.34,-0.9508915982177912,,,,
pQphnF7o,2018-04-10,240,7004.3,1.3513558336741147,,0.0,,
dnA8hsLM,2018-04-11,240,6777.673745675645,-0.49955263660698396,1.0,,,
dnA8hsLM,2018-04-11,240,7004.3,1.2022077288589843,0.0,,,
dnA8hsLM,2018-04-11,240,6782.953745675644,-0.4599045616015179,,1.0,,
dnA8hsLM,2018-04-11,240,7002.381254324356,1.1877996658922478,,0.0,,
6ptsnod2,2018-04-12,240,6771.410111562773,-0.5028025448258788,,,,
6ptsnod2,2018-04-12,240,6776.6901115627725,-0.4605016819214482,,,,
6ptsnod2,2018-04-12,240,7008.644888437228,1.397810290918435,,0.0,,
bt7zkiCt,2018-04-20,240,8282.0,-0.2690680913674581,,,,
bt7zkiCt,2018-04-20,240,8331.67,0.07361427012540506,0.0,,,
bt7zkiCt,2018-04-20,240,8282.0,-0.2690680913674581,,,,
bt7zkiCt,2018-04-20,240,8331.67,0.07361427012540506,,0.0,,
s65Bu2fR,2018-04-24,1D,7860.83,-2.2689745387191937,0.0,,,
s65Bu2fR,2018-04-24,1D,11233.41,4.776562004014181,,,,
s65Bu2fR,2018-04-24,1D,8748.2224023427,-0.41515473357018157,,1.0,,
s65Bu2fR,2018-04-24,1D,11233.41,4.776562004014181,,,,
aUo0MCFB,2018-04-25,1D,9298.639373603937,-0.695735390995876,1.0,,,
aUo0MCFB,2018-04-25,1D,11233.41,3.1572700610752125,,,,
aUo0MCFB,2018-04-25,1D,9268.999373603936,-0.7547620683918008,,1.0,,
aUo0MCFB,2018-04-25,1D,11233.41,3.1572700610752125,,,,
KduoyBeU,2018-05-09,1D,8890.0,-0.5854612655291698,,,0.0,0.5522388059701493
KduoyBeU,2018-05-09,1D,7820.0,-2.8413709278008055,,,0.0,0.5990783410138248
KduoyBeU,2018-05-09,1D,7860.83,-2.7552879450806644,0.0,,,
KduoyBeU,2018-05-09,1D,9393.99,0.4771143519365135,,,,
KduoyBeU,2018-05-09,1D,8744.942329809654,-0.8912902372759126,,0.0,,
KduoyBeU,2018-05-09,1D,9260.0,0.19461964572363882,,1.0,,
jV6dSQvw,2018-05-17,1D,7823.311,-1.0972155248928763,,,0.0,0.7824675324675324
jV6dSQvw,2018-05-17,1D,6813.52,-3.2145532397583705,1.0,,,
jV6dSQvw,2018-05-17,1D,8647.29,0.6305101262142919,,,,
jV6dSQvw,2018-05-17,1D,8195.99,-0.3157792650744009,,0.0,,
jV6dSQvw,2018-05-17,1D,8487.868436971905,0.29623373836552486,,1.0,,
AoogGuZ0,2018-06-22,1D,6106.9941,-1.950953654255415,,,1.0,0.5291970802919708
AoogGuZ0,2018-06-22,1D,8208.81,4.756562476691799,1.0,,,
AoogGuZ0,2018-06-22,1D,7026.9,0.9847381269341335,,1.0,,
xdiMLVml,2018-07-18,1D,6737.1067,-1.8228751467595918,,,1.0,0.7368421052631579
xdiMLVml,2018-07-18,1D,7730.0,1.3324772020747255,,,1.0,0.7027027027027027
xdiMLVml,2018-07-18,1D,8040.0,2.3176376701115617,,,0.0,0.6979166666666666
xdiMLVml,2018-07-18,1D,9900.0,8.228600478332577,,,,
xdiMLVml,2018-07-18,1D,8700.0,4.415076085931922,,,,0.6404494382022472
xdiMLVml,2018-07-18,1D,6841.81,-1.490134656330555,1.0,,,
xdiMLVml,2018-07-18,1D,6841.81,-1.490134656330555,,1.0,,
xdiMLVml,2018-07-18,1D,7689.28,1.2030716076925958,,1.0,,
DOTrg7xF,2018-07-25,1D,7800.0,-1.6942090762125508,,,1.0,0.3949843260188088
DOTrg7xF,2018-07-25,1D,9860.0,4.085680457261863,,,,1.0
DOTrg7xF,2018-07-25,1D,11500.0,8.687145911095863,,,,
DOTrg7xF,2018-07-25,1D,7494.99,-2.5499974774771297,0.0,,,
DOTrg7xF,2018-07-25,1D,7773.861146778772,-1.767548728712744,,1.0,,
DOTrg7xF,2018-07-25,1D,8647.29,0.6830931581648962,,,,
hTLBwtxP,2018-08-17,1D,7730.0,3.619134228285356,,,,0.6583333333333333
hTLBwtxP,2018-08-17,1D,6800.0,1.2429827324714908,,,1.0,0.865546218487395
hTLBwtxP,2018-08-17,1D,5560.0,-1.9252192619469954,,,,0.6375545851528385
hTLBwtxP,2018-08-17,1D,6307.4,-0.015611059827337738,1.0,,,
hTLBwtxP,2018-08-17,1D,6736.52,1.0807912303701328,1.0,,,
hTLBwtxP,2018-08-17,1D,6584.25,0.6917411354587583,,0.0,,
t613ZSro,2018-11-15,1D,4950.0,-3.912618312928851,,,0.0,0.658
t613ZSro,2018-11-15,1D,6100.0,3.05353960360469,,,,
t613ZSro,2018-11-15,1D,6302.742130648742,4.28165586311218,,,,
0PHJKuYP,2019-04-17,1D,6000.0,3.8271761687825774,,,0.0,0.518
0PHJKuYP,2019-04-17,1D,5500.0,1.427903271869091,,,1.0,0.5890052356020943
0PHJKuYP,2019-04-17,1D,4036.7773517862074,-5.593437612149568,,,,
0PHJKuYP,2019-04-17,1D,3880.7248517862076,-6.342262679640751,,,,
tjFWULv0,2019-05-05,1D,6000.0,1.1168477237643915,,,0.0,0.3827893175074184
tjFWULv0,2019-05-05,1D,6500.0,3.489585611515379,,,0.0,0.464
tjFWULv0,2019-05-05,1D,5555.0,-0.9948889963339873,,,,0.375
tjFWULv0,2019-05-05,1D,5330.0,-2.0626210458219316,,,,0.5564853556485355
tjFWULv0,2019-05-05,1D,5220.030269954132,-2.5844797357930918,,,,
tjFWULv0,2019-05-05,1D,5220.030269954132,-2.5844797357930918,,,,
8fqVhIrl,2019-05-15,1D,8400.0,0.9824287239413978,,,1.0,0.766
8fqVhIrl,2019-05-15,1D,8900.0,2.168936844643569,,,1.0,0.672
8fqVhIrl,2019-05-15,1D,9800.0,4.304651461907477,,,0.0,0.768
8fqVhIrl,2019-05-15,1D,7450.0,-1.2719367053927275,,,1.0,0.9786223277909739
8fqVhIrl,2019-05-15,1D,7000.0,-2.339794014024682,,,1.0,0.9877300613496932
8fqVhIrl,2019-05-15,1D,5627.0,-5.597945313472844,,,,
8fqVhIrl,2019-05-15,1D,5627.0,-5.597945313472844,,,,
NQBEaUWa,2020-02-24,1D,12000.0,4.99855914146722,,,,
NQBEaUWa,2020-02-24,1D,8500.0,-3.599358577381046,,,1.0,0.24267782426778242
NQBEaUWa,2020-02-24,1D,9595.72,-0.9076698908392126,1.0,,,
NQBEaUWa,2020-02-24,1D,10190.3,0.5529443712387307,,,,
NQBEaUWa,2020-02-24,1D,9595.72,-0.9076698908392126,,1.0,,
NQBEaUWa,2020-02-24,1D,10190.3,0.5529443712387307,,,,
P5UYhsdb,2020-02-27,1D,8000.0,-1.761580662141252,,,1.0,0.3944020356234097
P5UYhsdb,2020-02-27,1D,9500.0,1.6288563544003667,,,,0.8134920634920635
P5UYhsdb,2020-02-27,1D,8463.57,-0.7137774036357871,1.0,,,
P5UYhsdb,2020-02-27,1D,8901.02,0.27498704495496856,1.0,,,
P5UYhsdb,2020-02-27,1D,8463.57,-0.7137774036357871,,1.0,,
P5UYhsdb,2020-02-27,1D,8901.02,0.27498704495496856,,1.0,,
4mfF17iq,2021-01-14,60,39000.0,1.483891461817499,,,1.0,0.644927536231884
4mfF17iq,2021-01-14,60,40000.0,2.765727162185926,,,1.0,0.726530612244898
4mfF17iq,2021-01-14,60,42000.0,5.329398562922781,,,,0.9083969465648855
4mfF17iq,2021-01-14,60,35494.17,-3.0100065916051464,1.0,,,
4mfF17iq,2021-01-14,60,37061.41,-1.0010624085597257,,0.0,,
4mfF17iq,2021-01-14,60,38453.04,0.7827786071439852,,1.0,,
hsA05LpI,2021-01-18,240,42000.0,4.4407189162914955,,,,0.9910714285714286
hsA05LpI,2021-01-18,240,30200.0,-3.1458355185066766,,,1.0,0.6911196911196911
hsA05LpI,2021-01-18,240,31500.0,-2.3100286739950135,1.0,,,
hsA05LpI,2021-01-18,240,39100.0,2.5762267246885546,,,,
hsA05LpI,2021-01-18,240,33842.48,-0.8039818915860266,,1.0,,
hsA05LpI,2021-01-18,240,36327.5,0.7937078966819504,,1.0,,
