uuid,symbol,tf,src,kind,t,y,held,placebo,placebo_reach
XgXo4eSr,BTCUSD,1D,daily,sloped x sloped,2018-04-24 19:00,9405.695300000094,1.0,1.0,0.035
r0mqrn5B,XAUUSD,1D,hourly,horizontal alone,,1296.0,,0.6326530612244898,0.49
bgMWJQQP,BTCUSD,240,hourly,sloped x sloped,2018-04-07 19:26,7677.874582864035,,0.782608695652174,0.23
bgMWJQQP,BTCUSD,240,hourly,sloped x sloped,2018-04-09 03:53,7511.3191,,0.6790123456790124,0.405
iueMawPp,USDJPY,1D,hourly,sloped x sloped,2018-04-14 09:54,104.65625999999996,,0.36363636363636365,0.275
iueMawPp,USDJPY,1D,hourly,sloped x sloped,2018-04-17 14:08,104.37199999999972,,0.68,0.125
QgBVFOOX,BTCUSD,240,hourly,sloped x sloped,2018-04-10 11:24,6720.696399999946,1.0,0.36363636363636365,0.055
QgBVFOOX,BTCUSD,240,hourly,sloped x sloped,2018-04-09 12:20,6852.311499999776,1.0,0.7951807228915663,0.415
yNJsLBBs,SPX,1D,daily,sloped x sloped,2018-05-15 23:58,2674.3235999999974,,1.0,0.04
m0wjB7Ck,AUDUSD,1W,hourly,sloped x sloped,2018-05-30 01:18,0.7702924100000003,,0.25862068965517243,0.29
5XpcmGRg,GBPUSD,1D,daily,sloped x sloped,2018-05-15 08:14,1.4215745000000022,,,0.0
io3N6vWF,NZDUSD,1D,hourly,sloped x sloped,2018-04-29 02:52,0.7179837799999996,,0.39285714285714285,0.28
io3N6vWF,NZDUSD,1D,hourly,sloped x sloped,2018-04-23 17:07,0.7199494600000005,0.0,0.0,0.23
HCQt5YkV,USOIL,1D,daily,sloped x sloped,2018-05-22 19:34,75.62552699999995,,0.5131578947368421,0.38
EbEM9py1,USDCAD,1D,hourly,sloped x sloped,2018-05-23 22:16,1.2412387999999996,,1.0,0.04
iNVz9EjJ,XVGBTC,240,hourly,sloped x sloped,2018-04-21 02:20,1.0041865e-05,,0.02564102564102564,0.195
Z2lX17SW,GBPUSD,1D,hourly,sloped x sloped,2018-05-22 22:51,1.4263253000000014,,,0.0
Z2lX17SW,GBPUSD,1D,hourly,sloped x sloped,2018-05-15 08:14,1.4215745000000022,,,0.0
qBe7HdBR,EOSUSD,1D,hourly,channel x horizontal,2018-05-06 13:27,9.6848858,,,0.0
qBe7HdBR,EOSUSD,1D,hourly,horizontal alone,,9.6848858,0.0,0.48854961832061067,0.655
JEqyThd4,ICXBTC,240,hourly,channel x horizontal,2018-04-20 12:05,0.000352,,0.8627450980392157,0.255
JEqyThd4,ICXBTC,240,hourly,horizontal alone,,0.000352,,0.24050632911392406,0.395
Jt9lNJ3w,XVGBTC,240,hourly,horizontal alone,,7.7707884e-06,1.0,1.0,0.06
kAgQevHw,GOLD,1D,daily,sloped x sloped,2018-06-02 18:38,1361.9392999999998,,0.8076923076923077,0.13
kAgQevHw,GOLD,1D,daily,sloped x sloped,2018-05-28 13:03,1358.1343999999995,,0.7096774193548387,0.155
s65Bu2fR,BTCUSD,1D,hourly,sloped x sloped,2018-04-25 09:04,8853.185,1.0,1.0,0.19
j85wMcBb,XAUUSD,1D,daily,sloped x sloped,2018-05-18 03:19,1292.247,1.0,,0.0
j85wMcBb,XAUUSD,1D,daily,sloped x sloped,2018-06-01 18:16,1297.0342000000003,1.0,1.0,0.035
j85wMcBb,XAUUSD,1D,daily,horizontal alone,,1307.0,1.0,0.7441860465116279,0.215
g0gwLOYV,XVGBTC,240,hourly,horizontal alone,,9.8e-06,,0.3263157894736842,0.475
lPoLjkV0,EURUSD,1D,hourly,horizontal alone,,1.2084244,,0.2962962962962963,0.54
URnWkur7,GBPJPY,1W,hourly,channel x horizontal,2018-11-01 04:01,147.30422,0.0,1.0,0.08
URnWkur7,GBPJPY,1W,hourly,channel x horizontal,2019-01-11 10:16,144.80398,,,0.0
URnWkur7,GBPJPY,1W,hourly,channel x horizontal,2018-07-28 11:53,140.14197,1.0,0.44,0.375
URnWkur7,GBPJPY,1W,hourly,horizontal alone,,147.30422,0.0,0.9423076923076923,0.26
URnWkur7,GBPJPY,1W,hourly,horizontal alone,,144.80398,1.0,0.9024390243902439,0.205
URnWkur7,GBPJPY,1W,hourly,horizontal alone,,140.14197,1.0,0.6582278481012658,0.395
P6iW0M4l,XAUUSD,1D,daily,horizontal alone,,1303.2536,1.0,1.0,0.3
P6iW0M4l,XAUUSD,1D,daily,horizontal alone,,1295.1345,1.0,0.9411764705882353,0.34
P6iW0M4l,XAUUSD,1D,daily,horizontal alone,,1325.1055,,0.9139784946236559,0.465
2B3EcjVX,ICXBTC,240,hourly,sloped x sloped,2018-05-05 08:37,0.00048483638506879216,,0.47368421052631576,0.285
2B3EcjVX,ICXBTC,240,hourly,horizontal alone,,0.000444,1.0,1.0,0.255
2B3EcjVX,ICXBTC,240,hourly,horizontal alone,,0.000395,,0.7619047619047619,0.42
BXNc15H1,BCHUSD,1D,hourly,horizontal alone,,882.69379,1.0,0.3211009174311927,0.545
BXNc15H1,BCHUSD,1D,hourly,horizontal alone,,1795.8951,,0.4791666666666667,0.48
BXNc15H1,BCHUSD,1D,hourly,horizontal alone,,1563.8331,0.0,0.45544554455445546,0.505
BXNc15H1,BCHUSD,1D,hourly,horizontal alone,,1235.3039,0.0,0.59375,0.64
TaKH76iS,GBPAUD,1D,daily,horizontal alone,,1.7933638,1.0,0.6446280991735537,0.605
KduoyBeU,BTCUSD,1D,hourly,trend x horizontal,2018-05-13 15:53,7820.0,,0.17045454545454544,0.44
KduoyBeU,BTCUSD,1D,hourly,horizontal alone,,8890.0,0.0,0.5148514851485149,0.505
KduoyBeU,BTCUSD,1D,hourly,horizontal alone,,7820.0,0.0,0.5046728971962616,0.535
SvlgCU0W,ADABTC,240,hourly,horizontal alone,,3.5e-05,,0.1485148514851485,0.505
SvlgCU0W,ADABTC,240,hourly,horizontal alone,,3e-05,1.0,0.23529411764705882,0.51
3f8FWYqE,EOSBTC,1D,hourly,sloped x sloped,2018-06-02 20:49,0.0013237788,,0.6597938144329897,0.485
3f8FWYqE,EOSBTC,1D,hourly,sloped x sloped,2018-06-05 08:00,0.0012418519,,0.5967741935483871,0.31
4tNT1T9p,XRPUSD,1D,hourly,horizontal alone,,0.90803,,0.034482758620689655,0.29
4tNT1T9p,XRPUSD,1D,hourly,horizontal alone,,0.59,1.0,0.11764705882352941,0.255
NMFvwiUR,EURUSD,240,hourly,horizontal alone,,1.185,1.0,0.574468085106383,0.705
5nXsAMMl,NZDUSD,1D,hourly,horizontal alone,,0.68,,0.5288461538461539,0.52
5nXsAMMl,NZDUSD,1D,hourly,horizontal alone,,0.69,0.0,0.6823529411764706,0.425
jV6dSQvw,BTCUSDT,1D,daily,sloped x sloped,2018-05-18 23:39,7104.132763824936,,0.5306122448979592,0.245
jV6dSQvw,BTCUSDT,1D,daily,horizontal alone,,7823.311,0.0,0.8571428571428571,0.525
OBBbsxnn,XAUUSD,1W,daily,trend x horizontal,2018-10-24 09:29,1290.0,,0.5671641791044776,0.335
OBBbsxnn,XAUUSD,1W,daily,sloped x sloped,2019-02-28 23:47,1382.0105999999994,,0.9852941176470589,0.34
OBBbsxnn,XAUUSD,1W,daily,sloped x sloped,2019-01-15 18:19,1367.8875,,0.30434782608695654,0.345
OBBbsxnn,XAUUSD,1W,daily,horizontal alone,,1247.0,0.0,0.7189542483660131,0.765
OBBbsxnn,XAUUSD,1W,daily,horizontal alone,,1290.0,1.0,0.5583333333333333,0.6
obpZ33EH,ADAUSD,240,hourly,sloped x sloped,2018-05-22 14:10,0.22647389999999082,0.0,0.2727272727272727,0.275
obpZ33EH,ADAUSD,240,hourly,sloped x sloped,2018-05-21 22:38,0.23233340000000535,,0.26785714285714285,0.28
obpZ33EH,ADAUSD,240,hourly,horizontal alone,,0.281,,0.05555555555555555,0.09
obpZ33EH,ADAUSD,240,hourly,horizontal alone,,0.322,,,0.0
obpZ33EH,ADAUSD,240,hourly,horizontal alone,,0.38832177,,,0.0
bGcF8BOj,GBPUSD,1D,hourly,horizontal alone,,1.36,,0.43820224719101125,0.445
bGcF8BOj,GBPUSD,1D,hourly,horizontal alone,,1.376,,0.7586206896551724,0.145
zwdKLt7J,LTCUSD,1D,hourly,trend x horizontal,2018-06-07 21:19,177.0,,,0.0
zwdKLt7J,LTCUSD,1D,hourly,sloped x sloped,2018-07-05 13:05,113.5408800000015,,1.0,0.14
zwdKLt7J,LTCUSD,1D,hourly,horizontal alone,,177.0,,,0.0
qUy7k9E8,ETHUSD,1D,hourly,horizontal alone,,620.0,,0.76,0.375
qUy7k9E8,ETHUSD,1D,hourly,horizontal alone,,705.0,,1.0,0.02
qUy7k9E8,ETHUSD,1D,hourly,horizontal alone,,820.0,,,0.0
2en0ANpB,GBPUSD,1D,hourly,horizontal alone,,1.304,1.0,0.9036144578313253,0.415
2en0ANpB,GBPUSD,1D,hourly,horizontal alone,,1.323,1.0,1.0,0.4
hxmaxIK5,ETHUSD,240,hourly,trend x horizontal,2018-06-23 21:17,543.85356,,,0.0
hxmaxIK5,ETHUSD,240,hourly,horizontal alone,,543.85356,,0.23232323232323232,0.495
AoogGuZ0,BTCUSD,1D,hourly,trend x horizontal,2018-07-13 04:32,6106.9941,1.0,0.18181818181818182,0.11
AoogGuZ0,BTCUSD,1D,hourly,horizontal alone,,6106.9941,1.0,0.5818181818181818,0.55
1VMSrAFx,USDCNH,1W,daily,sloped x sloped,2018-06-27 20:35,6.6765719,1.0,0.0,0.595
1VMSrAFx,USDCNH,1W,daily,sloped x sloped,2018-08-06 11:43,6.6537057,,0.532608695652174,0.46
1VMSrAFx,USDCNH,1W,daily,horizontal alone,,6.46,,0.375,0.32
OXtGXkdG,NZDUSD,240,hourly,horizontal alone,,0.678,0.0,0.7419354838709677,0.465
OXtGXkdG,NZDUSD,240,hourly,horizontal alone,,0.669,,0.9,0.4
jkl6Yz7f,USOIL,1D,daily,horizontal alone,,72.5,1.0,1.0,0.34
jkl6Yz7f,USOIL,1D,daily,horizontal alone,,67.0,,0.9382716049382716,0.405
xdiMLVml,BTCUSD,1D,hourly,trend x horizontal,2018-08-07 05:28,8040.0,,0.029850746268656716,0.335
xdiMLVml,BTCUSD,1D,hourly,horizontal alone,,6737.1067,0.0,0.5443037974683544,0.79
xdiMLVml,BTCUSD,1D,hourly,horizontal alone,,7730.0,0.0,0.35374149659863946,0.735
xdiMLVml,BTCUSD,1D,hourly,horizontal alone,,8040.0,0.0,0.45098039215686275,0.51
xdiMLVml,BTCUSD,1D,hourly,horizontal alone,,9900.0,,,0.0
xdiMLVml,BTCUSD,1D,hourly,horizontal alone,,8700.0,,0.5360824742268041,0.485
DOTrg7xF,BTCUSD.P,1D,hourly,trend x horizontal,2018-08-18 13:59,7800.0,,0.11764705882352941,0.085
DOTrg7xF,BTCUSD.P,1D,hourly,horizontal alone,,7800.0,0.0,0.056451612903225805,0.62
DOTrg7xF,BTCUSD.P,1D,hourly,horizontal alone,,9860.0,,,0.0
DOTrg7xF,BTCUSD.P,1D,hourly,horizontal alone,,11500.0,,,0.0
pohTOCdv,USDCAD,1D,hourly,trend x horizontal,2018-09-04 11:11,1.309,0.0,1.0,0.075
pohTOCdv,USDCAD,1D,hourly,trend x horizontal,2018-08-04 18:28,1.297,1.0,0.0,0.02
pohTOCdv,USDCAD,1D,hourly,channel x horizontal,2018-08-02 02:29,1.297,1.0,0.5,0.04
pohTOCdv,USDCAD,1D,hourly,sloped x sloped,2018-08-03 10:04,1.2964723910124683,,,0.0
pohTOCdv,USDCAD,1D,hourly,sloped x sloped,2018-08-04 18:32,1.3232537360735086,,0.25,0.18
pohTOCdv,USDCAD,1D,hourly,horizontal alone,,1.309,1.0,1.0,0.27
pohTOCdv,USDCAD,1D,hourly,horizontal alone,,1.297,1.0,0.9482758620689655,0.29
d2UyqQ8c,XAUUSD,1W,daily,horizontal alone,,1180.0,1.0,0.46236559139784944,0.465
d2UyqQ8c,XAUUSD,1W,daily,horizontal alone,,1236.0,1.0,0.5748502994011976,0.835
d2UyqQ8c,XAUUSD,1W,daily,horizontal alone,,1250.0,0.0,0.6234567901234568,0.81
sEk8ORMM,EURUSD,1W,hourly,horizontal alone,,1.157,0.0,1.0,0.265
sEk8ORMM,EURUSD,1W,hourly,horizontal alone,,1.12,1.0,0.5375,0.4
sEk8ORMM,EURUSD,1W,hourly,horizontal alone,,1.1,,0.5376344086021505,0.465
sEk8ORMM,EURUSD,1W,hourly,horizontal alone,,1.08,,0.4189189189189189,0.37
sEk8ORMM,EURUSD,1W,hourly,horizontal alone,,1.17,1.0,0.6481481481481481,0.27
hTLBwtxP,BTCUSD,1D,hourly,horizontal alone,,7730.0,,0.7669902912621359,0.515
hTLBwtxP,BTCUSD,1D,hourly,horizontal alone,,6800.0,1.0,0.8571428571428571,0.28
hTLBwtxP,BTCUSD,1D,hourly,horizontal alone,,5560.0,,0.7888888888888889,0.45
8zHrSYWm,AUDUSD,1D,hourly,sloped x sloped,2018-11-16 22:20,0.71585995,,0.4852941176470588,0.34
8zHrSYWm,AUDUSD,1D,hourly,horizontal alone,,0.767,,,0.0
8zHrSYWm,AUDUSD,1D,hourly,horizontal alone,,0.747,,0.75,0.42
t613ZSro,BTCUSD,1D,hourly,horizontal alone,,4950.0,0.0,0.605,1.0
Vzpb7E7Q,USOIL,1D,daily,horizontal alone,,55.0,1.0,0.7157894736842105,0.475
9qoHhxed,NZDUSD,1D,hourly,horizontal alone,,0.68,1.0,0.9306930693069307,0.505
9qoHhxed,NZDUSD,1D,hourly,horizontal alone,,0.688,0.0,0.8876404494382022,0.445
9qoHhxed,NZDUSD,1D,hourly,horizontal alone,,0.703,,0.7,0.4
9qoHhxed,NZDUSD,1D,hourly,horizontal alone,,0.65923089,,0.9384615384615385,0.325
9qoHhxed,NZDUSD,1D,hourly,horizontal alone,,0.668,,0.7362637362637363,0.455
0JxDgfuH,XAUUSD,1D,daily,channel x horizontal,2018-12-01 23:48,1205.0,,0.5584415584415584,0.385
0JxDgfuH,XAUUSD,1D,daily,channel x horizontal,2018-11-29 03:55,1255.0,,1.0,0.29
0JxDgfuH,XAUUSD,1D,daily,horizontal alone,,1205.0,,0.6923076923076923,0.455
0JxDgfuH,XAUUSD,1D,daily,horizontal alone,,1255.0,1.0,0.5508021390374331,0.935
0JxDgfuH,XAUUSD,1D,daily,horizontal alone,,1285.0,1.0,0.952054794520548,0.73
p8GsoMGE,ETHUSD,60,hourly,horizontal alone,,129.99924,,0.6707317073170732,0.41
p8GsoMGE,ETHUSD,60,hourly,horizontal alone,,140.0,,,0.0
p8GsoMGE,ETHUSD,60,hourly,horizontal alone,,113.5,,0.7403846153846154,0.52
wgM62Vkg,XAUUSD,1D,daily,sloped x sloped,2019-05-19 06:10,1284.571300000001,1.0,0.6666666666666666,0.09
wgM62Vkg,XAUUSD,1D,daily,horizontal alone,,1330.0,,0.5492957746478874,0.355
Yb1fgucj,EURUSD,1D,hourly,trend x horizontal,2019-05-10 04:00,1.13,,0.9148936170212766,0.235
Yb1fgucj,EURUSD,1D,hourly,trend x horizontal,2019-05-24 02:34,1.126,,1.0,0.265
Yb1fgucj,EURUSD,1D,hourly,horizontal alone,,1.14,,0.16666666666666666,0.48
Yb1fgucj,EURUSD,1D,hourly,horizontal alone,,1.147,,0.1951219512195122,0.205
Yb1fgucj,EURUSD,1D,hourly,horizontal alone,,1.13,0.0,0.5053763440860215,0.465
Yb1fgucj,EURUSD,1D,hourly,horizontal alone,,1.126,0.0,0.8688524590163934,0.305
f0MhE5E5,USOIL,1W,daily,trend x horizontal,2019-05-22 02:25,65.8,,0.37142857142857144,0.525
f0MhE5E5,USOIL,1W,daily,horizontal alone,,60.0,0.0,0.73,0.5
f0MhE5E5,USOIL,1W,daily,horizontal alone,,65.8,1.0,0.32142857142857145,0.56
vgyq1EqG,NAS100USD,1W,daily,horizontal alone,,7850.0,1.0,0.2702702702702703,0.925
vgyq1EqG,NAS100USD,1W,daily,horizontal alone,,7230.0,1.0,0.4954128440366973,0.545
0PHJKuYP,BTCUSD,1D,hourly,horizontal alone,,6000.0,0.0,0.3,1.0
0PHJKuYP,BTCUSD,1D,hourly,horizontal alone,,5500.0,1.0,0.4407894736842105,0.76
ZxXcJoGw,ETHUSD,1D,hourly,channel x horizontal,2019-04-28 13:09,155.0,1.0,1.0,0.06
ZxXcJoGw,ETHUSD,1D,hourly,channel x horizontal,2019-04-23 10:06,200.0,,0.6730769230769231,0.26
ZxXcJoGw,ETHUSD,1D,hourly,trend x horizontal,2019-04-28 01:21,155.0,1.0,0.75,0.04
ZxXcJoGw,ETHUSD,1D,hourly,trend x horizontal,2019-05-13 21:46,188.0,0.0,0.5528455284552846,0.615
ZxXcJoGw,ETHUSD,1D,hourly,sloped x sloped,2019-05-10 15:28,162.58938,,0.4175824175824176,0.455
ZxXcJoGw,ETHUSD,1D,hourly,sloped x sloped,2019-05-10 03:56,162.58938,,0.5803571428571429,0.56
ZxXcJoGw,ETHUSD,1D,hourly,sloped x sloped,2019-04-20 10:14,162.58938,,1.0,0.135
ZxXcJoGw,ETHUSD,1D,hourly,sloped x sloped,2019-04-25 14:53,168.20966,0.0,1.0,0.08
ZxXcJoGw,ETHUSD,1D,hourly,horizontal alone,,188.0,0.0,0.6979166666666666,0.96
ZxXcJoGw,ETHUSD,1D,hourly,horizontal alone,,200.0,1.0,0.495,1.0
ZxXcJoGw,ETHUSD,1D,hourly,horizontal alone,,155.0,1.0,0.47474747474747475,0.495
GxR7ZRQB,USDJPY,1W,daily,trend x horizontal,2019-05-07 15:45,112.5,,0.25925925925925924,0.27
GxR7ZRQB,USDJPY,1W,daily,horizontal alone,,108.0,0.0,0.6129032258064516,0.62
GxR7ZRQB,USDJPY,1W,daily,horizontal alone,,114.0,,0.23300970873786409,0.515
GxR7ZRQB,USDJPY,1W,daily,horizontal alone,,112.5,,0.47115384615384615,0.52
m7VJc56Y,XAUUSD,1D,daily,channel x horizontal,2019-05-03 10:58,1240.0,,0.8421052631578947,0.285
m7VJc56Y,XAUUSD,1D,daily,sloped x sloped,2019-05-31 16:05,1276.9158,0.0,0.47,0.5
m7VJc56Y,XAUUSD,1D,daily,sloped x sloped,2019-05-22 23:40,1282.9512,,0.9,0.15
m7VJc56Y,XAUUSD,1D,daily,horizontal alone,,1260.0,,0.968421052631579,0.475
m7VJc56Y,XAUUSD,1D,daily,horizontal alone,,1250.0,,0.9540229885057471,0.435
m7VJc56Y,XAUUSD,1D,daily,horizontal alone,,1240.0,,0.9322033898305084,0.295
m7VJc56Y,XAUUSD,1D,daily,horizontal alone,,1260.0,,0.9662921348314607,0.445
GBtzAomW,EURUSD,1D,hourly,horizontal alone,,1.11,,0.7105263157894737,0.38
GBtzAomW,EURUSD,1D,hourly,horizontal alone,,1.1,,0.22033898305084745,0.295
SreaKi1m,EURUSD,240,hourly,sloped x sloped,2019-04-30 16:29,1.1185192999999989,1.0,0.6976744186046512,0.215
SreaKi1m,EURUSD,240,hourly,horizontal alone,,1.123,1.0,0.6666666666666666,0.645
SreaKi1m,EURUSD,240,hourly,horizontal alone,,1.113,,0.6703296703296703,0.455
tjFWULv0,BTCUSD,1D,hourly,channel x horizontal,2019-05-07 06:12,6000.0,0.0,0.6029411764705882,0.34
tjFWULv0,BTCUSD,1D,hourly,channel x horizontal,2019-06-01 03:16,6500.0,,,0.0
tjFWULv0,BTCUSD,1D,hourly,horizontal alone,,6000.0,0.0,0.27692307692307694,0.65
tjFWULv0,BTCUSD,1D,hourly,horizontal alone,,6500.0,0.0,0.38,1.0
tjFWULv0,BTCUSD,1D,hourly,horizontal alone,,5555.0,,0.13793103448275862,0.58
tjFWULv0,BTCUSD,1D,hourly,horizontal alone,,5330.0,,0.5113636363636364,0.44
KjIZta5R,USDJPY,1W,hourly,horizontal alone,,108.5,0.0,0.6893203883495146,0.515
KjIZta5R,USDJPY,1W,hourly,horizontal alone,,114.0,,0.7115384615384616,0.26
KjIZta5R,USDJPY,1W,hourly,horizontal alone,,104.6,1.0,0.5051546391752577,0.485
KjIZta5R,USDJPY,1W,hourly,horizontal alone,,112.1,,0.5517241379310345,0.435
8fqVhIrl,BTCUSD,1D,hourly,horizontal alone,,8400.0,1.0,0.6940298507462687,0.67
8fqVhIrl,BTCUSD,1D,hourly,horizontal alone,,8900.0,1.0,0.7102803738317757,0.535
8fqVhIrl,BTCUSD,1D,hourly,horizontal alone,,9800.0,,1.0,0.335
8fqVhIrl,BTCUSD,1D,hourly,horizontal alone,,7450.0,1.0,0.9459459459459459,0.925
8fqVhIrl,BTCUSD,1D,hourly,horizontal alone,,7000.0,1.0,0.7412587412587412,0.715
U9Z03nUY,USOIL,1D,daily,horizontal alone,,60.4,0.0,0.7891156462585034,0.735
U9Z03nUY,USOIL,1D,daily,horizontal alone,,63.4,1.0,0.45794392523364486,0.535
U9Z03nUY,USOIL,1D,daily,horizontal alone,,57.6,0.0,0.9447852760736196,0.815
U9Z03nUY,USOIL,1D,daily,horizontal alone,,55.5,1.0,0.5775862068965517,0.58
yHblb89c,USDCAD,1D,hourly,horizontal alone,,1.31,0.0,0.4827586206896552,0.29
yHblb89c,USDCAD,1D,hourly,horizontal alone,,1.29,,0.5647058823529412,0.425
yHblb89c,USDCAD,1D,hourly,horizontal alone,,1.28,,1.0,0.145
yHblb89c,USDCAD,1D,hourly,horizontal alone,,1.3,,0.25925925925925924,0.54
QJ0RBWnL,USDJPY,1D,hourly,channel x horizontal,2019-07-14 15:13,107.0,,0.4117647058823529,0.255
QJ0RBWnL,USDJPY,1D,hourly,channel x horizontal,2019-07-29 19:47,106.0,,0.44,0.25
QJ0RBWnL,USDJPY,1D,hourly,channel x horizontal,2019-07-11 09:55,105.0,,,0.0
QJ0RBWnL,USDJPY,1D,hourly,horizontal alone,,107.0,0.0,0.7467532467532467,0.77
QJ0RBWnL,USDJPY,1D,hourly,horizontal alone,,106.0,1.0,0.40217391304347827,0.46
QJ0RBWnL,USDJPY,1D,hourly,horizontal alone,,105.0,,0.40384615384615385,0.52
QJ0RBWnL,USDJPY,1D,hourly,horizontal alone,,109.0,1.0,0.5288461538461539,0.52
LSkEqznG,ETHUSD,1D,hourly,horizontal alone,,182.0,,1.0,0.225
LSkEqznG,ETHUSD,1D,hourly,horizontal alone,,230.0,1.0,1.0,0.12
uJ3mL5RX,XAUUSD,1W,daily,sloped x sloped,2020-02-10 04:30,1376.4787,,,0.0
uJ3mL5RX,XAUUSD,1W,daily,sloped x sloped,2019-12-05 08:11,1349.3846,,0.2923076923076923,0.325
uJ3mL5RX,XAUUSD,1W,daily,horizontal alone,,1454.0,0.0,0.8926174496644296,0.745
uJ3mL5RX,XAUUSD,1W,daily,horizontal alone,,1568.0,1.0,0.76,1.0
F6QGSF3L,EURUSD,1D,hourly,sloped x sloped,2019-08-20 11:08,1.1108756,1.0,1.0,0.01
F6QGSF3L,EURUSD,1D,hourly,sloped x sloped,2019-08-17 02:26,1.1127175,0.0,1.0,0.055
F6QGSF3L,EURUSD,1D,hourly,horizontal alone,,1.087,,0.3626373626373626,0.455
F6QGSF3L,EURUSD,1D,hourly,horizontal alone,,1.095,1.0,0.12371134020618557,0.485
u8ugXwXJ,GBPUSD,1W,hourly,trend x horizontal,2020-02-19 08:50,1.23,,0.890625,0.32
u8ugXwXJ,GBPUSD,1W,hourly,trend x horizontal,2019-12-16 10:58,1.25,,0.20987654320987653,0.405
u8ugXwXJ,GBPUSD,1W,hourly,trend x horizontal,2019-10-28 18:35,1.265,0.0,0.46774193548387094,0.31
u8ugXwXJ,GBPUSD,1W,hourly,sloped x sloped,2020-05-15 03:18,1.2035732,,,0.0
u8ugXwXJ,GBPUSD,1W,hourly,sloped x sloped,2020-06-07 03:59,1.1964779,,,0.0
u8ugXwXJ,GBPUSD,1W,hourly,horizontal alone,,1.23,0.0,0.205,1.0
u8ugXwXJ,GBPUSD,1W,hourly,horizontal alone,,1.25,1.0,0.1,1.0
u8ugXwXJ,GBPUSD,1W,hourly,horizontal alone,,1.265,0.0,0.215,1.0
u8ugXwXJ,GBPUSD,1W,hourly,horizontal alone,,1.185,0.0,0.5,0.68
NQBEaUWa,BTCUSD,1D,daily,channel x horizontal,2020-03-01 03:42,12000.0,,,0.0
NQBEaUWa,BTCUSD,1D,daily,sloped x sloped,2020-03-01 03:52,10465.480892781557,,1.0,0.065
NQBEaUWa,BTCUSD,1D,daily,sloped x sloped,2020-03-02 10:27,10546.0260028896,,1.0,0.13
NQBEaUWa,BTCUSD,1D,daily,horizontal alone,,12000.0,,,0.0
NQBEaUWa,BTCUSD,1D,daily,horizontal alone,,8500.0,1.0,0.29545454545454547,0.88
oZEfcJTE,USDCHF,240,hourly,horizontal alone,,0.9715,1.0,0.6994535519125683,0.915
oZEfcJTE,USDCHF,240,hourly,horizontal alone,,0.9765,1.0,0.4339622641509434,0.53
oZEfcJTE,USDCHF,240,hourly,horizontal alone,,0.9795,,0.4444444444444444,0.495
oZEfcJTE,USDCHF,240,hourly,horizontal alone,,0.984,,0.9230769230769231,0.325
oZEfcJTE,USDCHF,240,hourly,horizontal alone,,0.96999986,1.0,0.625,1.0
P5UYhsdb,BTCUSD,1D,hourly,horizontal alone,,8000.0,0.0,0.5483870967741935,0.775
P5UYhsdb,BTCUSD,1D,hourly,horizontal alone,,9500.0,,0.5094339622641509,0.53
4LwVwWlM,ETHUSD,1D,hourly,horizontal alone,,202.0,0.0,0.5273972602739726,0.73
4LwVwWlM,ETHUSD,1D,hourly,horizontal alone,,182.0,0.0,0.5967741935483871,0.93
4LwVwWlM,ETHUSD,1D,hourly,horizontal alone,,222.0,0.0,0.2109375,0.64
4LwVwWlM,ETHUSD,1D,hourly,horizontal alone,,248.0,1.0,0.14563106796116504,0.515
4LwVwWlM,ETHUSD,1D,hourly,horizontal alone,,275.0,,0.5408163265306123,0.49
4LwVwWlM,ETHUSD,1D,hourly,horizontal alone,,170.0,0.0,0.675,1.0
4mfF17iq,BTCUSD,60,hourly,horizontal alone,,39000.0,1.0,1.0,0.26
4mfF17iq,BTCUSD,60,hourly,horizontal alone,,40000.0,1.0,0.9846153846153847,0.325
4mfF17iq,BTCUSD,60,hourly,horizontal alone,,42000.0,,0.9305555555555556,0.36
OtprMNQs,EURUSD,1D,hourly,sloped x sloped,2021-01-27 17:31,1.2001553000000014,,0.14285714285714285,0.175
OtprMNQs,EURUSD,1D,hourly,sloped x sloped,2021-01-18 04:28,1.1956109000000006,,0.7058823529411765,0.255
RfZ0J0Oy,ADAUSD,240,hourly,sloped x sloped,2021-01-29 13:53,0.3468730166329383,1.0,1.0,0.12
