zones,kz,per,kline,n,avgR,win,rand_share
daily,2,3,3,27,0.2882374035202949,0.4444444444444444,0.08
resonance,2,3,3,11,0.19402617160486202,0.45454545454545453,0.21
daily,2,3,5,28,0.14928579182603854,0.35714285714285715,0.23
resonance,2,3,5,10,0.4204505185211425,0.5,0.12
daily,2,6,3,31,0.6861729540822744,0.6774193548387096,0.0
resonance,2,6,3,16,0.9231166772533824,0.75,0.01
daily,2,6,5,23,0.22501861921265362,0.5217391304347826,0.19
resonance,2,6,5,11,0.4555123904533733,0.5454545454545454,0.13
daily,2,12,3,19,0.38007257519893856,0.5789473684210527,0.22
resonance,2,12,3,22,0.36393980715681634,0.5909090909090909,0.1
daily,2,12,5,22,0.003506680563518494,0.36363636363636365,0.54
resonance,2,12,5,17,0.20959965018465532,0.4117647058823529,0.36
daily,3,3,3,19,-0.059466288894625845,0.3684210526315789,0.58
resonance,3,3,3,8,0.6404606780491284,0.75,0.04
daily,3,3,5,14,-0.23868687504740158,0.2857142857142857,0.79
resonance,3,3,5,5,0.054605882605831345,0.4,0.39
daily,3,6,3,17,0.4995330771125605,0.5882352941176471,0.05
resonance,3,6,3,10,0.9013007130970792,0.8,0.0
daily,3,6,5,15,0.44953100222000725,0.6,0.08
resonance,3,6,5,8,0.6095198207208037,0.625,0.11
daily,3,12,3,11,0.10576750174409125,0.5454545454545454,0.62
resonance,3,12,3,13,0.340633005470247,0.5384615384615384,0.25
daily,3,12,5,9,0.2031858935529475,0.4444444444444444,0.38
resonance,3,12,5,11,0.4954116263563897,0.5454545454545454,0.16
daily,5,3,3,10,0.050144000560800726,0.5,0.33
resonance,5,3,3,2,,,
daily,5,3,5,7,0.053711258045363856,0.42857142857142855,0.28
resonance,5,3,5,0,,,
daily,5,6,3,13,-0.38527509143698774,0.23076923076923078,0.85
resonance,5,6,3,3,-0.4268552439076994,0.3333333333333333,0.67
daily,5,6,5,11,-0.26186969123964693,0.2727272727272727,0.7
resonance,5,6,5,3,-0.029730303793718955,0.3333333333333333,0.58
daily,5,12,3,14,-0.6052778275644368,0.14285714285714285,0.98
resonance,5,12,3,7,-0.03186289610405039,0.42857142857142855,0.38
daily,5,12,5,9,-0.1328097799000981,0.2222222222222222,0.55
resonance,5,12,5,6,-0.059019107004199135,0.3333333333333333,0.51
