logged_at,coin,strategy,signal_time,side,stop,target,max_bars,entry_time,status,last_price,code_sha
2026-09-30T15:29:24.432635+00:00,BTC,ridge,2026-09-27 00:00:00+00:00,1,83838.0,85623.30000000002,30,2026-09-30 16:00:00+00:00,void,83915.16,da03904a520abd55
2026-09-30T15:29:24.432635+00:00,BTC,ridge,2026-09-27 08:00:00+00:00,1,84305.35,85762.29999999999,30,2026-09-30 16:00:00+00:00,void,83915.16,da03904a520abd55
2026-09-30T15:29:24.432635+00:00,BTC,ridge,2026-09-28 04:00:00+00:00,-1,84999.0,80017.80000000002,30,2026-09-30 16:00:00+00:00,open,83915.16,da03904a520abd55
2026-09-30T15:29:24.432635+00:00,ETH,trendline,2026-09-29 08:00:00+00:00,1,2656.0,2825.0800000000004,30,2026-09-30 16:00:00+00:00,open,2697.8,090142d1e7ee758d
2026-09-30T15:29:24.432635+00:00,ETH,ridge,2026-09-28 04:00:00+00:00,-1,2703.51,2549.2199999999993,30,2026-09-30 16:00:00+00:00,void,2697.8,da03904a520abd55
2026-09-30T15:29:24.432635+00:00,ETH,ridge,2026-09-29 08:00:00+00:00,1,2656.0,2825.0800000000004,30,2026-09-30 16:00:00+00:00,open,2697.8,da03904a520abd55
2026-09-30T15:29:24.432635+00:00,ETH,ridge,2026-09-29 12:00:00+00:00,1,2702.78,2791.849999999999,30,2026-09-30 16:00:00+00:00,void,2697.8,da03904a520abd55
2026-09-30T15:29:24.432635+00:00,BNB,trendline,2026-09-28 08:00:00+00:00,-1,773.29,734.65,30,2026-09-30 16:00:00+00:00,void,769.99,090142d1e7ee758d
2026-09-30T15:29:24.432635+00:00,BNB,ridge,2026-09-23 16:00:00+00:00,-1,784.77,713.9999999999999,30,2026-09-30 16:00:00+00:00,void,769.99,da03904a520abd55
2026-09-30T15:29:24.432635+00:00,BNB,ridge,2026-09-27 08:00:00+00:00,1,770.85,793.9499999999998,30,2026-09-30 16:00:00+00:00,void,769.99,da03904a520abd55
2026-09-30T15:29:24.432635+00:00,BNB,ridge,2026-09-28 04:00:00+00:00,-1,784.55,742.9399999999999,30,2026-09-30 16:00:00+00:00,open,769.99,da03904a520abd55
2026-09-30T15:29:24.432635+00:00,BNB,ridge,2026-09-28 08:00:00+00:00,-1,773.29,734.65,30,2026-09-30 16:00:00+00:00,void,769.99,da03904a520abd55
2026-09-30T15:29:24.432635+00:00,BNB,ridge,2026-09-29 16:00:00+00:00,-1,767.8,725.1700000000002,30,2026-09-30 16:00:00+00:00,void,769.99,da03904a520abd55
2026-09-30T15:29:24.432635+00:00,BNB,ridge,2026-09-30 12:00:00+00:00,1,757.61,794.75,30,2026-09-30 16:00:00+00:00,open,769.99,da03904a520abd55
2026-09-30T15:29:24.432635+00:00,XRP,ridge,2026-09-25 12:00:00+00:00,1,1.531,1.7221000000000002,30,2026-09-30 16:00:00+00:00,void,1.5159,da03904a520abd55
2026-09-30T15:29:24.432635+00:00,XRP,ridge,2026-09-29 20:00:00+00:00,-1,1.5241,1.4332,30,2026-09-30 16:00:00+00:00,open,1.5159,da03904a520abd55
2026-09-30T15:29:24.432635+00:00,ADA,trendline,2026-09-23 16:00:00+00:00,-1,0.2512,0.20980000000000004,30,2026-09-30 16:00:00+00:00,void,0.2485,090142d1e7ee758d
2026-09-30T15:29:24.432635+00:00,ADA,trendline,2026-09-28 08:00:00+00:00,-1,0.2508,0.22619999999999998,30,2026-09-30 16:00:00+00:00,void,0.2485,090142d1e7ee758d
2026-09-30T15:29:24.432635+00:00,ADA,ridge,2026-09-28 04:00:00+00:00,-1,0.2581,0.23439999999999994,30,2026-09-30 16:00:00+00:00,open,0.2485,da03904a520abd55
2026-09-30T15:29:24.432635+00:00,ADA,ridge,2026-09-29 08:00:00+00:00,1,0.2412,0.2736,30,2026-09-30 16:00:00+00:00,void,0.2485,da03904a520abd55
2026-09-30T15:29:24.432635+00:00,SOL,B1,2026-09-27 08:00:00+00:00,1,120.1,132.16000000000003,30,2026-09-30 16:00:00+00:00,void,119.5,b71a37a4a3f978e1
2026-09-30T15:29:24.432635+00:00,SOL,trendline,2026-09-23 16:00:00+00:00,-1,117.27,107.04,30,2026-09-30 16:00:00+00:00,void,119.5,090142d1e7ee758d
2026-09-30T15:29:24.432635+00:00,SOL,ridge,2026-09-25 12:00:00+00:00,1,116.34,129.77999999999997,30,2026-09-30 16:00:00+00:00,void,119.5,da03904a520abd55
2026-09-30T15:29:24.432635+00:00,DOGE,ridge,2026-09-27 08:00:00+00:00,1,0.09526,0.10381000000000001,30,2026-09-30 16:00:00+00:00,void,0.09583,da03904a520abd55
2026-09-30T15:29:24.432635+00:00,DOGE,ridge,2026-09-30 12:00:00+00:00,1,0.09331,0.10086999999999999,30,2026-09-30 16:00:00+00:00,open,0.09583,da03904a520abd55
2026-09-30T15:29:24.432635+00:00,LTC,B1,2026-09-24 04:00:00+00:00,1,61.67,76.36999999999998,30,2026-09-30 16:00:00+00:00,open,67.67,b71a37a4a3f978e1
2026-09-30T15:29:24.432635+00:00,LTC,B1,2026-09-24 16:00:00+00:00,1,65.52,90.36,30,2026-09-30 16:00:00+00:00,open,67.67,b71a37a4a3f978e1
2026-09-30T15:29:24.432635+00:00,LTC,ridge,2026-09-24 16:00:00+00:00,1,65.52,90.36,30,2026-09-30 16:00:00+00:00,open,67.67,da03904a520abd55
2026-09-30T15:29:24.432635+00:00,TRX,B1,2026-09-30 08:00:00+00:00,1,0.3359,0.3431,30,2026-09-30 16:00:00+00:00,open,0.3405,b71a37a4a3f978e1
2026-09-30T15:29:24.432635+00:00,TRX,ridge,2026-09-27 00:00:00+00:00,-1,0.3362,0.33049999999999996,30,2026-09-30 16:00:00+00:00,void,0.3405,da03904a520abd55
2026-09-30T15:29:24.432635+00:00,TRX,ridge,2026-09-27 04:00:00+00:00,-1,0.3344,0.32989999999999997,30,2026-09-30 16:00:00+00:00,void,0.3405,da03904a520abd55
2026-09-30T15:29:24.432635+00:00,TRX,ridge,2026-09-30 08:00:00+00:00,1,0.3359,0.3431,30,2026-09-30 16:00:00+00:00,open,0.3405,da03904a520abd55
2026-09-30T15:29:24.432635+00:00,TRX,ridge,2026-09-30 12:00:00+00:00,1,0.3378,0.3459000000000001,30,2026-09-30 16:00:00+00:00,open,0.3405,da03904a520abd55
2026-09-30T15:29:24.432635+00:00,LINK,B1,2026-09-25 12:00:00+00:00,1,13.484,15.295999999999998,30,2026-09-30 16:00:00+00:00,void,14.439,b71a37a4a3f978e1
2026-09-30T15:29:24.432635+00:00,LINK,ridge,2026-09-23 16:00:00+00:00,-1,12.779,11.002999999999998,30,2026-09-30 16:00:00+00:00,void,14.439,da03904a520abd55
2026-09-30T15:29:24.432635+00:00,LINK,ridge,2026-09-24 20:00:00+00:00,1,12.69,14.409,30,2026-09-30 16:00:00+00:00,void,14.439,da03904a520abd55
2026-09-30T15:29:24.432635+00:00,LINK,ridge,2026-09-25 12:00:00+00:00,1,13.484,15.295999999999998,30,2026-09-30 16:00:00+00:00,void,14.439,da03904a520abd55
2026-09-30T15:29:24.432635+00:00,LINK,ridge,2026-09-28 08:00:00+00:00,-1,13.992,13.037999999999997,30,2026-09-30 16:00:00+00:00,void,14.439,da03904a520abd55
2026-09-30T15:29:24.432635+00:00,LINK,ridge,2026-09-28 20:00:00+00:00,1,14.389,16.522,30,2026-09-30 16:00:00+00:00,void,14.439,da03904a520abd55
2026-09-30T15:29:24.432635+00:00,LINK,ridge,2026-09-29 04:00:00+00:00,-1,15.777,13.041000000000002,30,2026-09-30 16:00:00+00:00,open,14.439,da03904a520abd55
2026-09-30T15:29:24.432635+00:00,DOT,ridge,2026-09-23 16:00:00+00:00,-1,1.162,0.9730000000000001,30,2026-09-30 16:00:00+00:00,void,1.229,da03904a520abd55
2026-09-30T15:29:24.432635+00:00,DOT,ridge,2026-09-26 16:00:00+00:00,1,1.218,1.4189999999999998,30,2026-09-30 16:00:00+00:00,void,1.229,da03904a520abd55
2026-09-30T15:29:24.432635+00:00,DOT,ridge,2026-09-30 12:00:00+00:00,1,1.198,1.2910000000000004,30,2026-09-30 16:00:00+00:00,open,1.229,da03904a520abd55
2026-09-30T15:29:24.432635+00:00,AVAX,B1,2026-09-29 08:00:00+00:00,1,10.348,13.671999999999997,30,2026-09-30 16:00:00+00:00,open,11.145,b71a37a4a3f978e1
2026-09-30T15:29:24.432635+00:00,AVAX,trendline,2026-09-29 08:00:00+00:00,1,10.348,13.671999999999997,30,2026-09-30 16:00:00+00:00,open,11.145,090142d1e7ee758d
2026-09-30T15:29:24.432635+00:00,AVAX,ridge,2026-09-29 08:00:00+00:00,1,10.348,13.671999999999997,30,2026-09-30 16:00:00+00:00,open,11.145,da03904a520abd55
2026-09-30T15:29:24.432635+00:00,AVAX,ridge,2026-09-29 12:00:00+00:00,1,11.228,13.073,30,2026-09-30 16:00:00+00:00,void,11.145,da03904a520abd55
2026-09-30T15:29:24.432635+00:00,BCH,B1,2026-09-28 04:00:00+00:00,-1,333.9,280.8,30,2026-09-30 16:00:00+00:00,open,311.1,b71a37a4a3f978e1
2026-09-30T15:29:24.432635+00:00,BCH,ridge,2026-09-27 08:00:00+00:00,1,330.6,376.2,30,2026-09-30 16:00:00+00:00,void,311.1,da03904a520abd55
2026-09-30T15:29:24.432635+00:00,BCH,ridge,2026-09-28 04:00:00+00:00,-1,333.9,280.8,30,2026-09-30 16:00:00+00:00,open,311.1,da03904a520abd55
2026-09-30T15:29:24.432635+00:00,ETC,ridge,2026-09-23 16:00:00+00:00,-1,9.51,7.26,30,2026-09-30 16:00:00+00:00,void,9.17,da03904a520abd55
2026-09-30T15:29:24.432635+00:00,ETC,ridge,2026-09-24 16:00:00+00:00,1,9.27,11.430000000000001,30,2026-09-30 16:00:00+00:00,void,9.17,da03904a520abd55
2026-09-30T15:29:24.432635+00:00,ETC,ridge,2026-09-28 04:00:00+00:00,-1,9.65,8.569999999999997,30,2026-09-30 16:00:00+00:00,open,9.17,da03904a520abd55
2026-09-30T15:29:24.432635+00:00,ETC,ridge,2026-09-28 08:00:00+00:00,-1,9.38,8.479999999999999,30,2026-09-30 16:00:00+00:00,open,9.17,da03904a520abd55
2026-09-30T15:29:24.432635+00:00,ETC,ridge,2026-09-29 04:00:00+00:00,-1,9.31,8.229999999999997,30,2026-09-30 16:00:00+00:00,void,9.17,da03904a520abd55
2026-09-30T15:29:24.432635+00:00,ATOM,B1,2026-09-27 08:00:00+00:00,1,1.817,2.09,30,2026-09-30 16:00:00+00:00,void,1.726,b71a37a4a3f978e1
2026-09-30T15:29:24.432635+00:00,ATOM,ridge,2026-09-23 16:00:00+00:00,-1,1.83,1.497,30,2026-09-30 16:00:00+00:00,void,1.726,da03904a520abd55
2026-09-30T15:29:24.432635+00:00,ATOM,ridge,2026-09-26 16:00:00+00:00,1,1.818,2.0039999999999996,30,2026-09-30 16:00:00+00:00,void,1.726,da03904a520abd55
2026-09-30T15:29:24.432635+00:00,ATOM,ridge,2026-09-27 08:00:00+00:00,1,1.817,2.09,30,2026-09-30 16:00:00+00:00,void,1.726,da03904a520abd55
2026-09-30T15:29:24.432635+00:00,ATOM,ridge,2026-09-28 08:00:00+00:00,-1,1.839,1.5749999999999997,30,2026-09-30 16:00:00+00:00,open,1.726,da03904a520abd55
2026-09-30T15:29:24.432635+00:00,FIL,B1,2026-09-26 16:00:00+00:00,1,1.0754,1.4465000000000003,30,2026-09-30 16:00:00+00:00,void,1.0747,b71a37a4a3f978e1
2026-09-30T15:29:24.432635+00:00,FIL,trendline,2026-09-23 16:00:00+00:00,-1,1.0336,0.7201,30,2026-09-30 16:00:00+00:00,void,1.0747,090142d1e7ee758d
2026-09-30T15:29:24.432635+00:00,FIL,ridge,2026-09-23 16:00:00+00:00,-1,1.0336,0.7201,30,2026-09-30 16:00:00+00:00,void,1.0747,da03904a520abd55
2026-09-30T15:29:24.432635+00:00,FIL,ridge,2026-09-26 16:00:00+00:00,1,1.0754,1.4465000000000003,30,2026-09-30 16:00:00+00:00,void,1.0747,da03904a520abd55
2026-10-01T00:51:48.849700+00:00,SOL,ridge,2026-09-30 20:00:00+00:00,-1,120.59,110.53999999999998,30,2026-10-01 04:00:00+00:00,open,118.12,da03904a520abd55
2026-10-01T00:51:48.849700+00:00,ETC,ridge,2026-09-30 20:00:00+00:00,-1,9.09,8.250000000000002,30,2026-10-01 04:00:00+00:00,open,8.89,da03904a520abd55
2026-10-01T00:51:48.849700+00:00,FIL,ridge,2026-09-30 20:00:00+00:00,-1,1.07,0.9475999999999996,30,2026-10-01 04:00:00+00:00,open,1.0433,da03904a520abd55
