uuid,side,now,limit,limit_src,tp1,tp_final,tp_src,sl,note
XgXo4eSr,,,,,,,,,two-sided: wait for the triangle break
r0mqrn5B,L,0,1307.52,arrow,A,A,arrow,1296,wait for the dip drawn by the arrow then buy; sl stated
uXpiuGkQ,L,0,62.5,arrow,A,A,arrow,,wait for the fall drawn by the arrow then buy
WeQGouJg,,,,,,,,,no trade: NFP comment
9JhPYz76,S,1,,,1.2630,1.2630,stated,,sell now; target number on chart
nfIXhe9L,L,0,0.7683,stated,A,A,arrow,,buy limit 0.7683
LF3rmaNz,L,1,,,E+0.0040,E+0.0040,stated,,buy now; 40 points take profit
bgMWJQQP,L,1,,,7420,7420,stated,,buy now; sell at 7420
iueMawPp,S,0,108.10,stated,104.70,104.70,stated,109.00,sell limit
QgBVFOOX,S,0,7360,stated,A,A,arrow,,sell at 7350-7370 (mid)
yNJsLBBs,,,,,,,,,scenarios with probabilities
NoQLw5OY,,,,,,,,,scenarios
4ph9lVUt,L,1,,,A,A,arrow,,buy now; targets drawn by arrows
m0wjB7Ck,L,1,,,A,A,arrow,,buy now weekly; stop outside the channel (no number)
GC8aNUED,,,,,,,,,scenarios
pQphnF7o,L,1,,,A,A,arrow,,buy now; tp as the chart shows
5XpcmGRg,,,,,,,,,two strategies
0EFqZDFA,L,0,6.2570,stated,6.3850,6.3850,stated,,wait for 6.2570 then buy
io3N6vWF,L,1,,,A,A,arrow,,buy on dips and hold
6okeCjxz,L,1,,,1354,1354,stated,,continue holding buy
dnA8hsLM,,,,,,,,,two-sided: wait for the triangle break
HCQt5YkV,L,0,66.2,stated,72.19,75.5,stated,,buy limit; targets 1.618 ext and 75.5
mmqUrEd5,L,1,,,A,A,arrow,,buy now
6ptsnod2,L,1,,,,,,,buy; no target
EbEM9py1,S,1,,,A,A,arrow,,still sell
CZLbukyO,L,1,,,0.7825,0.7825,stated,,hold long; tp 0.7825
3vWtQF5t,L,1,,,0.0794,0.0794,stated,,buy; tp 0.0794
HpVn1Mh0,L,1,,,0.7740,0.7740,stated,,hold long; exit at the 50% Fibonacci 0.7740
iNVz9EjJ,L,0,0.00000977,stated,A,A,arrow,,buy at 0.00000977
Z2lX17SW,L,0,1.4250,stated,A,A,arrow,,buy limit 1.4250 after the step back
0c14XMMF,,,,,,,,,two-sided oscillation
qBe7HdBR,L,1,,,A,A,arrow,,keep long
DM5KYA5x,,,,,,,,,two-sided triangle
JEqyThd4,L,0,0.0003520,stated,A,A,arrow,,buy limit
Jt9lNJ3w,S,1,,,0.00000777,0.00000777,stated,,sell; tp stated
bt7zkiCt,,,,,,,,,two-sided: high pitch low suction
kAgQevHw,,,,,,,,,two-sided shock
xbiF4sc0,L,1,613,stated,770,770,stated,,buy now or buy limit 613
djYbMGem,S,1,1.4100,arrow,A,A,arrow,,keep short; sell limit label without number (arrow turn 1.4100)
s65Bu2fR,L,1,9000,stated,11600,11600,stated,,long; 9000 and 11600 on chart
aUo0MCFB,L,1,,,11500,11500,stated,,keep long
wXVEtKJ1,S,1,,,1.2090,1.2090,stated,,short-term short; target number on chart
j85wMcBb,S,1,,,1307,1295,stated,,first target 1307 secondary 1295
NNtSKT8N,S,1,,,0.00000698,0.00000698,stated,,sell now and buy at 698 (short leg only)
gYi89kzu,S,1,,,122,122,stated,,bear; tp 122
g0gwLOYV,L,1,,,0.00000980,0.00000980,stated,,keep long; tp 980 means 0.00000980
lPoLjkV0,S,0,1.20885,stated,A,A,arrow,,sell limit 1.2088
sOwf3sUV,S,0,0.0797,stated,0.07,0.07,stated,,sell limit
URnWkur7,S,1,,,A,A,arrow,,keep short weekly
P6iW0M4l,,,,,,,,,NFP scenarios with probabilities
2B3EcjVX,S,1,,,0.0003950,0.0003950,stated,,keep short; tp 3950 means 0.0003950
ucPFMEN9,,,,,,,,,two-sided: wait for the break
mBbJ73sJ,L,1,,,73.00,82.00,stated,,keep long weekly; TP1 73 TP2 77 TP3 82
BXNc15H1,L,0,1250,stated,,,,,buy limit; no target
nmkjNWkv,S,1,,,107.70,107.70,stated,,wait break then short (conditional; treated as now)
TaKH76iS,,,,,,,,,two-sided: cast high low suck
KduoyBeU,L,0,8890,stated,A,A,arrow,,buy limit 8890 and 7820
SvlgCU0W,S,0,0.00003500,stated,0.00003000,0.00003000,stated,,sell limit 3500 tp 3000 (satoshi)
5EZvrWFH,S,0,1.3770,stated,A,A,arrow,,sell limit
3jD5ZGYx,L,1,,,A,A,arrow,,make long
aKsSZQid,L,0,600,stated,840,840,stated,,TP 600 for the dip then buy; tp 840
3f8FWYqE,L,0,0.0013,stated,A,A,arrow,,buy limit 61.8%
4tNT1T9p,L,1,,,0.9080,0.9080,stated,0.5900,long; sl and tp stated
NMFvwiUR,S,1,,,1.1850,1.1850,stated,,sell now; TP 1.8500 is a typo for 1.1850
5nXsAMMl,S,0,0.6900,stated,0.6800,0.6800,stated,,sell limit
jV6dSQvw,,,,,,,,,scenarios with probabilities
OBBbsxnn,,,,,,,,,scenarios with probabilities
obpZ33EH,L,1,0.23555,arrow,0.2947,0.4065,label,,keep long; TP labels without numbers (label positions)
xMTY3doZ,S,0,1.564,stated,1.526,1.526,stated,,sell limit; TP 1.256 is a typo for 1.526
e0AKPYMz,S,1,,,460.80,459.00,stated,,sell first then buy limit (short leg only)
5x7Ht35d,S,0,94.5,stated,93.35,93.35,stated,,sell limit
bGcF8BOj,L,1,,,1.3600,1.3760,stated,,long; TP1 TP2
zwdKLt7J,L,0,112,stated,177,177,stated,,buy limit; reduce 50% near 145
rQhJUblU,L,0,0.96,stated,A,A,arrow,,buy limit 0.92-1.00 (mid)
KiQEx8EI,,,,,,,,,wait and wait
qUy7k9E8,L,1,449.70,arrow,620,820,stated,,buy now or buy limit (label without number)
2en0ANpB,S,1,1.3230,stated,1.3040,1.3040,stated,,sell and sell limit
hxmaxIK5,L,0,507,stated,A,A,arrow,,buy limit
AoogGuZ0,L,0,6107,stated,A,A,arrow,,buy limit
wEWl7lfh,S,1,,,1262,1262,stated,,keep short
1VMSrAFx,L,1,,,6.6666,6.6666,stated,,keep long weekly
VZnn1NHz,,,,,,,,,two-sided: wait for the triangle break
Edfl06no,S,0,73.85,stated,72.95,72.20,stated,,sell limit 73.70-74.00 (mid)
OXtGXkdG,S,1,,,0.6780,0.6690,stated,,short now
NZjMcm1U,L,1,,,95.4,95.4,stated,,long now
aiCPBXqA,S,1,,,1241.80,1241.80,stated,,sell now
jkl6Yz7f,S,1,72.50,stated,67.00,67.00,stated,,sell now or sell limit
xdiMLVml,L,1,,,7730,9900,stated,,keep long; TP1-TP4
DOTrg7xF,L,1,,,9860,11500,stated,,keep long
pohTOCdv,S,1,1.3090,stated,1.2970,1.2970,stated,,short now; sell limit 1.3090
KUUsdCDG,S,0,1214,stated,A,A,arrow,,sell limit 1214 and 1218
d2UyqQ8c,S,1,1236,stated,1180,1180,stated,1250,sell now and sell limit
sEk8ORMM,S,1,1.1570,stated,1.1200,1.0800,stated,1.1700,sell now or sell limit
hTLBwtxP,L,1,5990,stated,6800,7730,stated,5560,buy now or buy limit
B2GpMR5R,L,1,0.6520,stated,0.6710,0.6840,stated,,buy now or buy limit
38nmRtAQ,S,1,,,1.5980,1.5900,stated,1.6240,just short
8zHrSYWm,L,1,,,0.7470,0.7670,stated,,long
t613ZSro,S,1,,,4950,4950,stated,6000,short now
Vzpb7E7Q,S,0,60.00,stated,55.00,55.00,stated,66.30,sell limit 60 and 63
9qoHhxed,L,0,0.6800,stated,0.6880,0.7030,stated,0.6680,buy limit 0.68 and 0.671
0JxDgfuH,L,0,1205,stated,1255,1285,stated,,buy limit
p8GsoMGE,L,1,,,130,140,stated,113.5,buy now 118-120
wgM62Vkg,S,1,,,1282.5,1264,stated,1330,short; TP ranges (mid)
Yb1fgucj,S,0,1.1400,stated,1.1300,1.1260,stated,1.1470,sell limit
f0MhE5E5,S,1,,,60.00,60.00,stated,65.80,short now weekly
vgyq1EqG,S,1,,,7230,7230,stated,7850,short at about 7670
0PHJKuYP,L,1,,,5500,6000,stated,,keep long
ZxXcJoGw,L,1,,,188,200,stated,155,buy now
GxR7ZRQB,,,,,,,,,two-sided strategy
m7VJc56Y,S,0,1277.5,stated,1260,1240,stated,,sell limit 1275-1280 (mid)
GBtzAomW,S,1,,,1.1100,1.1000,stated,,keep short
SreaKi1m,S,1,,,1.1130,1.1130,stated,1.1230,short at about 1.1190
ni8TpNzi,,,,,,,,,two-sided
KEqnI9A7,S,0,1277,stated,1260,1260,stated,1290,sell limit 1276-1278 (mid)
tjFWULv0,L,0,5555,stated,6000,6500,stated,,keep long; buy limit 5555 and 5330
x0EALz8P,S,0,61.50,stated,59.50,58.70,stated,62.80,sell limit
KjIZta5R,S,1,,,108.50,104.60,stated,,sell now weekly (short targets only)
8fqVhIrl,L,1,7450,stated,8400,9800,stated,,buy now or buy limit 7450 and 7000
U9Z03nUY,S,0,60.40,stated,57.60,55.50,stated,,sell limit
vaDhzvli,S,1,54.40,stated,51.30,51.30,stated,,keep short; sell limit 54.40 (TP 56.10 belongs to the long scenario)
yHblb89c,S,1,,,1.3100,1.2800,stated,,keep short; TP1-TP4
QJ0RBWnL,S,1,,,107.00,105.00,stated,109.00,short
LSkEqznG,S,1,,,182,182,stated,,short then buy limit 182 (short leg only)
uJ3mL5RX,L,1,1365,stated,1454,1568,stated,,keep long weekly; buy zone 1350-1380 (mid)
F6QGSF3L,S,1,1.1110,stated,1.0950,1.0870,stated,,short; 1.1110 above price
u8ugXwXJ,L,1,,,1.2300,1.2650,stated,1.1850,keep long weekly
NQBEaUWa,,,,,,,,,two-sided: wait and see
kQnjTcdB,L,0,1586.79,arrow,A,A,arrow,,keep buying on dips (arrow dip)
oZEfcJTE,L,1,0.9715,stated,0.9765,0.9840,stated,0.9700,buy now or buy limit
P5UYhsdb,L,0,8000,stated,9500,9500,stated,,buy limit
4LwVwWlM,L,0,202,stated,222,275,stated,,buy limit 202 and 182
4mfF17iq,L,1,,,39000,42000,stated,,long after the break of 37000
OtprMNQs,L,1,1.2000,stated,A,A,arrow,,keep long; 1.2000 support
hsA05LpI,,,,,,,,,two-sided triangle
Be3r61sj,,,,,,,,,two-sided: stay alert
smMGYY0c,S,1,,,375,375,stated,,short; 375 on chart
RfZ0J0Oy,L,1,,,0.3700,0.4500,stated,,keep long; TP1-TP3
