feature,n,ic,ic_first,ic_second,periods,ic_mean,icir,t,hit,mono,spread,spread_lo,spread_hi,reliable,buckets,loop
btc_trend,29,0.2396,-0.05798,0.3051,1,0.05738,,,1,-0.5,-0.03598,-0.6353,0.8335,False,+0.63(17) +0.83(6) +0.60(6),C-7
coin_trend,29,0.401,-0.1429,0.498,1,0.2902,,,1,0.7,0.4582,-0.2923,1.227,False,+0.57(6) +0.38(6) +0.53(5) +0.78(6) +1.03(6),C-7
ret20,29,0.01675,0.08571,0.0009881,1,-0.01203,,,0,-0.1,0.2633,-0.4426,0.9927,False,+0.50(6) +0.94(6) +1.01(5) +0.17(6) +0.76(6),C-7
vol_ratio,29,0.008867,-0.3714,0.1621,1,0.2331,,,1,-0.2,0.1035,-0.6297,0.999,False,+0.62(6) +0.92(6) +0.57(5) +0.47(6) +0.73(6),C-7
volume_ratio,29,-0.3759,-0.6,-0.2846,1,-0.2977,,,1,-0.7,-0.7534,-1.878,0.2298,False,+1.00(6) +0.78(6) +1.01(5) +0.34(6) +0.25(6),C-7
stop_atr,29,-0.3704,-0.6571,-0.2559,1,-0.0797,,,1,-0.7,-0.8691,-1.727,-0.06147,False,+0.92(6) +0.90(6) +1.00(5) +0.50(6) +0.06(6),C-7
target_R,29,-0.01182,0.4857,-0.2036,1,-0.0812,,,1,-0.1,-0.02368,-1.041,1.008,False,+0.42(6) +0.88(6) +0.44(5) +1.16(6) +0.40(6),C-7
trend_atr,29,0.3256,-0.1429,0.4219,1,0.1835,,,1,0.6,0.4311,-0.2878,1.21,False,+0.58(6) +0.55(6) +0.18(5) +0.93(6) +1.01(6),C-7
depth,29,0.2798,0.3714,0.2065,1,0.3789,,,1,0.7,0.7568,-0.2712,1.72,False,+0.14(6) +0.90(6) +0.62(5) +0.76(6) +0.90(6),C-7
n_levels,29,-0.4266,-0.7143,-0.3518,1,-0.2857,,,1,-0.6,-0.6479,-1.749,0.2905,False,+0.90(6) +1.13(6) +0.98(5) +0.12(6) +0.25(6),C-7
