id,published,t0,p0,title,price,role,forward
8cIlT1pZDuo,2020-11-24,2020-11-25 09:00:00+00:00,19173,【罗尼解盘】-2020.11.25-比特币是如何从3700涨到20000的？,20000,EVENT_REACHED,False
rznvGPcU2jU,2020-12-16,2020-12-17 09:00:00+00:00,22641,"比特币创历史新高突破22000美元，买一套房需要几枚？|美国9000亿美元刺激计划即将达成，美元一落千丈跌穿水平支撑|Bitcoin topped 22,000 dollars | BTCUSD",22000,EVENT_BREAK_UP,False
EPfcsCKnrbc,2020-12-17,2020-12-18 09:00:00+00:00,23203,史上最贵比特币，23775美元/枚，九个月涨超500% | 比特币最高触及23775美元，曾一小时内跌超1500美金 | 比特币你要涨到什么时候？9000亿美元刺激法案48小时达成？,23775,EVENT_REACHED,False
7SiEEdobqKc,2020-12-27,2020-12-28 09:00:00+00:00,26797,比特币破28000再创新高，黄金跳空高开暴涨200点,28000,EVENT_BREAK_UP,False
h1euOqdTkYw,2020-12-30,2020-12-31 09:00:00+00:00,28993,比特币创29000新高，美元刷32个月新低,29000,EVENT_REACHED,False
1f_2gB9b6M4,2021-01-03,2021-01-04 09:00:00+00:00,31000,比特币打响新年头炮，站上34000美金，还能继续涨吗？要上50000的节奏？,34000,EVENT_BREAK_UP,False
_w9wsjvwN88,2021-01-06,2021-01-07 09:00:00+00:00,37550,比特币上破37500还能上车吗？牛市能否持续？,37500,EVENT_BREAK_UP,False
onhcJoep9lc,2021-01-07,2021-01-08 09:00:00+00:00,39398,比特币突破40000大关，瞬间闪崩4000点！| 【限时】独家非农策略公布。,40000,EVENT_BREAK_UP,False
fhwX0lD0nEA,2021-01-14,2021-01-15 09:00:00+00:00,38667,比特币再探40000美元，你解套了吗？,40000,EVENT_REACHED,False
oUJf37veCFA,2021-01-27,2021-01-28 09:00:00+00:00,31482,比特币再破30000，再一再二，还有再三再四吗？,30000,EVENT_BREAK_UP,False
k_LH1aSdUVo,2021-02-06,2021-02-07 09:00:00+00:00,39552,比特币站上4万美元，24小时7.5万人被“洗白白”,40000,EVENT_BREAK_UP,False
CyrL_LDLn4E,2021-02-08,2021-02-09 09:00:00+00:00,46491,比特币大涨20%达47000美金，特斯拉功不可没，春节能否上5W？,47000,EVENT_REACHED,False
CyrL_LDLn4E,2021-02-08,2021-02-09 09:00:00+00:00,46491,比特币大涨20%达47000美金，特斯拉功不可没，春节能否上5W？,50000,TARGET_UP,True
RcP74tltZBw,2021-02-25,2021-02-26 09:00:00+00:00,46426,比特币再次跌回50000下方，又给你机会你敢买吗？,50000,EVENT_BREAK_DOWN,False
nYKuWVT-bII,2021-03-01,2021-03-02 09:00:00+00:00,49186,比特币多头再发力，重新站上50000关口。,50000,EVENT_BREAK_UP,False
ZgsI8m9v1uU,2021-03-03,2021-03-04 09:00:00+00:00,49100,比特币再振雄风，52000能挡住吗？,52000,RESISTANCE,True
P94kPxoBdsw,2021-03-11,2021-03-12 09:00:00+00:00,56535,比特币再探58000美金，币圈312魔咒能否解除？,58000,EVENT_REACHED,False
VBW_vhkBjMM,2021-03-13,2021-03-14 09:00:00+00:00,60923,比特币站上6万，7万、8万还会远吗？,60000,EVENT_BREAK_UP,False
VBW_vhkBjMM,2021-03-13,2021-03-14 09:00:00+00:00,60923,比特币站上6万，7万、8万还会远吗？,70000,TARGET_UP,True
VBW_vhkBjMM,2021-03-13,2021-03-14 09:00:00+00:00,60923,比特币站上6万，7万、8万还会远吗？,80000,TARGET_UP,True
eWT4H-Jsm50,2021-03-14,2021-03-15 09:00:00+00:00,55868,比特币突破61000美金以后会怎么样呢？,61000,EVENT_BREAK_UP,False
F-Ohew7iRGM,2021-03-18,2021-03-19 09:00:00+00:00,58287,比特币再探60000被打回原形，多头还有机会吗？,60000,EVENT_REACHED,False
Doeeloj0Lyc,2021-03-22,2021-03-23 09:00:00+00:00,54600,比特币飞流直下3000点，跌破54000空头恐继续发力,54000,EVENT_BREAK_DOWN,False
FrX7yGZgHX8,2021-04-01,2021-04-02 09:00:00+00:00,59669,比特币再次站上6W美金，带动币圈集体起飞。,60000,EVENT_BREAK_UP,False
VURQDouhnTY,2021-04-13,2021-04-14 09:00:00+00:00,64440,比特币BTC一柱擎天涨超64000，Coinbase周三上市带动币圈集体走高！,64000,EVENT_BREAK_UP,False
qqBcWrA0TFA,2021-04-22,2021-04-23 09:00:00+00:00,48213,比特币BTC暴跌下5万，狗狗币DOGE隔夜怒跌50%。,50000,EVENT_BREAK_DOWN,False
pFXqpoX65yw,2021-04-23,2021-04-24 09:00:00+00:00,49551,比特币BTC跌破48000空头持续发力，后市何去何从？,48000,EVENT_BREAK_DOWN,False
DznqXjq52Ng,2021-04-30,2021-05-01 09:00:00+00:00,57552,比特币BTC重回58000，以太坊ETH创新高逼近2900,58000,EVENT_BREAK_UP,False
Z4_PezKTlOo,2021-05-02,2021-05-03 09:00:00+00:00,58478,以太坊ETH破3000继续创新高，比特币BTC再回58000直奔6W。,58000,EVENT_REACHED,False
Z4_PezKTlOo,2021-05-02,2021-05-03 09:00:00+00:00,58478,以太坊ETH破3000继续创新高，比特币BTC再回58000直奔6W。,60000,TARGET_UP,True
6rJI-SmvlS8,2021-05-18,2021-05-19 09:00:00+00:00,40314,央妈出手整顿币圈，比特币BTC跳水破4W，以太坊ETH重挫破3000,40000,EVENT_BREAK_DOWN,False
Uzs8Bv3wG0g,2021-05-19,2021-05-20 09:00:00+00:00,39960,比特币BTC狂跌30%至3W，以太坊ETH重挫40%破2000。,30000,EVENT_REACHED,False
Mv5FLcM5qDg,2021-05-24,2021-05-25 09:00:00+00:00,37988,以太坊ETH强势反弹50%，比特币BTC稳步爬升逼近40000。,40000,OTHER,False
MhcUOTJ4Zas,2021-05-30,2021-05-31 09:00:00+00:00,35939,黄金站上1900多头持续发力，比特币BTC下破35000空头欲创新低,35000,EVENT_BREAK_DOWN,False
t1oKXG7AM0w,2021-06-15,2021-06-16 09:00:00+00:00,39979,比特币BTC再上41000，以太坊ETH涨破2600,41000,EVENT_BREAK_UP,False
3uijbWrePXc,2021-06-23,2021-06-24 09:00:00+00:00,33266,比特币BTC跌破29000，随即报复性反弹超15%。,29000,EVENT_BREAK_DOWN,False
l7OUvmDIils,2021-06-25,2021-06-26 09:00:00+00:00,31075,比特币BTC站上35000，狗狗币DOGE多头发力涨超30%。,35000,EVENT_BREAK_UP,False
lIku_EbIdtE,2021-07-01,2021-07-02 09:00:00+00:00,32976,比特币BTC阻力位震荡下行跌破35000，以太坊ETH大涨9%后继续横盘。,35000,EVENT_BREAK_DOWN,False
fVxeoOhRKgk,2021-07-16,2021-07-17 09:00:00+00:00,31628,比特币逼近31000，AXS暴涨400%,31000,OTHER,False
_bH9VFDZheI,2021-07-18,2021-07-19 09:00:00+00:00,31400,狗狗币DOGE支持位强势反弹20%，比特币BTC多头发力重回32000。,32000,EVENT_BREAK_UP,False
KkaJQHu1lqk,2021-07-20,2021-07-21 09:00:00+00:00,31335,比特币BTC重回30000领币圈集体上涨，是希望重燃还是回光返照？,30000,EVENT_BREAK_UP,False
4L2cj3VIrSQ,2021-07-21,2021-07-22 09:00:00+00:00,31874,比特币BTC继续上涨站上32000，以太坊ETH测试2000强阻力。,32000,EVENT_BREAK_UP,False
4yRMvCQjTek,2021-07-25,2021-07-26 09:00:00+00:00,38256,亚马逊介绍比特币支付，比特币BTC瞬间站上40000，币价开启暴力反弹模式！,40000,EVENT_BREAK_UP,False
777tWlJe-W4,2021-07-27,2021-07-28 09:00:00+00:00,39934,比特币BTC欲探40000强阻力，以太坊ETH上下10%来回震荡。,40000,RESISTANCE,True
OpqAD1axv6k,2021-07-31,2021-08-01 09:00:00+00:00,41928,比特币BTC深V反转站上42000，牛市要来了吗？,42000,EVENT_BREAK_UP,False
j3v1nLOwiIE,2021-08-03,2021-08-04 09:00:00+00:00,37812,比特币BTC扩大跌幅破38000，以太坊ETH紧随其后欲探2400。,38000,EVENT_BREAK_DOWN,False
TnQDy40Oc8Y,2021-08-04,2021-08-05 09:00:00+00:00,38011,BTC比特币空头继续36000拭目以待，ETH以太坊死守2500最后的倔强。,36000,TARGET_DOWN,True
QOdgmXSLp2Q,2021-08-05,2021-08-06 09:00:00+00:00,40615,以太坊ETH怒张13%破2700，比特币BTC再坐过山车重回4W。,40000,EVENT_BREAK_UP,False
END5sJwGwfo,2021-08-06,2021-08-07 09:00:00+00:00,43682,ETH以太坊分叉突破2800，BTC比特币跟涨站上41000。,41000,EVENT_BREAK_UP,False
JkXLCbs0Zz0,2021-08-08,2021-08-09 09:00:00+00:00,44895,比特币BTC破阻力45000，以太坊ETH三天涨近30%,45000,EVENT_BREAK_UP,False
lhkcDwbd978,2021-08-10,2021-08-11 09:00:00+00:00,46135,比特币BTC逼近47000，以太坊ETH上探3200受阻。,47000,OTHER,False
kot_BAyR9uU,2021-08-15,2021-08-16 09:00:00+00:00,47199,比特币BTC再上48000，狗狗币DOGE上行遇强阻。,48000,EVENT_BREAK_UP,False
fO285gLHA-g,2021-08-21,2021-08-22 09:00:00+00:00,49273,BTC比特币涨近6%站上49000，BNB币安币突破阻力重回450上方。,49000,EVENT_BREAK_UP,False
avdegP5PiRY,2021-08-23,2021-08-24 09:00:00+00:00,49627,BTC比特币多头发力重上5W，ADA艾达币再创新高涨超12%。,50000,EVENT_BREAK_UP,False
roXc4CNdSZQ,2021-09-02,2021-09-03 09:00:00+00:00,50120,BTC比特币5W遇强阻闪崩2000点，SOL再创新高涨近30%。,50000,RESISTANCE,False
EdhDMDs-W30,2021-09-06,2021-09-07 09:00:00+00:00,50854,比特币BTC大涨逼近52000，FIL飙升22%触达120美金。,52000,OTHER,False
8FTDEuLzhoU,2021-09-08,2021-09-09 09:00:00+00:00,46182,比特币BTC暴跌20%破44000，以太坊ETH闪崩触及3000美金,44000,EVENT_BREAK_DOWN,False
edyYhMoUk0I,2021-09-15,2021-09-16 09:00:00+00:00,47962,比特币BTC涨7%重回47000，波卡DOT再创新高站上38美金。,47000,EVENT_BREAK_UP,False
rxrXrEmghuM,2021-09-21,2021-09-22 09:00:00+00:00,42399,比特币BTC再跌10%破40000，以太坊ETH空头发力重回2700。,40000,EVENT_BREAK_DOWN,False
pdcbreFwvzg,2021-09-23,2021-09-24 09:00:00+00:00,42385,以太坊ETH上演V型反转涨15%，比特币BTC重回44000多头能否继续？,44000,EVENT_BREAK_UP,False
qLP5j51O4sA,2021-09-27,2021-09-28 09:00:00+00:00,41883,数字货币坐过山车集体V型反转，比特币BTC重回44000。,44000,EVENT_BREAK_UP,False
TXGP6rkx8xI,2021-09-28,2021-09-29 09:00:00+00:00,42257,比特币BTC空头再发力跌破42000，UNI精准测试阻力位下行15%。,42000,EVENT_BREAK_DOWN,False
PAKDwgj41p4,2021-09-30,2021-10-01 09:00:00+00:00,44922,BTC比特币欲测试44000强阻力，DOT波卡触底反弹10%。,44000,RESISTANCE,True
51t8DII6mp0,2021-10-06,2021-10-07 09:00:00+00:00,54324,比特币BTC重回55000，屎币SHIB狂涨400%。,55000,EVENT_BREAK_UP,False
hGv2kR9EBLQ,2021-10-12,2021-10-13 09:00:00+00:00,54885,比特币BTC闪跌6%下破54000，DOT波卡深V反转涨11%。,54000,EVENT_BREAK_DOWN,False
nGDgY6QZW-s,2021-10-13,2021-10-14 09:00:00+00:00,57433,比特币BTC狂飙8%站上58000，波卡DOT一柱擎天涨近30%。,58000,EVENT_BREAK_UP,False
iOZFxKHmsVA,2021-10-14,2021-10-15 09:00:00+00:00,59339,比特币BTC如期上涨逼近6W，以太坊ETH能否直奔4000？,60000,OTHER,False
I_9yy0felKo,2021-10-15,2021-10-16 09:00:00+00:00,61410,比特币BTC一柱擎天剑指63000，以太坊ETH稳步爬升4000在眼前。,63000,TARGET_UP,True
0GVZb_S0d7U,2021-10-17,2021-10-18 09:00:00+00:00,61204,比特币BTC二次探顶直奔64000，黄金空头发力暴跌30美金。,64000,TARGET_UP,True
E8F8frWu5hM,2021-10-18,2021-10-19 09:00:00+00:00,62125,比特币BTC多头即将面临64000强阻力位，币安BNB多头继续发力7天累涨25%。,64000,RESISTANCE,True
8-P-SwgFGgM,2021-10-19,2021-10-20 09:00:00+00:00,64046,比特币期货ETF上市利好助推BTC上64000，OKB狂涨超30%站上21美金。,64000,EVENT_BREAK_UP,False
KBCbkbKEgU8,2021-10-20,2021-10-21 09:00:00+00:00,66198,比特币BTC站上66000创历史新高，以太坊ETH破4200重回巅峰。,66000,EVENT_BREAK_UP,False
Y5slZk2kQC8,2021-10-23,2021-10-24 09:00:00+00:00,60789,比特币BTC维持61000附近震荡调整，SHIB屎币一枝独秀涨超30%。,61000,OTHER,False
i0WLZ2LCSAA,2021-10-26,2021-10-27 09:00:00+00:00,58970,屎币SHIB两天涨超40%创新高，比特币BTC回到6W继续震荡。,60000,EVENT_REACHED,False
etNxVsW-JVQ,2021-10-27,2021-10-28 09:00:00+00:00,61062,比特币BTC空头发力跌至58000，屎币SHIB一枝独秀涨超90%。,58000,EVENT_BREAK_DOWN,False
laISd0Jjknc,2021-11-07,2021-11-08 09:00:00+00:00,66102,比特币BTC发力重回65000，以太坊EHT再创新高破4700。,65000,EVENT_BREAK_UP,False
HBZVdMSVhmw,2021-11-08,2021-11-09 09:00:00+00:00,68238,以太坊ETH突破4800再创新高，比特币BTC逼近68000牛市要来？,68000,OTHER,False
iE5KsTrQIFM,2021-11-09,2021-11-10 09:00:00+00:00,66702,艾达币ADA阻力位回落7%，比特币BTC跌回66000又玩假突破？,66000,EVENT_REACHED,False
ppQKt-hZTb4,2021-11-10,2021-11-11 09:00:00+00:00,65398,比特币BTC涨至69000创新高，随后闪崩6000点带动币圈集体跳水。,69000,EVENT_REACHED,False
TYPn2N9m0LE,2021-11-11,2021-11-12 09:00:00+00:00,63798,比特币BTC维持65000水平震荡，以太坊ETH稳步爬升再上4800。,65000,OTHER,False
Kyvn3VhJ62s,2021-11-14,2021-11-15 09:00:00+00:00,66016,比特币BTC多头发力重回66000，以太坊ETH反弹4.8%站上4700。,66000,EVENT_BREAK_UP,False
0bfu0mi2r-k,2021-11-16,2021-11-17 09:00:00+00:00,58932,比特币BTC跌超11%破60000，SAND逆势上涨56%创新高。,60000,EVENT_BREAK_DOWN,False
-HoTn3Wy2DI,2021-11-17,2021-11-18 09:00:00+00:00,59336,SAND暴涨30%再创新高，BTC比特币6W附近持续震荡。,60000,OTHER,False
L3hWj0ceEGM,2021-11-18,2021-11-19 09:00:00+00:00,57054,比特币BTC重挫8%破56000，SAND如期上涨47%再创新高。,56000,EVENT_BREAK_DOWN,False
4saxoa8-mlU,2021-11-27,2021-11-28 09:00:00+00:00,54380,比特币BTC如期下跌破54000，SAND高台跳水跌超30%,54000,EVENT_BREAK_DOWN,False
oxNeQColvMQ,2021-11-28,2021-11-29 09:00:00+00:00,56921,比特币BTC大阳线重回58000，SAND霸气拉涨近40%重回8.0,58000,EVENT_BREAK_UP,False
7I8-biATf6E,2021-12-08,2021-12-09 09:00:00+00:00,49252,比特币BTC继续5W附近横盘，BTT阻力位如期下跌16%，,50000,OTHER,False
ypGFrJJkWQY,2021-12-09,2021-12-10 09:00:00+00:00,48394,比特币BTC再破48000，UNI阻力位重挫14%。,48000,EVENT_BREAK_DOWN,False
nr8H_cOD-yo,2021-12-25,2021-12-26 09:00:00+00:00,50041,比特币BTC重回5W下方，SAND涨20%逼近7美金。,50000,EVENT_BREAK_DOWN,False
fmRuMwbf7_4,2021-12-27,2021-12-28 09:00:00+00:00,49052,比特币BTC精准测试52000后闪崩，波卡DOT冲高跳水10%。,52000,EVENT_REACHED,False
o2HlF3zw4TA,2021-12-28,2021-12-29 09:00:00+00:00,47952,比特币BTC暴跌9%破48000，FIL阻力位如期下行13%。,48000,EVENT_BREAK_DOWN,False
Z0BV7QJNfjw,2021-12-29,2021-12-30 09:00:00+00:00,46774,比特币BTC重挫下破46000，AVAX四连阴一周跌超20%。,46000,EVENT_BREAK_DOWN,False
pw024GajYN4,2022-01-03,2022-01-04 09:00:00+00:00,46349,比特币BTC测试46000支撑位，阿童木ATOM半月涨超85%。,46000,EVENT_REACHED,False
pw024GajYN4,2022-01-03,2022-01-04 09:00:00+00:00,46349,比特币BTC测试46000支撑位，阿童木ATOM半月涨超85%。,46000,SUPPORT,True
kF4SUBq29Yo,2022-01-05,2022-01-06 09:00:00+00:00,42558,比特币BTC暴跌9%欲探42000，莱特币LTC突破箱体刺透130。,42000,TARGET_DOWN,True
Hy8O9106NjU,2022-01-06,2022-01-07 09:00:00+00:00,42417,比特币BTC六连阴跌破42000，以太坊ETH三天跌近20%。,42000,EVENT_BREAK_DOWN,False
6cntSPK5rs4,2022-01-07,2022-01-08 09:00:00+00:00,42177,BTC比特币40000关口强支撑，以太坊ETH三天跌20%近800美金。,40000,SUPPORT,True
vUR9_CsK7Tc,2022-01-09,2022-01-10 09:00:00+00:00,41811,币圈集体走空，BTC比特币40000强支撑能否挺住？,40000,SUPPORT,True
h8vLjW7wynM,2022-01-10,2022-01-11 09:00:00+00:00,42006,比特币BTC跌破40000再现插针行情，LINK新年十天连涨47%。,40000,EVENT_BREAK_DOWN,False
pJuHrP8COz4,2022-01-11,2022-01-12 09:00:00+00:00,42825,比特币BTC支撑位强势反弹站上43000，BNB多头拉涨15%回到460。,43000,EVENT_BREAK_UP,False
FBnjHBZAwMw,2022-01-12,2022-01-13 09:00:00+00:00,43893,比特币BTC继续冲高站上44000，莱特币LTC反弹18%完成深回踩。,44000,EVENT_BREAK_UP,False
ixseKKAKbII,2022-01-16,2022-01-17 09:00:00+00:00,42870,比特币BTC维持43000水平震荡，BNB精准测试500阻力位回落。,43000,OTHER,False
YV2tk14vUrY,2022-01-22,2022-01-23 09:00:00+00:00,35905,比特币BTC熊起跌破35000，以太坊ETH六连阴触及2300。,35000,EVENT_BREAK_DOWN,False
zn1n6fSdPbM,2022-01-31,2022-02-01 09:00:00+00:00,38278,比特币BTC重回38000，以太坊ETH测试强阻力。,38000,EVENT_BREAK_UP,False
RVJve-8VjAA,2022-02-02,2022-02-03 09:00:00+00:00,36659,比特币BTC跌近7%下破37000，以太坊ETH阻力位跌200美金。,37000,EVENT_BREAK_DOWN,False
OGeM_-nz_uA,2022-02-04,2022-02-05 09:00:00+00:00,41597,比特币BTC暴涨15%逼近42000，以太坊ETH多头发力重回3000。,42000,OTHER,False
1viKswUP3pA,2022-02-06,2022-02-07 09:00:00+00:00,42462,AXS支撑位反弹55%，BTC站上42000还能继续？,42000,EVENT_BREAK_UP,False
CTE_Rjk5m3A,2022-02-07,2022-02-08 09:00:00+00:00,43886,比特币BTC继续发力破44000，瑞波币XRP触底反弹60%。,44000,EVENT_BREAK_UP,False
XZ7L1cuVMoA,2022-02-08,2022-02-09 09:00:00+00:00,43393,BTC比特币45500精准回落，币安BNB阻力位跌超8%。,45500,EVENT_REACHED,False
XZ7L1cuVMoA,2022-02-08,2022-02-09 09:00:00+00:00,43393,BTC比特币45500精准回落，币安BNB阻力位跌超8%。,45500,RESISTANCE,False
2Mu2rv5DsQ8,2022-02-13,2022-02-14 09:00:00+00:00,42079,比特币BTC跌破42000，ETH以太坊2850支撑位调整。,42000,EVENT_BREAK_DOWN,False
A_0s4G7M8rU,2022-02-18,2022-02-19 09:00:00+00:00,39929,比特币BTC刺穿40000，ROSE三天跌近20%。,40000,EVENT_BREAK_DOWN,False
fEug5tPRJeA,2022-02-20,2022-02-21 09:00:00+00:00,38923,比特币BTC周末狂跌下探38000，MANA支撑位反弹11%。,38000,EVENT_REACHED,False
E1Q82oguEac,2022-02-21,2022-02-22 09:00:00+00:00,37161,BTC比特币跌破37000，ADA艾达币冲高回落15%。,37000,EVENT_BREAK_DOWN,False
_UgDk_k8efs,2022-02-22,2022-02-23 09:00:00+00:00,38899,比特币BTC反弹2000美金站上38000，SAND七天跌36%。,38000,EVENT_BREAK_UP,False
wfqvIy3dGxM,2022-02-23,2022-02-24 09:00:00+00:00,35351,币圈及全球股市齐跌，BTC比特币跌破35000，黄金涨破1940！,35000,EVENT_BREAK_DOWN,False
ajtwqL6G17k,2022-02-27,2022-02-28 09:00:00+00:00,38126,比特币BTC回到37000，FTM冲高回落15%。,37000,EVENT_REACHED,False
sTXwlnHWwiM,2022-03-01,2022-03-02 09:00:00+00:00,43930,比特币BTC继续上攻逼近45000，以太坊EHT站上3000美金，WTI原油涨超10%。,45000,OTHER,False
LtC2VO3m2KM,2022-03-03,2022-03-04 09:00:00+00:00,41536,比特币BTC放量下跌破42000，以太坊ETH三连阴跌12%。,42000,EVENT_BREAK_DOWN,False
c9xX7qQcDBc,2022-03-06,2022-03-07 09:00:00+00:00,38161,比特币BTC持续下挫破38000，FTM三月累跌36%。,38000,EVENT_BREAK_DOWN,False
sh78gIjs9iM,2022-03-08,2022-03-09 09:00:00+00:00,42046,比特币BTC强势反弹逼近42000，黄金怒涨70美元再探历史2070高点。,42000,OTHER,False
4RD5kiaoqOE,2022-03-17,2022-03-18 09:00:00+00:00,40533,"比特币BTC在4w美金""躺平""，SAND阻力位重挫9%。",40000,OTHER,False
rWcSuxMraK4,2022-03-21,2022-03-22 09:00:00+00:00,42502,以太经典ETC上攻16%站上42美金，比特币BTC拉涨5%重回42000上方。,42000,EVENT_BREAK_UP,False
T1-djRm3A1U,2022-03-24,2022-03-25 09:00:00+00:00,44145,比特币BTC冲破44000大关，艾达币ADA一骑绝尘再涨13%。,44000,EVENT_BREAK_UP,False
h0SmBQPFXLo,2022-03-26,2022-03-27 09:00:00+00:00,44579,比特币BTC再探45000强阻力位，能不能压得住？,45000,EVENT_REACHED,False
h0SmBQPFXLo,2022-03-26,2022-03-27 09:00:00+00:00,44579,比特币BTC再探45000强阻力位，能不能压得住？,45000,RESISTANCE,True
3SY-NI1kPlE,2022-03-27,2022-03-28 09:00:00+00:00,47159,比特币BTC破位站上47000，以太坊ETH涨7%冲破3300。,47000,EVENT_BREAK_UP,False
4ESQLX62U_o,2022-03-28,2022-03-29 09:00:00+00:00,47601,比特币BTC冲上48000回落，FIL涨38%逼近28美金。,48000,EVENT_REACHED,False
4ESQLX62U_o,2022-03-28,2022-03-29 09:00:00+00:00,47601,比特币BTC冲上48000回落，FIL涨38%逼近28美金。,48000,RESISTANCE,False
1ajY0ar8DoQ,2022-04-03,2022-04-04 09:00:00+00:00,45930,比特币BTC维持46000附近震荡，SOL触底反弹超80%。,46000,OTHER,False
WakbxLhCfu4,2022-04-06,2022-04-07 09:00:00+00:00,43463,比特币BTC再跌6%下破43000，以太坊ETH两天蒸发10%。,43000,EVENT_BREAK_DOWN,False
XE9wqR4rQ6k,2022-04-10,2022-04-11 09:00:00+00:00,41423,比特币BTC空头继续发力跌破42000，AXS阻力跌38%。,42000,EVENT_BREAK_DOWN,False
GxLr1vb2pJc,2022-04-12,2022-04-13 09:00:00+00:00,40099,比特币BTC空头止跌回到4W上方，屎币SHIB隔夜冲高37%。,40000,EVENT_BREAK_UP,False
tdT5P8fBBw0,2022-04-13,2022-04-14 09:00:00+00:00,41202,比特币BTC如期上涨站稳41000美金，SAND支撑位企稳10%。,41000,EVENT_BREAK_UP,False
tdT5P8fBBw0,2022-04-13,2022-04-14 09:00:00+00:00,41202,比特币BTC如期上涨站稳41000美金，SAND支撑位企稳10%。,41000,SUPPORT,True
HJtdjygtivw,2022-04-19,2022-04-20 09:00:00+00:00,41576,比特币BTC持续反弹站稳41000，SAND支撑位猛涨22%。,41000,EVENT_BREAK_UP,False
HJtdjygtivw,2022-04-19,2022-04-20 09:00:00+00:00,41576,比特币BTC持续反弹站稳41000，SAND支撑位猛涨22%。,41000,SUPPORT,True
6F2ThBY-75E,2022-04-20,2022-04-21 09:00:00+00:00,41821,比特币BTC重回42000，AAVE支持位狂涨26%。,42000,EVENT_BREAK_UP,False
O3_uoVDWdBQ,2022-04-21,2022-04-22 09:00:00+00:00,40298,比特币BTC冲高回落3000美金险守4W，多头趋势还在不在？,40000,SUPPORT,True
c8V0wg80za4,2022-04-25,2022-04-26 09:00:00+00:00,40387,狗狗币DOGE一柱擎天涨40%，比特币BTC如期收阳站上40000。,40000,EVENT_BREAK_UP,False
jAmDxSnFhsU,2022-05-02,2022-05-03 09:00:00+00:00,38453,比特币BTC维持39000附近震荡，AXS一周跌40%破30大关。,39000,OTHER,False
1WEg3zMVyBk,2022-05-03,2022-05-04 09:00:00+00:00,38858,比特币BTC跌破38000，半夜的美联储利率决议可能伴随剧烈波动。,38000,EVENT_BREAK_DOWN,False
c_IsGDBJdS8,2022-05-04,2022-05-05 09:00:00+00:00,39474,美联储加息比特币BTC重回40000，牛市是否会再次启动？,40000,EVENT_BREAK_UP,False
edPRvbL11Sw,2022-05-06,2022-05-07 09:00:00+00:00,35960,比特币BTC跌破36000多头死气沉沉，以太坊ETH空头蠢蠢欲动还能跌吗？,36000,EVENT_BREAK_DOWN,False
z8dw8FtzaVk,2022-05-08,2022-05-09 09:00:00+00:00,33490,比特币BTC一泻千里跌破34000，以太坊ETH如期下破逼近2400。,34000,EVENT_BREAK_DOWN,False
9Fe9D3FYd8Q,2022-05-09,2022-05-10 09:00:00+00:00,31388,比特币BTC跌13%破30000，露娜LUNA直线跳水5月跌超70%。,30000,EVENT_BREAK_DOWN,False
KcwbFvOxhF0,2022-05-11,2022-05-12 09:00:00+00:00,27549,币圈全线暴跌！比特币BTC跌破28000，以太坊ETH跌破1900，露娜LUNA直接归零。,28000,EVENT_BREAK_DOWN,False
Mv31ULIm-tM,2022-05-12,2022-05-13 09:00:00+00:00,30415,露娜LUNA事件尘埃落定，比特币BTC多头启动重回30000。,30000,EVENT_BREAK_UP,False
gvFcqJQIqfA,2022-05-15,2022-05-16 09:00:00+00:00,29589,比特币BTC坚守30000美元关口，以太坊ETH努力爬上2100多头能否继续？,30000,SUPPORT,True
v55ANOCyZ3U,2022-05-18,2022-05-19 09:00:00+00:00,28984,比特币BTC跌6.6%回到29000下方，狗狗币DOGE空头发力跌超10%。,29000,EVENT_BREAK_DOWN,False
MGWjRrKmJow,2022-05-19,2022-05-20 09:00:00+00:00,30284,比特币BTC重回30000继续震荡，阿童木ATOM走出W底结构。,30000,EVENT_BREAK_UP,False
gOJ9Tj3-z20,2022-05-29,2022-05-30 09:00:00+00:00,30700,比特币BTC触底反弹重回30000，各山寨币纷纷跟随上涨，牛市要来了吗？,30000,EVENT_BREAK_UP,False
7ckjFh-yxgc,2022-05-30,2022-05-31 09:00:00+00:00,31518,比特币BTC迎来大涨突破32000，币圈集体反弹春天要来？,32000,EVENT_BREAK_UP,False
zyqcsRDqZDI,2022-05-31,2022-06-01 09:00:00+00:00,31679,比特币BTC站稳31000，艾达币ADA触底反弹50%。,31000,EVENT_BREAK_UP,False
zyqcsRDqZDI,2022-05-31,2022-06-01 09:00:00+00:00,31679,比特币BTC站稳31000，艾达币ADA触底反弹50%。,31000,SUPPORT,True
aMqwo6qSseY,2022-06-05,2022-06-06 09:00:00+00:00,31460,比特币BTC多头发力拿下31000，以太坊ETH支撑位企稳8%欲完成筑底。,31000,EVENT_BREAK_UP,False
au2Wt3L8TwM,2022-06-08,2022-06-09 09:00:00+00:00,30516,BTC比特币30000美金多空再次平衡，市场在布局一盘大棋？,30000,OTHER,False
NNB2_7x2dMA,2022-06-12,2022-06-13 09:00:00+00:00,23971,比特币BTC跌破28000，下方空间彻底被打开，币圈还有希望吗？,28000,EVENT_BREAK_DOWN,False
FlfXyfjMDkQ,2022-06-16,2022-06-17 09:00:00+00:00,20954,比特币BTC如期下行，破了20000离12000还远吗？,20000,EVENT_BREAK_DOWN,False
hkqQyVmvcuQ,2022-06-19,2022-06-20 09:00:00+00:00,20622,比特币BTC怒涨18%逼近21000，空头到此结束了吗？,21000,OTHER,False
sQt412_-Mhg,2022-06-20,2022-06-21 09:00:00+00:00,21185,比特币BTC受阻于21000美金，听说很多人想抄底？,21000,RESISTANCE,False
byji2v1zEsM,2022-06-21,2022-06-22 09:00:00+00:00,20415,比特币BTC空头再发力砸回20000附近，AAVE冲高回落18%，还能跌？,20000,EVENT_REACHED,False
eynYd8HJTWU,2022-06-29,2022-06-30 09:00:00+00:00,19136,比特币BTC下破20000，SOL三天跌超20%。,20000,EVENT_BREAK_DOWN,False
51d3p4Ntcic,2022-07-03,2022-07-04 09:00:00+00:00,19342,比特币BTC再下20000，下方支撑位18000美金。,20000,EVENT_BREAK_DOWN,False
51d3p4Ntcic,2022-07-03,2022-07-04 09:00:00+00:00,19342,比特币BTC再下20000，下方支撑位18000美金。,18000,SUPPORT,True
zIJSu79XPbA,2022-07-04,2022-07-05 09:00:00+00:00,19748,比特币BTC涨超7%重回2W上方，波卡DOT支撑位强势反弹8%。,20000,EVENT_BREAK_UP,False
dWrY9RR_FNc,2022-07-07,2022-07-08 09:00:00+00:00,21559,比特币BTC怒涨2400点涨上22000，以太坊ETH涨超12%逼近1300。,22000,EVENT_BREAK_UP,False
63HjD6cN1MQ,2022-07-10,2022-07-11 09:00:00+00:00,20542,比特币BTC冲高回落9%，今日目标20000美金。,20000,TARGET_DOWN,True
YUj5KBH2n9U,2022-07-11,2022-07-12 09:00:00+00:00,19582,比特币BTC如期下破20000，以太坊ETH跌破1100。,20000,EVENT_BREAK_DOWN,False
zW3SyMHZrXQ,2022-07-13,2022-07-14 09:00:00+00:00,19809,比特币BTC反弹1500美金重回2W，以太坊ETH精准测试支撑位企稳12%。,20000,EVENT_BREAK_UP,False
MD0tiQvxd_A,2022-07-18,2022-07-19 09:00:00+00:00,21912,比特币BTC多头发力逼近23000，以太坊ETH大涨突破1600！,23000,OTHER,False
5QCurYMU9Qg,2022-07-21,2022-07-22 09:00:00+00:00,23474,比特币BTC支撑位精准反弹重回23000，SOL测试支撑位涨超11%。,23000,EVENT_BREAK_UP,False
TQB6dvuYF1k,2022-07-25,2022-07-26 09:00:00+00:00,21138,比特币BTC空头继续发力跌破21000，以太坊ETH阻力位跌15%。,21000,EVENT_BREAK_DOWN,False
6oQN0Xf3yTM,2022-07-25,2022-07-26 09:00:00+00:00,21138,比特币BTC高位回落跌破22000，莱特币LTC三探阻力不破再跌6%。,22000,EVENT_BREAK_DOWN,False
fUpCTX92KuM,2022-07-27,2022-07-28 09:00:00+00:00,22985,美联储加息75个基点，比特币BTC突破23000，ETC猛涨48%。,23000,EVENT_BREAK_UP,False
PLYtVJBOwD0,2022-07-29,2022-07-30 09:00:00+00:00,23936,比特币BTC测试前高24000阻力带，ETC三天涨超90%。,24000,EVENT_REACHED,False
PLYtVJBOwD0,2022-07-29,2022-07-30 09:00:00+00:00,23936,比特币BTC测试前高24000阻力带，ETC三天涨超90%。,24000,RESISTANCE,False
ryuFIL_z6ag,2022-08-01,2022-08-02 09:00:00+00:00,22722,比特币BTC下破23000，以太经典ETC阻力位回落28%。,23000,EVENT_BREAK_DOWN,False
0Bzmo23tQQQ,2022-08-09,2022-08-10 09:00:00+00:00,23090,比特币BTC轻松跌破23000，莱特币LTC阻力位暴跌10%。,23000,EVENT_BREAK_DOWN,False
Ho45kFdizJc,2022-08-10,2022-08-11 09:00:00+00:00,24454,以太坊ETH扭头上涨15%站上1900，比特币BTC涨8%再探24000。,24000,EVENT_REACHED,False
RZEe1wU-Hmw,2022-08-14,2022-08-15 09:00:00+00:00,24168,比特币BTC冲破25000，以太坊ETH重回2000。,25000,EVENT_BREAK_UP,False
RWKmhc4Zgrs,2022-08-18,2022-08-19 09:00:00+00:00,21745,比特币BTC继续下行逼近22000，艾达币ADA破支撑跌10%。,22000,OTHER,False
n3AgGe-MTzc,2022-08-29,2022-08-30 09:00:00+00:00,20422,美联储继续“放鹰”，比特币BTC顺利跌破2W，以太坊ETH三天跌17%破1500。,20000,EVENT_BREAK_DOWN,False
qugi3BI5UK8,2022-09-13,2022-09-14 09:00:00+00:00,20334,CPI数据好于预期美元暴涨，非美全线暴跌，比特币BTC下破20000。,20000,EVENT_BREAK_DOWN,False
-E4thRELiSA,2022-09-14,2022-09-15 09:00:00+00:00,20134,比特币BTC空头依旧2W撑不住，以太坊ETH合并倒计时！,20000,SUPPORT,True
zM_uYihKrn4,2022-09-18,2022-09-19 09:00:00+00:00,18466,比特币BTC顺利下行跌破19000，以太坊ETH跌破支撑抵达1300。,19000,EVENT_BREAK_DOWN,False
k-4sbGI5zH0,2022-10-03,2022-10-04 09:00:00+00:00,19950,比特币BTC坚守19000，ATOM顺利下行到达第一目标。,19000,SUPPORT,False
EvqRgBvIn74,2022-10-04,2022-10-05 09:00:00+00:00,20090,比特币BTC如期站上20000，算是突破后开启多头了吗？,20000,EVENT_BREAK_UP,False
x5mB6YTGcB8,2022-10-08,2022-10-09 09:00:00+00:00,19419,比特币BTC继续下行跌破19300，币安BNB跌破通道还能空吗？,19300,EVENT_BREAK_DOWN,False
max6V499Qmc,2022-10-16,2022-10-17 09:00:00+00:00,19341,比特币BTC维持19000附近震荡，以太坊ETH围绕1300持续调整。,19000,OTHER,False
2gATxI2JQ2g,2022-10-19,2022-10-20 09:00:00+00:00,19187,比特币BTC仍在19000徘徊，AVAX、SAND均在阻力位跌超5%。,19000,OTHER,False
eokxHL76Ke8,2022-10-26,2022-10-27 09:00:00+00:00,20624,比特币BTC多头发力站上21000，狗狗币DOGE三天涨近30%。,21000,EVENT_BREAK_UP,False
D61ntOTvzcQ,2022-11-03,2022-11-04 09:00:00+00:00,20569,比特币BTC险守20000关口，马蹄MATIC悄悄上涨31%。,20000,SUPPORT,False
DWDq0eOUaFo,2022-11-07,2022-11-08 09:00:00+00:00,19781,比特币BTC破20000，FTT三天跌超33%。,20000,EVENT_BREAK_DOWN,False
0Nx19U-nmMA,2022-11-09,2022-11-10 09:00:00+00:00,16638,比特币BTC三天跌26%破16000，FTT本周跌96%即将归零！,16000,EVENT_BREAK_DOWN,False
6FJmWgVh6fY,2022-11-17,2022-11-18 09:00:00+00:00,16736,比特币BTC维持16000-17000区间调整，莱特币LTC隔夜涨12%测试前高。,16000,OTHER,False
6FJmWgVh6fY,2022-11-17,2022-11-18 09:00:00+00:00,16736,比特币BTC维持16000-17000区间调整，莱特币LTC隔夜涨12%测试前高。,17000,OTHER,False
t5OcIcLtsS8,2022-11-22,2022-11-23 09:00:00+00:00,16540,比特币BTC涨7%重回16000上方，莱特币LTC一柱擎天涨33%。,16000,EVENT_BREAK_UP,False
GFAq0l0KQhI,2022-11-23,2022-11-24 09:00:00+00:00,16585,以太坊ETH继续反弹站上1200，比特币BTC即将测试17000强阻力位。,17000,RESISTANCE,True
8Wk5FaOdQ4M,2022-11-29,2022-11-30 09:00:00+00:00,16873,比特币BTC多头发力冲上17000，能追多吗？,17000,EVENT_BREAK_UP,False
QDuU4QzwMO8,2022-11-30,2022-12-01 09:00:00+00:00,17111,比特币BTC站稳17000，以太坊ETH突破1300美金面临强阻力。,17000,EVENT_BREAK_UP,False
QDuU4QzwMO8,2022-11-30,2022-12-01 09:00:00+00:00,17111,比特币BTC站稳17000，以太坊ETH突破1300美金面临强阻力。,17000,SUPPORT,True
ImhVGIEf1h8,2022-12-04,2022-12-05 09:00:00+00:00,17309,比特币BTC多头再发力站上17000，数字货币集体震荡走高。,17000,EVENT_BREAK_UP,False
asS2IlsC5HI,2022-12-09,2022-12-10 09:00:00+00:00,17145,美指下行，比特币BTC再抬头站上17000，狗狗币DOGE支撑位反弹7%。,17000,EVENT_BREAK_UP,False
gYEbRiX_UaY,2022-12-12,2022-12-13 09:00:00+00:00,17429,比特币BTC围绕17000上蹿下跳，今晚CPI或成币波动剂！,17000,OTHER,False
OZw0_cc_fAw,2023-01-11,2023-01-12 09:00:00+00:00,18167,比特币BTC怒涨6.4%逼近18400，以太坊ETH飙升7.3%冲上1400。,18400,TARGET_UP,False
dH60ejDNazs,2023-01-14,2023-01-15 09:00:00+00:00,20752,比特币BTC三天领涨20%重回2字头，以太坊ETH测试1600难回头。,20000,EVENT_BREAK_UP,False
BUTgvJM6nHs,2023-01-26,2023-01-27 09:00:00+00:00,22956,比特币BTC多头乏力23000受阻，DYDX完美触底反弹超130%。,23000,EVENT_REACHED,False
BUTgvJM6nHs,2023-01-26,2023-01-27 09:00:00+00:00,22956,比特币BTC多头乏力23000受阻，DYDX完美触底反弹超130%。,23000,RESISTANCE,True
VOvsPY6bplM,2023-01-29,2023-01-30 09:00:00+00:00,23192,数字货币冲高回落，比特币BTC逼近24000，以太坊ETH重回1600上方。,24000,TARGET_UP,False
QticcfSty30,2023-02-01,2023-02-02 09:00:00+00:00,23838,美联储加息美指暴跌，比特币BTC冲破24000，莱特币LTC突破100大关。,24000,EVENT_BREAK_UP,False
7FXUarX4_sk,2023-02-15,2023-02-16 09:00:00+00:00,24656,比特币BTC直逼25000，以太坊ETH站稳1700，还能涨！,25000,TARGET_UP,True
o82KM2pDoOE,2023-02-16,2023-02-17 09:00:00+00:00,23724,BTC比特币25000阻力位精准回落，TRX波场跳水7%。,25000,EVENT_REACHED,False
o82KM2pDoOE,2023-02-16,2023-02-17 09:00:00+00:00,23724,BTC比特币25000阻力位精准回落，TRX波场跳水7%。,25000,RESISTANCE,True
mIa_PE0lI4g,2023-02-19,2023-02-20 09:00:00+00:00,24884,比特币BTC反复测试25000无法突破，菲尔FIL周末猛涨75%。,25000,EVENT_REACHED,False
mIa_PE0lI4g,2023-02-19,2023-02-20 09:00:00+00:00,24884,比特币BTC反复测试25000无法突破，菲尔FIL周末猛涨75%。,25000,RESISTANCE,True
Mn0bmP3uqVQ,2023-02-20,2023-02-21 09:00:00+00:00,24804,比特币BTC多次尝试突破25000未果，你觉得本周有希望吗？,25000,EVENT_REACHED,False
Mn0bmP3uqVQ,2023-02-20,2023-02-21 09:00:00+00:00,24804,比特币BTC多次尝试突破25000未果，你觉得本周有希望吗？,25000,TARGET_UP,True
A7wps9meWRM,2023-02-26,2023-02-27 09:00:00+00:00,23393,比特币BTC跌破23000后迅速反弹，莱特币LTC支撑位精准企稳6%。,23000,EVENT_BREAK_DOWN,False
WdP4qqqGqhc,2023-03-05,2023-03-06 09:00:00+00:00,22398,比特币BTC有可能继续回调测试21500支撑带，日内做多需谨慎！,21500,SUPPORT,True
nziHH-hLFpc,2023-03-13,2023-03-14 09:00:00+00:00,24395,比特币BTC三天涨24%站上24000，以太坊ETH逼近1700，还能涨吗？,24000,EVENT_BREAK_UP,False
sMJBZRQhuEk,2023-03-15,2023-03-16 09:00:00+00:00,24734,比特币BTC如期上破26000，收出长上影线，是假突破吗？,26000,EVENT_BREAK_UP,False
UOb1RR_Y0jc,2023-03-17,2023-03-18 09:00:00+00:00,27471,比特币BTC有效突破站稳27000，以太坊ETH涨13%破1800。,27000,EVENT_BREAK_UP,False
UOb1RR_Y0jc,2023-03-17,2023-03-18 09:00:00+00:00,27471,比特币BTC有效突破站稳27000，以太坊ETH涨13%破1800。,27000,SUPPORT,True
zNlqbB2_jX0,2023-03-30,2023-03-31 09:00:00+00:00,27838,比特币BTC冲破29000回落，币圈集体短线V型反转。,29000,EVENT_BREAK_UP,False
aencDGaa74w,2023-04-02,2023-04-03 09:00:00+00:00,28341,比特币BTC跌破28000，短期支撑位26600附近。,28000,EVENT_BREAK_DOWN,False
aencDGaa74w,2023-04-02,2023-04-03 09:00:00+00:00,28341,比特币BTC跌破28000，短期支撑位26600附近。,26600,SUPPORT,True
5TWjdfa27bI,2023-04-09,2023-04-10 09:00:00+00:00,28332,比特币BTC反复测试28800阻力带，本周有望完成突破！,28800,EVENT_REACHED,False
5TWjdfa27bI,2023-04-09,2023-04-10 09:00:00+00:00,28332,比特币BTC反复测试28800阻力带，本周有望完成突破！,28800,TARGET_UP,True
NJtHcJMan0k,2023-04-11,2023-04-12 09:00:00+00:00,30032,比特币BTC符合预期站上30000，下一步4w？5w？6w？,30000,EVENT_BREAK_UP,False
NJtHcJMan0k,2023-04-11,2023-04-12 09:00:00+00:00,30032,比特币BTC符合预期站上30000，下一步4w？5w？6w？,40000,TARGET_UP,True
gr2Egt3qNo4,2023-04-14,2023-04-15 09:00:00+00:00,30491,比特币BTC如期抵达31000，以太坊ETH两天涨15%站上2100。,31000,EVENT_REACHED,False
kDZj7ysd0T8,2023-04-17,2023-04-18 09:00:00+00:00,29903,比特币BTC跌破30000美金，难道又见顶了吗？,30000,EVENT_BREAK_DOWN,False
aqlXi_KxYZY,2023-04-18,2023-04-19 09:00:00+00:00,29211,我押100块，比特币BTC今天回到30000,30000,TARGET_UP,True
iWDtI9JhDgw,2023-04-20,2023-04-21 09:00:00+00:00,28061,比特币BTC跌6.4%破29000，难道是见顶了？,29000,EVENT_BREAK_DOWN,False
9XrBH_5qP_M,2023-04-21,2023-04-22 09:00:00+00:00,27242,比特币BTC继续下破28000，以太坊ETH跌破1900，空头要来了吗？,28000,EVENT_BREAK_DOWN,False
5gGQ_VM1DXY,2023-04-25,2023-04-26 09:00:00+00:00,28884,比特币BTC涨超5%站稳28000，多头趋势不变~,28000,EVENT_BREAK_UP,False
5gGQ_VM1DXY,2023-04-25,2023-04-26 09:00:00+00:00,28884,比特币BTC涨超5%站稳28000，多头趋势不变~,28000,SUPPORT,True
7D-8MGfXdmc,2023-04-27,2023-04-28 09:00:00+00:00,29217,比特币BTC突破30000大关，随后上演多空双杀，闪崩3000点后再拉涨2000点。,30000,EVENT_BREAK_UP,False
9CoDulTrMFY,2023-04-28,2023-04-29 09:00:00+00:00,29327,比特币BTC日内大概率反复测试30000，币圈短期再度陷入震荡。,30000,TARGET_UP,True
J7KTmCldTPY,2023-05-02,2023-05-03 09:00:00+00:00,28679,比特币BTC跌回28000，金融市场本周大概率震荡等待两个大数据。,28000,EVENT_BREAK_DOWN,False
jCwS4VdZsj8,2023-05-11,2023-05-12 09:00:00+00:00,26393,比特币BTC跌破27000，今晚PPI恐引发剧震。,27000,EVENT_BREAK_DOWN,False
k5zhN-MHjtk,2023-05-12,2023-05-13 09:00:00+00:00,26855,BTC比特币逼近26000，ETH以太坊暴跌7.8%。,26000,TARGET_DOWN,False
tUeY2J1PMhM,2023-05-18,2023-05-19 09:00:00+00:00,26845,比特币BTC跳水再回27000下方，数字货币集体V型反转。,27000,EVENT_BREAK_DOWN,False
uoxuEzC5yYw,2023-05-21,2023-05-22 09:00:00+00:00,26866,比特币BTC在27000挣扎，小币种空头先行发力。,27000,OTHER,False
6ZNlxWIUyw8,2023-05-24,2023-05-25 09:00:00+00:00,26278,马斯克操盘数字货币，比特币BTC跌回27000。,27000,EVENT_BREAK_DOWN,False
uf2DdoXj-Ec,2023-05-25,2023-05-26 09:00:00+00:00,26451,比特币BTC跌破26000，五月大概率继续维持震荡回调走势。,26000,EVENT_BREAK_DOWN,False
I7rvxASyPPA,2023-05-29,2023-05-30 09:00:00+00:00,27862,比特币BTC再度站上28000，多头即将开始发力！,28000,EVENT_BREAK_UP,False
CnzYnaSyTpc,2023-05-30,2023-05-31 09:00:00+00:00,27143,比特币BTC多次测试28000突破未果，瑞波币XRP怒涨12%。,28000,EVENT_REACHED,False
CnzYnaSyTpc,2023-05-30,2023-05-31 09:00:00+00:00,27143,比特币BTC多次测试28000突破未果，瑞波币XRP怒涨12%。,28000,RESISTANCE,True
5xrZHEHXiRo,2023-06-01,2023-06-02 09:00:00+00:00,27085,大饼BTC跌1800点来到26开头，莱特币LTC悄悄涨6%逼近前高。,26000,EVENT_REACHED,False
x6a0Dkan8No,2023-06-05,2023-06-06 09:00:00+00:00,25759,币圈再现黑天鹅，比特币BTC跌破26000，币安BNB跌超10%。,26000,EVENT_BREAK_DOWN,False
fIc40J64rwI,2023-06-06,2023-06-07 09:00:00+00:00,26511,BTC比特币V型反转重回27000，别着急没那么快涨上去，还得震荡。,27000,EVENT_BREAK_UP,False
hGVAKl_aV7k,2023-06-19,2023-06-20 09:00:00+00:00,26764,比特币BTC冲破27000测试强阻力，币圈一周走向就看它了！,27000,EVENT_BREAK_UP,False
hGVAKl_aV7k,2023-06-19,2023-06-20 09:00:00+00:00,26764,比特币BTC冲破27000测试强阻力，币圈一周走向就看它了！,27000,RESISTANCE,True
_CNVMQ4UIgU,2023-06-20,2023-06-21 09:00:00+00:00,28927,比特币BTC突破29000，多头趋势你可千万别猜顶！,29000,EVENT_BREAK_UP,False
9GAwHxlz24k,2023-06-21,2023-06-22 09:00:00+00:00,30141,BTC比特币多头强势发力站上30000关口，币圈集体反弹。,30000,EVENT_BREAK_UP,False
Z6wF0e55-uI,2023-06-24,2023-06-25 09:00:00+00:00,30693,比特币BTC在31000遇强阻力，BCH三天狂涨近90%。,31000,EVENT_REACHED,False
Z6wF0e55-uI,2023-06-24,2023-06-25 09:00:00+00:00,30693,比特币BTC在31000遇强阻力，BCH三天狂涨近90%。,31000,RESISTANCE,True
S90Wrfp8EX4,2023-07-13,2023-07-14 09:00:00+00:00,31200,比特币BTC逼近32000，普天同涨还能维持多久？,32000,TARGET_UP,False
q5V_stODNSo,2023-07-24,2023-07-25 09:00:00+00:00,29162,比特币BTC短期空头发力跌至29000，本周或开启回调走势。,29000,EVENT_BREAK_DOWN,False
NAswF7mtbS4,2023-07-28,2023-07-29 09:00:00+00:00,29281,比特币BTC继续震荡下行，月底能到27500吗？,27500,TARGET_DOWN,True
0a6BA-Vyczc,2023-08-02,2023-08-03 09:00:00+00:00,29119,比特币BTC短线拉升测试30000，以太坊ETH精准测试支撑位涨3.6%。,30000,EVENT_REACHED,False
aAcR5ABblwI,2023-08-08,2023-08-09 09:00:00+00:00,29772,大饼再度冲上3万受阻，短线做多需谨慎！,30000,EVENT_REACHED,False
aAcR5ABblwI,2023-08-08,2023-08-09 09:00:00+00:00,29772,大饼再度冲上3万受阻，短线做多需谨慎！,30000,RESISTANCE,True
TF4Gk6Ljp5I,2023-08-21,2023-08-22 09:00:00+00:00,26044,比特币BTC原地踏步，25000支撑位很关键！,25000,SUPPORT,True
Ea4DBLA_zKY,2023-09-12,2023-09-13 09:00:00+00:00,26151,BTC比特币25000支棱起来了！还能涨吗？,25000,EVENT_BREAK_UP,False
OO8SF6yBB7k,2023-09-14,2023-09-15 09:00:00+00:00,26623,比特币BTC重回26000上方，各山寨币依然处于空头格局中。,26000,EVENT_BREAK_UP,False
TqUDKJc9VQ8,2023-09-18,2023-09-19 09:00:00+00:00,27292,比特币BTC再探27000，美联储利率决议能否进一步助推？,27000,EVENT_REACHED,False
deWseoT-zY0,2023-10-02,2023-10-03 09:00:00+00:00,27555,比特币BTC突破28000，SOL两天怒涨22%！,28000,EVENT_BREAK_UP,False
m8-BJkTAHos,2023-10-10,2023-10-11 09:00:00+00:00,27284,比特币BTC跌破27000，黄金停涨收十字星。,27000,EVENT_BREAK_DOWN,False
vZGFfie3S2w,2023-10-16,2023-10-17 09:00:00+00:00,28460,币圈再闹大乌龙，比特币一根针扎到30000！,30000,EVENT_REACHED,False
EErp7jgvVys,2023-10-20,2023-10-21 09:00:00+00:00,29852,比特币BTC震荡上行直逼3W，金价突破1980还能涨！,30000,TARGET_UP,False
JBuQIJG24Oo,2023-10-23,2023-10-24 09:00:00+00:00,34327,比特币BTC扬眉吐气直逼36000，以太坊ETH原地起飞站上1800！,36000,TARGET_UP,False
GiW9tFaBqVw,2023-11-02,2023-11-03 09:00:00+00:00,34253,比特币BTC再探36000，顺势而为才会赚到时间价值！,36000,EVENT_REACHED,False
NtR1sxZ8K6c,2023-11-08,2023-11-09 09:00:00+00:00,36859,比特币BTC剑指37000，小币种应声猛涨！,37000,TARGET_UP,False
UhuDV7RDysY,2023-11-09,2023-11-10 09:00:00+00:00,36558,比特币BTC刺探38000后，迅速跳水2000点，还能涨吗？,38000,EVENT_REACHED,False
7HNbglyOPro,2023-11-14,2023-11-15 09:00:00+00:00,35797,比特币BTC冲高回落测试35000支撑，DYDX疯涨拦不住！,35000,EVENT_REACHED,False
7HNbglyOPro,2023-11-14,2023-11-15 09:00:00+00:00,35797,比特币BTC冲高回落测试35000支撑，DYDX疯涨拦不住！,35000,SUPPORT,True
mLtgvswyKGw,2023-11-20,2023-11-21 09:00:00+00:00,37331,比特币BTC再上37000，BNB短线拉涨12%。,37000,EVENT_BREAK_UP,False
hepz7Fg3DQA,2023-11-21,2023-11-22 09:00:00+00:00,36700,BNB完美诠释割韭菜，BTC跌2000点破36000。,36000,EVENT_BREAK_DOWN,False
cRN_J5uRFas,2023-11-22,2023-11-23 09:00:00+00:00,37646,比特币V形翻转逼近38000，UNI一柱擎天涨30%。,38000,TARGET_UP,False
WgEiXsK9i-Y,2023-12-01,2023-12-02 09:00:00+00:00,38790,比特币BTC重回38000，整个币圈呈蓄势待发状。,38000,EVENT_BREAK_UP,False
QfmNzL3j_P8,2023-12-03,2023-12-04 09:00:00+00:00,41564,比特币直逼42000，黄金突破2100，相信趋势的力量！,42000,TARGET_UP,False
wTQnbBU9u98,2023-12-04,2023-12-05 09:00:00+00:00,41714,BTC涨破42000，ETH逼近2300，还能涨吗？！,42000,EVENT_BREAK_UP,False
FfOXKvOViBI,2023-12-06,2023-12-07 09:00:00+00:00,43352,比特币BTC节节攀升破44000，狗狗币DOGE半月涨超50%。,44000,EVENT_BREAK_UP,False
mvKFmpcwLDo,2023-12-11,2023-12-12 09:00:00+00:00,41812,比特币BTC跌超7%直逼40000，牛市结束了吗？,40000,TARGET_DOWN,False
vfs2JiPnDeo,2023-12-14,2023-12-15 09:00:00+00:00,42823,比特币BTC重回43000，说涨咱就涨！,43000,EVENT_BREAK_UP,False
kwMSkYsYnAc,2023-12-21,2023-12-22 09:00:00+00:00,43766,比特币BTC轻松站上44000，年初定的47500目标还有10天！,44000,EVENT_BREAK_UP,False
kwMSkYsYnAc,2023-12-21,2023-12-22 09:00:00+00:00,43766,比特币BTC轻松站上44000，年初定的47500目标还有10天！,47500,TARGET_UP,True
cZZ-sUA8hwQ,2024-01-01,2024-01-02 09:00:00+00:00,45722,比特币BTC开门红涨破45000，FIL新年涨超20%。,45000,EVENT_BREAK_UP,False
C4K_elYd4Vk,2024-01-03,2024-01-04 09:00:00+00:00,43055,比特币BTC破前高站稳45000，币圈今年还是牛市吗？,45000,EVENT_BREAK_UP,False
Wg3hIa852bk,2024-01-04,2024-01-05 09:00:00+00:00,44189,比特币BTC重回44000上方，在等待下一轮拉涨吗？,44000,EVENT_BREAK_UP,False
du3WzB4yRyk,2024-01-08,2024-01-09 09:00:00+00:00,46518,比特币BTC成功突破47000完成小目标，2024年目标是多少？,47000,EVENT_BREAK_UP,False
-zVxGIhzZQs,2024-01-23,2024-01-24 09:00:00+00:00,39998,比特币BTC跌破39000收阳，今天是涨是跌？,39000,EVENT_BREAK_DOWN,False
05PNa12FHoM,2024-01-23,2024-01-24 09:00:00+00:00,39998,比特币BTC跌破40000，空头要来了吗？,40000,EVENT_BREAK_DOWN,False
Bd3-EukskJc,2024-01-24,2024-01-25 09:00:00+00:00,40014,比特币BTC小幅反弹重回40000上方，本周大概率持续震荡。,40000,EVENT_BREAK_UP,False
WW0KL1Wws_c,2024-01-28,2024-01-29 09:00:00+00:00,42268,比特币BTC站稳42000，原油破位上冲逼近80美元。,42000,EVENT_BREAK_UP,False
WW0KL1Wws_c,2024-01-28,2024-01-29 09:00:00+00:00,42268,比特币BTC站稳42000，原油破位上冲逼近80美元。,42000,SUPPORT,True
hopGQKPkiCg,2024-01-29,2024-01-30 09:00:00+00:00,43315,比特币BTC冲上43000，小币种支撑位齐发力。,43000,EVENT_BREAK_UP,False
u3tMTdFO7SA,2024-02-08,2024-02-09 09:00:00+00:00,46529,比特币BTC五连阳站稳46000，以太坊ETH突破2450还在发力。,46000,EVENT_BREAK_UP,False
u3tMTdFO7SA,2024-02-08,2024-02-09 09:00:00+00:00,46529,比特币BTC五连阳站稳46000，以太坊ETH突破2450还在发力。,46000,SUPPORT,True
6wE_WrdLPN0,2024-02-11,2024-02-12 09:00:00+00:00,47887,比特币BTC春节开门红直逼49000，IMX二月涨超60%。,49000,TARGET_UP,False
M96pivXah2w,2024-02-12,2024-02-13 09:00:00+00:00,50214,比特币BTC多头继续发力破50000大关，以太坊ETH紧随其后欲探2700。,50000,EVENT_BREAK_UP,False
jH1uWzvsM68,2024-02-26,2024-02-27 09:00:00+00:00,56654,比特币BTC疯涨破57000，还能涨！勿猜顶！,57000,EVENT_BREAK_UP,False
gf27WD4T9X8,2024-02-28,2024-02-29 09:00:00+00:00,62699,比特币BTC怎么了？一夜64000了？还能涨吗？,64000,EVENT_REACHED,False
INoDcf481ZE,2024-03-03,2024-03-04 09:00:00+00:00,65327,比特币BTC重回64000，狗币屎币疯涨，谨防跳水行情。,64000,EVENT_BREAK_UP,False
nWX8dZV10es,2024-03-11,2024-03-12 09:00:00+00:00,71963,比特币破7，以太坊破4，今年大牛还是小牛？,70000,EVENT_BREAK_UP,False
OGW8DVfQku8,2024-03-12,2024-03-13 09:00:00+00:00,73341,比特币BTC持续发力冲破72000，以太坊ETH不甘落后直逼4100。,72000,EVENT_BREAK_UP,False
jtiJSMFMJfo,2024-03-19,2024-03-20 09:00:00+00:00,63197,BTC跌破63000，ETH跌破3200，多头还有机会吗？,63000,EVENT_BREAK_DOWN,False
QNuXMkUwyVY,2024-03-21,2024-03-22 09:00:00+00:00,65492,比特币BTC强势拉涨7500点重回68000，币圈被带动多头集体发力。,68000,EVENT_BREAK_UP,False
-4wcehjgiVQ,2024-03-26,2024-03-27 09:00:00+00:00,70054,比特币重回7字头，8字头还会远吗？,70000,EVENT_BREAK_UP,False
-4wcehjgiVQ,2024-03-26,2024-03-27 09:00:00+00:00,70054,比特币重回7字头，8字头还会远吗？,80000,TARGET_UP,True
3cnCLQrmCdM,2024-03-28,2024-03-29 09:00:00+00:00,69749,BTC比特币站稳7W，BCH七天涨超60%。,70000,EVENT_BREAK_UP,False
3cnCLQrmCdM,2024-03-28,2024-03-29 09:00:00+00:00,69749,BTC比特币站稳7W，BCH七天涨超60%。,70000,SUPPORT,True
lBVkLahCZ0k,2024-04-03,2024-04-04 09:00:00+00:00,66266,比特币BTC跌破65000，山寨币集体深回调！,65000,EVENT_BREAK_DOWN,False
BnXWaWuobqs,2024-04-08,2024-04-09 09:00:00+00:00,70439,比特币BTC再探70000欲突破，多个币种来到关键支撑位！,70000,EVENT_REACHED,False
BnXWaWuobqs,2024-04-08,2024-04-09 09:00:00+00:00,70439,比特币BTC再探70000欲突破，多个币种来到关键支撑位！,70000,TARGET_UP,True
8Y8d2rS9eSM,2024-04-09,2024-04-10 09:00:00+00:00,69129,比特币BTC站稳71000，以太坊ETH突破3700。,71000,EVENT_BREAK_UP,False
8Y8d2rS9eSM,2024-04-09,2024-04-10 09:00:00+00:00,69129,比特币BTC站稳71000，以太坊ETH突破3700。,71000,SUPPORT,True
zQxi1C-E50s,2024-04-11,2024-04-12 09:00:00+00:00,70641,比特币BTC继续震荡回70000，BNB持续上涨站上610。,70000,OTHER,False
Pu6fddet8Xs,2024-04-18,2024-04-19 09:00:00+00:00,64838,比特币BTC跌破60000，SOL测试关键支撑位！,60000,EVENT_BREAK_DOWN,False
IetNzdByBGg,2024-04-21,2024-04-22 09:00:00+00:00,65964,比特币BTC稳步爬升重回66000，BNB依然强劲站上600。,66000,EVENT_BREAK_UP,False
TBTsvH8yzJw,2024-04-22,2024-04-23 09:00:00+00:00,66086,大饼上破67000，山寨币小幅跟涨。,67000,EVENT_BREAK_UP,False
9V1sR401XHM,2024-05-01,2024-05-02 09:00:00+00:00,57767,比特币BTC下破60000支撑带，币圈呈现集体跳水行情！,60000,EVENT_BREAK_DOWN,False
avFk3OiO1-Q,2024-05-03,2024-05-04 09:00:00+00:00,63189,比特币BTC站上63000，狗狗币DOGE支撑位反弹26%。,63000,EVENT_BREAK_UP,False
rY-Evt6kZ_Y,2024-05-06,2024-05-07 09:00:00+00:00,64129,比特币BTC突破64000多头动能乏力，币圈短期保持震荡走势。,64000,EVENT_BREAK_UP,False
nus1Hx179Ss,2024-05-08,2024-05-09 09:00:00+00:00,61255,比特币BTC短期内将维持60000-65000宽幅震荡。,60000,OTHER,True
nus1Hx179Ss,2024-05-08,2024-05-09 09:00:00+00:00,61255,比特币BTC短期内将维持60000-65000宽幅震荡。,65000,OTHER,True
NG9L2evwjp4,2024-05-15,2024-05-16 09:00:00+00:00,66366,比特币BTC冲破66000，黄金直逼2400。,66000,EVENT_BREAK_UP,False
46TOC7lxe5k,2024-05-19,2024-05-20 09:00:00+00:00,66905,黄金突破2440再创历史新高，比特币BTC震荡上行逼近68000。,68000,TARGET_UP,False
MaQyEV0B2vs,2024-05-20,2024-05-21 09:00:00+00:00,70977,以太坊ETF或将通过审核，比特币BTC破7W，还要涨！,70000,EVENT_BREAK_UP,False
AGy-GynYJeE,2024-06-03,2024-06-04 09:00:00+00:00,68703,比特币BTC站上69000，各币种多头蠢蠢欲动！,69000,EVENT_BREAK_UP,False
JD88sdnzYQc,2024-06-04,2024-06-05 09:00:00+00:00,70902,BTC比特币71000，BNB破700！,71000,EVENT_REACHED,False
T1na-ntl-2M,2024-06-04,2024-06-05 09:00:00+00:00,70902,比特币BTC如期破70000，BNB多头强的一批！,70000,EVENT_BREAK_UP,False
3USZ8Zk7y8o,2024-06-17,2024-06-18 09:00:00+00:00,65467,山寨币继续回调行情，BTC比特币66000能否顶住？,66000,SUPPORT,True
g-illyMeMVg,2024-06-24,2024-06-25 09:00:00+00:00,61421,比特币BTC跌破6万，币圈一片恐慌！,60000,EVENT_BREAK_DOWN,False
rdEy8szfR1Q,2024-07-03,2024-07-04 09:00:00+00:00,57709,比特币BTC跌破60000，难道要变天了？,60000,EVENT_BREAK_DOWN,False
UlCbYcuNQqU,2024-07-04,2024-07-05 09:00:00+00:00,54497,比特币BTC暴跌10%破54000，币圈多头要结束了吗？,54000,EVENT_BREAK_DOWN,False
9f1FP_baZiA,2024-07-10,2024-07-11 09:00:00+00:00,58278,比特币BTC站上59000，今日有望重回6字头。,59000,EVENT_BREAK_UP,False
9f1FP_baZiA,2024-07-10,2024-07-11 09:00:00+00:00,58278,比特币BTC站上59000，今日有望重回6字头。,60000,TARGET_UP,True
7aZBS2F_0So,2024-07-13,2024-07-14 09:00:00+00:00,60217,比特币BTC如期重回60000，MKR支撑位涨36%！,60000,EVENT_BREAK_UP,False
nFUUPTxIROA,2024-07-15,2024-07-16 09:00:00+00:00,63190,比特币BTC站上63000，BNB支撑位强势反弹20%。,63000,EVENT_BREAK_UP,False
o7ID3ocAyfw,2024-07-16,2024-07-17 09:00:00+00:00,65342,大饼强势回归站上66000，NEAR支撑位涨超55%。,66000,EVENT_BREAK_UP,False
G31km6cjSUQ,2024-07-16,2024-07-17 09:00:00+00:00,65342,比特币BTC四连阳回到65000，后半周大概率维持水平震荡。,65000,EVENT_REACHED,False
cQjlMqVRXAo,2024-07-28,2024-07-29 09:00:00+00:00,69514,比特币BTC逼近70000，SOL强势发力破前高。,70000,TARGET_UP,False
Zt77mw9fm1A,2024-07-30,2024-07-31 09:00:00+00:00,66225,比特被BTC破7后回落4000点，八月恐继续陷入震荡。,70000,EVENT_BREAK_UP,False
EJATrex0DrU,2024-08-04,2024-08-05 09:00:00+00:00,52658,币圈一夜之间沦为众矢之的，比特币BTC跌破53000，以太坊ETH日跌20%直逼2000！,53000,EVENT_BREAK_DOWN,False
ScseEYf16Jo,2024-08-07,2024-08-08 09:00:00+00:00,57361,比特币BTC维稳在57000，瑞波币XRP暴跌后疯狂拉涨进50%。,57000,SUPPORT,True
Aa3KDoHihFo,2024-08-09,2024-08-10 09:00:00+00:00,60912,比特币BTC强势拉回62000，以太坊ETH重回2700，币圈支棱起来了！,62000,EVENT_BREAK_UP,False
vos5Oz7Ld4s,2024-08-12,2024-08-13 09:00:00+00:00,58961,比特币BTC周末再跌5000点回到5字头，周线收线有利本周上涨。,50000,EVENT_BREAK_DOWN,False
BSjvUZeJw9Q,2024-08-15,2024-08-16 09:00:00+00:00,58654,比特币BTC维持56000-62000区间震荡，近期保持观望为上上策！,56000,OTHER,True
BSjvUZeJw9Q,2024-08-15,2024-08-16 09:00:00+00:00,58654,比特币BTC维持56000-62000区间震荡，近期保持观望为上上策！,62000,OTHER,True
rcbRBzVPo6M,2024-08-22,2024-08-23 09:00:00+00:00,61044,比特币BTC维稳60000持续震荡，BNB强势回顾直逼600！,60000,SUPPORT,True
av_JaCFtP8E,2024-08-25,2024-08-26 09:00:00+00:00,63859,比特币BTC站稳64000，山寨币阻力位精准回落。,64000,EVENT_BREAK_UP,False
av_JaCFtP8E,2024-08-25,2024-08-26 09:00:00+00:00,63859,比特币BTC站稳64000，山寨币阻力位精准回落。,64000,SUPPORT,True
Sw6Jf6TGWyc,2024-09-03,2024-09-04 09:00:00+00:00,56586,比特币BTC跌破56000，山寨币再度集体狂泻！,56000,EVENT_BREAK_DOWN,False
KtMPJDZP6hw,2024-09-04,2024-09-05 09:00:00+00:00,56778,BTC比特币56000支撑带依然有效，原油跌破70恐继续跌！,56000,SUPPORT,True
YNN4t5sLM8w,2024-09-08,2024-09-09 09:00:00+00:00,55152,比特币BTC跌破53000后反弹，空头要来了吗？,53000,EVENT_BREAK_DOWN,False
XV5LYtTx-R0,2024-09-09,2024-09-10 09:00:00+00:00,57094,比特币BTC重回58000，空头持续示弱，再度陷入震荡。,58000,EVENT_BREAK_UP,False
rWf7kL010xc,2024-09-15,2024-09-16 09:00:00+00:00,58641,比特币BTC维稳60000，本周美联储利率决议将搅动市场！,60000,SUPPORT,True
qmX_zFazLU4,2024-09-19,2024-09-20 09:00:00+00:00,63468,比特币BTC直逼64000，本周有望站稳65000，浮盈多单请继续持有！,64000,TARGET_UP,False
qmX_zFazLU4,2024-09-19,2024-09-20 09:00:00+00:00,63468,比特币BTC直逼64000，本周有望站稳65000，浮盈多单请继续持有！,65000,TARGET_UP,True
_DaLvulXqg4,2024-09-25,2024-09-26 09:00:00+00:00,63778,比特币BTC维稳63000，黄金RSI出现明显顶背离。,63000,OTHER,False
BDU_3wMVfeI,2024-09-26,2024-09-27 09:00:00+00:00,65768,比特币BTC重回65000，黄金本月有望冲击2700,65000,EVENT_BREAK_UP,False
RaSVx8g6uNs,2024-10-14,2024-10-15 09:00:00+00:00,65596,比特币BTC收出大阳线突破66000，以太坊ETH紧随其后上探2700。,66000,EVENT_BREAK_UP,False
Rn1sdU9AlH0,2024-10-17,2024-10-18 09:00:00+00:00,67780,狗狗币DOGE隔夜冲高15%，比特币BTC站上68000。,68000,EVENT_BREAK_UP,False
3HKAeHx9yKo,2024-10-28,2024-10-29 09:00:00+00:00,71229,比特币收出大阳线破70000，本周破前高是否有机会？,70000,EVENT_BREAK_UP,False
YmaMso8PhqU,2024-10-29,2024-10-30 09:00:00+00:00,72563,【罗尼交易指南】-2024.10.30-比特币突破73000测试前高阻力位，这次能再创新高吗？,73000,EVENT_BREAK_UP,False
zjJkP4kQ4D0,2024-11-05,2024-11-06 09:00:00+00:00,73800,川普胜选概率提升，比特币冲至75000再创历史新高！,75000,EVENT_REACHED,False
Qfgx8LiTVUQ,2024-11-10,2024-11-11 09:00:00+00:00,81783,【罗尼交易指南】-2024.11.11-比特币日内目标83000，DOT完成破位还能涨！,83000,TARGET_UP,True
Ug3lyMrVLM0,2024-11-10,2024-11-11 09:00:00+00:00,81783,比特币以涨服人8万挡不住，ADA一周涨超85%你上车了吗？,80000,EVENT_BREAK_UP,False
AiuuihHT2Tg,2024-11-14,2024-11-15 09:00:00+00:00,89209,【罗尼交易指南】-2024.11.14-比特币冲破93000，瞬间跳水5000点，这种情况怎么做？,93000,EVENT_BREAK_UP,False
D8wd_jtqtgQ,2024-11-20,2024-11-21 09:00:00+00:00,97650,【罗尼交易指南】-2024.11.21-比特币分分钟破95000，十万就在本月？,95000,TARGET_UP,True
D8wd_jtqtgQ,2024-11-20,2024-11-21 09:00:00+00:00,97650,【罗尼交易指南】-2024.11.21-比特币分分钟破95000，十万就在本月？,100000,TARGET_UP,True
BJ3b39Zsun4,2024-11-20,2024-11-21 09:00:00+00:00,97650,【罗尼交易指南】-2024.11.20-比特币再创新高逼近95000，黄金避险升温涨超1000点。,95000,EVENT_REACHED,False
fVpdoNhX7LQ,2024-11-21,2024-11-22 09:00:00+00:00,98799,比特币今日有望冲击10万，瑞波币XRP本周已涨超30%。,100000,TARGET_UP,True
d6B2r71_A8E,2024-11-22,2024-11-23 09:00:00+00:00,98559,比特币今日有望冲击10万，瑞波币XRP本周已涨超30%。,100000,TARGET_UP,True
8Dxgs9lrjGU,2024-11-24,2024-11-25 09:00:00+00:00,98599,比特币10万临门一脚掉链子回落近4000点，山寨币纷纷大跳水，散户追高哭一片！,100000,OTHER,False
5Cel__V_xHA,2024-11-25,2024-11-26 09:00:00+00:00,93583,比特币继续回调跌破93000，散户慌的一P~,93000,EVENT_BREAK_DOWN,False
-f7QmsUJ9pI,2024-12-04,2024-12-05 09:00:00+00:00,102756,【罗尼交易指南】-2024.12.5-比特币奔向100000，接下来你怎么办？,100000,EVENT_REACHED,False
ZisVubiRKDc,2024-12-06,2024-12-07 09:00:00+00:00,99782,【罗尼交易指南】-2024.12.7-比特币夺回十万关口，以太坊测试4000强阻力！,100000,EVENT_BREAK_UP,False
WrkMOg1nQUc,2024-12-11,2024-12-12 09:00:00+00:00,100924,【罗尼交易指南】-2024.12.12-比特币重回10以上，山寨币集体发力反弹。,100000,EVENT_BREAK_UP,False
1c23f_g8mok,2024-12-24,2024-12-25 09:00:00+00:00,98098,【罗尼交易指南】-2024.12.25-比特币再探十万拉响圣诞大战，所谓的山寨季真的要来吗？,100000,TARGET_UP,True
MwpaxoxHGx4,2025-01-02,2025-01-03 09:00:00+00:00,96508,【罗尼交易指南】-2025.1.3-比特币小周期发力站上97000，大级别依然保持震荡。,97000,EVENT_BREAK_UP,False
225SxHuWX-s,2025-01-05,2025-01-06 09:00:00+00:00,98961,【罗尼交易指南】-2025.1.6-比特币周一表态上10W，币圈要开始动起来了~,100000,TARGET_UP,True
l4I9njARhe0,2025-01-08,2025-01-09 09:00:00+00:00,93467,【罗尼交易指南】-2025.1.9-你看！大饼再探92000，盈利只留给有执行力的人！,92000,EVENT_REACHED,False
tLZkHxE0wMI,2025-01-15,2025-01-16 09:00:00+00:00,99117,【罗尼交易指南】-2025.1.16-BTC再度站上10W，XRP一根大棒完成破3！,100000,EVENT_BREAK_UP,False
TgLjqXwYGG8,2025-02-26,2025-02-27 09:00:00+00:00,86102,【罗尼交易指南】-2025.2.27-比特币跌破83000，还没到头！,83000,EVENT_BREAK_DOWN,False
VW_vjLlfVZ8,2025-02-27,2025-02-28 09:00:00+00:00,80278,【罗尼交易指南】-2025.2.28-比特币7字头！下方还有空间~,80000,EVENT_BREAK_DOWN,False
PN3UP5uU0ds,2025-02-28,2025-03-01 09:00:00+00:00,85374,【罗尼交易指南】-2025.3.1-隔夜比特币跌至78000挖深坑反弹，月线你怎么看？,78000,EVENT_BREAK_DOWN,False
VNrb85ZxqNQ,2025-03-05,2025-03-06 09:00:00+00:00,90749,【罗尼交易指南】-2025.3.6-比特币回到9字头，关注上方短期阻力位~,90000,EVENT_BREAK_UP,False
MFtfugxgqlo,2025-03-30,2025-03-31 09:00:00+00:00,81440,【罗尼交易指南】-2025.3.31-黄金不负众望突破3100，大饼绵绵阴跌直逼80000。,80000,TARGET_DOWN,True
80n7DRwsNGI,2025-04-06,2025-04-07 09:00:00+00:00,76222,【罗尼交易指南】-2025.4.7-可怕！比特币再度跌回7字头，黄金高位回落200美金！,80000,EVENT_BREAK_DOWN,False
fcw-Fss6pgE,2025-04-20,2025-04-21 09:00:00+00:00,87497,【罗尼交易指南】-2025.4.21-比特币直奔88000，黄金从来不会让我失望~,88000,TARGET_UP,True
qY4iDmKNGck,2025-04-22,2025-04-23 09:00:00+00:00,93931,【罗尼交易指南】-2025.4.23-启动！比特币冲破93000，今天收线很重要！！！,93000,EVENT_BREAK_UP,False
WOzCE0eLThk,2025-05-07,2025-05-08 09:00:00+00:00,99810,【罗尼交易指南】-2025.5.8-比特币今天难道要摸10？一路带你做空的请你直接拉黑！,100000,TARGET_UP,True
7SJxmYh70qc,2025-05-08,2025-05-09 09:00:00+00:00,102919,【罗尼交易指南】-2025.5.9-比特币顺利破10，本周能否再探前高？,100000,EVENT_BREAK_UP,False
NNE1YfYp5Fc,2025-05-09,2025-05-10 09:00:00+00:00,103800,【罗尼交易指南】-2025.5.10-比特币站稳10W，以太坊两天疯涨37%~,100000,EVENT_BREAK_UP,False
cCp0HXFHIFQ,2025-05-21,2025-05-22 09:00:00+00:00,110821,【罗尼交易指南】-2025.5.22-比特币突破11W再创历史新高，接下来该如何操作？,110000,EVENT_BREAK_UP,False
xC6L5s8g0TI,2025-06-09,2025-06-10 09:00:00+00:00,109539,【罗尼交易指南】-2025.6.10-比特币突破4小时阻力位上探11W，睡后收入如此简单~,110000,TARGET_UP,True
ZZJ8Zw32jec,2025-06-22,2025-06-23 09:00:00+00:00,101612,【罗尼交易指南】-2025.6.23-比特币跌至9字头后V反，今天还会继续跌吗？,90000,EVENT_BREAK_DOWN,False
7_JRv8TPQUU,2025-07-11,2025-07-12 09:00:00+00:00,118202,【罗尼交易指南】-2025.7.12-比特币12w触手可及，劝你别猜顶！,120000,TARGET_UP,True
tAqbQcEPMdU,2025-07-13,2025-07-14 09:00:00+00:00,121975,【罗尼交易指南】-2025.7.14-比特币如期抵达12W，还能追吗？,120000,EVENT_REACHED,False
ad9pElq85RM,2025-07-27,2025-07-28 09:00:00+00:00,118960,【罗尼交易指南】-2025.7.28-BTC即将重回12w，ETH突破3900，相信趋势的力量！,120000,TARGET_UP,True
Nm1AeIVP9us,2025-08-01,2025-08-02 09:00:00+00:00,113651,【罗尼交易指南】-2025.8.2-隔夜非农再作妖，黄金涨回50%，比特币跌破113。,113000,EVENT_BREAK_DOWN,False
-2AHQMiiPy4,2025-08-19,2025-08-20 09:00:00+00:00,113679,【罗尼交易指南】-2025.8.20-注意！比特币今日重点关注112000强支撑，以太坊4000整数关口需收住~,112000,SUPPORT,True
1_8EIypzL2I,2025-08-25,2025-08-26 09:00:00+00:00,110168,【罗尼交易指南】-2025.8.26-比特币跌破11万，黄金35美金喂到嘴里~,110000,EVENT_BREAK_DOWN,False
f2haAjevLwg,2025-09-10,2025-09-11 09:00:00+00:00,113923,【罗尼交易指南】-2025.9.11-比特币9月大概率重回12W，BNB测试900整数关口！,120000,TARGET_UP,True
m7s4-CuU6ug,2025-09-29,2025-09-30 09:00:00+00:00,112834,【罗尼交易指南】-2025.9.30-比特币两根大阳线冲破114000，月线收线！下月何去何从？,114000,EVENT_BREAK_UP,False
IlHaxKlmHbM,2025-10-01,2025-10-02 09:00:00+00:00,118924,【罗尼交易指南】-2025.10.2-比特币国庆期间有望回到12W，以太坊大概率再度测试4500！,120000,TARGET_UP,True
fRdHXQBvC9I,2025-10-20,2025-10-21 09:00:00+00:00,107786,【罗尼交易指南】-2025.10.21-比特币短暂站上11W，黄金精准探前高回落~,110000,EVENT_BREAK_UP,False
l1JxKKCYOmI,2025-11-10,2025-11-11 09:00:00+00:00,104961,【罗尼交易指南】-2025.11.11-黄金爸爸多头发威隔夜猛涨1300点，比特币继续震荡上行本周有望测试11W。,110000,TARGET_UP,True
Il8tfJ0hsWk,2025-11-12,2025-11-13 09:00:00+00:00,102782,【罗尼交易指南】-2025.11.13-通知！比特币今日有望再探10w关口，做多的机会来了！,100000,SUPPORT,True
52P0vBHXCDY,2025-11-13,2025-11-14 09:00:00+00:00,96824,【罗尼交易指南】-2025.11.14-比特币跌破10W大关，以太坊剑指3000~,100000,EVENT_BREAK_DOWN,False
UDSv2QUTBcY,2025-11-15,2025-11-16 09:00:00+00:00,96537,【罗尼交易指南】-2025.11.16-比特币多头示弱，下周9w能挡住吗？,90000,SUPPORT,True
jFuBw_7TCyg,2025-11-17,2025-11-18 09:00:00+00:00,91294,【罗尼交易指南】-2025.11.18-比特币今日有望破90000，多头还在不在？,90000,TARGET_DOWN,True
DZ9VY9GRe0M,2025-11-18,2025-11-19 09:00:00+00:00,91453,【罗尼交易指南】-2025.11.19-比特币90000关口守住，黄金支撑位精准喂饭。,90000,EVENT_REACHED,False
DZ9VY9GRe0M,2025-11-18,2025-11-19 09:00:00+00:00,91453,【罗尼交易指南】-2025.11.19-比特币90000关口守住，黄金支撑位精准喂饭。,90000,SUPPORT,True
vkth4WxRlTs,2025-11-24,2025-11-25 09:00:00+00:00,87219,【罗尼交易指南】-2025.11.25-BTC多头继续发力，今天能碰90000吗？,90000,TARGET_UP,True
F3-T9cjHC-Y,2025-11-26,2025-11-27 09:00:00+00:00,91569,【罗尼交易指南】-2025.11.27-刚刚！比特币如期破90000！黄金多头依然被压制。,90000,EVENT_BREAK_UP,False
gWR1ABYny5w,2025-12-02,2025-12-03 09:00:00+00:00,93200,【罗尼交易指南】-2025.12.3-比特币重回92000，BNB支撑位精准起飞~,92000,EVENT_BREAK_UP,False
8_2s9EUcWIs,2025-12-03,2025-12-04 09:00:00+00:00,93470,【罗尼交易指南】-2025.12.4-比特币剑指96000，以太坊直逼3300。,96000,TARGET_UP,True
w9xZPjr6CpE,2025-12-04,2025-12-05 09:00:00+00:00,91160,【罗尼交易指南】-2025.12.5-比特币完成突破回踩动作，本周96000目标能否达成？,96000,TARGET_UP,True
cVNzeYazmfY,2025-12-09,2025-12-10 09:00:00+00:00,92926,【罗尼交易指南】-2025.12.10-隔夜！比特币发力突破94000，以太坊紧随其后上探3400。,94000,EVENT_BREAK_UP,False
rtwuo99RdH4,2025-12-10,2025-12-11 09:00:00+00:00,90250,【罗尼交易指南】-2025.12.11-送钱请张嘴！比特币阻力位跳水4500点再破90000，黄金冲高回落200点精准制导。,90000,EVENT_BREAK_DOWN,False
nSGVOf-2doM,2025-12-14,2025-12-15 09:00:00+00:00,89875,【罗尼交易指南】-2025.12.15-比特币再度失守90000，黄金大阴线还会继续跌吗？,90000,EVENT_BREAK_DOWN,False
4eQKZgCuJMw,2025-12-15,2025-12-16 09:00:00+00:00,86312,【罗尼交易指南】-2025.12.16-突发！比特币跌至85000带币圈集体跳水，以太坊跌破3000无力回天？,85000,EVENT_BREAK_DOWN,False
FBAnkP612SY,2026-01-02,2026-01-03 09:00:00+00:00,89756,【罗尼交易指南】-2025.1.3-比特币冲破90000，PEPE新年涨近60%~,90000,EVENT_BREAK_UP,False
BafjgnvB3tY,2026-01-04,2026-01-05 09:00:00+00:00,92646,【罗尼交易指南】-2026.1.5-比特币发力冲破93000，黄金原油完全走剧本~,93000,EVENT_BREAK_UP,False
Lny1M-tI4dk,2026-01-05,2026-01-06 09:00:00+00:00,93432,【罗尼交易指南】-2026.1.6-比特币如期突破94000，还需一根大阳线方能继续多头~,94000,EVENT_BREAK_UP,False
odem7wMOq5s,2026-01-14,2026-01-15 09:00:00+00:00,97024,【罗尼交易指南】-2026.1.15-比特币持续发力险破98000，黄金突破无果跳水600点。,98000,EVENT_REACHED,False
GAJxcvjnqpw,2026-01-19,2026-01-20 09:00:00+00:00,90946,【罗尼交易指南】-2026.1.20-比特币空头发力本周有望触及9w，黄金闭眼上涨干破4700。,90000,TARGET_DOWN,True
We3KJ0F0s8Y,2026-01-25,2026-01-26 09:00:00+00:00,87563,【罗尼交易指南】-2026.1.26-比特币测试86000，4小时跌破趋势线，怎么办？,86000,EVENT_REACHED,False
2T_CGq4UjDM,2026-01-26,2026-01-27 09:00:00+00:00,87768,【罗尼交易指南】-2026.1.27-隔夜黄金跌超1000点，比特币今日有望再探90000关口。,90000,TARGET_UP,True
S2C-Hszm5as,2026-01-31,2026-02-01 09:00:00+00:00,78960,完了！比特币破8，是抄底还是割肉？,80000,EVENT_BREAK_DOWN,False
E0lT72-Axog,2026-02-09,2026-02-10 09:00:00+00:00,69073,70000这个位置，比特币该等还是该做？,70000,OTHER,False
tPIgH4h41Sk,2026-02-25,2026-02-26 09:00:00+00:00,68576,比特币直奔70000，带领币圈集体发力，今天继续？,70000,TARGET_UP,True
5bxn5OvF0tE,2026-03-02,2026-03-03 09:00:00+00:00,66643,黄金半夜洗盘，比特币趁机破7，有人欢喜有人忧~,70000,EVENT_BREAK_UP,False
zM5jrzmWmew,2026-03-04,2026-03-05 09:00:00+00:00,72611,比特币狂飙！轻松突破74000，多头要启动了吗？,74000,EVENT_BREAK_UP,False
8UXhM-erGCo,2026-03-15,2026-03-16 09:00:00+00:00,73253,74000关键位置！比特币本周能否突破？,74000,TARGET_UP,True
aTdMGkDWygM,2026-03-16,2026-03-17 09:00:00+00:00,73946,大饼突破75000，以太冲上2300，继续涨？,75000,EVENT_BREAK_UP,False
Xa-BGgu5fBc,2026-03-19,2026-03-20 09:00:00+00:00,70582,比特币跌回6字头，黄金跳水3000点。,70000,EVENT_BREAK_DOWN,False
HBB8rwjRFEQ,2026-04-06,2026-04-07 09:00:00+00:00,69153,比特币再回70000，继续涨还是逢高空？,70000,EVENT_BREAK_UP,False
vHE-Rp8nllU,2026-04-14,2026-04-15 09:00:00+00:00,74041,BTC轻松突破76000，多头要启动了吗？,76000,EVENT_BREAK_UP,False
Jeu0DGKgQAo,2026-04-21,2026-04-22 09:00:00+00:00,78033,比特币维稳75000，等待本周破位机会。,75000,SUPPORT,True
e7b5_l3U6yM,2026-04-22,2026-04-23 09:00:00+00:00,77670,比特币冲击80000，好戏开场了~,80000,TARGET_UP,True
OvJgaFaSBCc,2026-04-23,2026-04-24 09:00:00+00:00,77549,比特币碰到80000后会怎么样？,80000,TARGET_UP,True
1UGNAre8_Ss,2026-04-24,2026-04-25 09:00:00+00:00,77744,大饼高位盘整蓄力，周末能破8吗？,80000,TARGET_UP,True
cC3aiJo1YIg,2026-04-26,2026-04-27 09:00:00+00:00,77907,比特币瞄准80000，突破后做空还是做多？,80000,TARGET_UP,True
rzcbtjS5Xwk,2026-05-03,2026-05-04 09:00:00+00:00,79824,比特币顺利突破8万，这样做才能抓住机会！,80000,EVENT_BREAK_UP,False
Qu4GfqHt5z8,2026-05-07,2026-05-08 09:00:00+00:00,79872,比特币跳水3000点，再次来到8万下方，怎么做？,80000,EVENT_BREAK_DOWN,False
zOc8cdZ4rI4,2026-05-10,2026-05-11 09:00:00+00:00,80948,比特币周一再次跳水，8w能抗住吗？,80000,SUPPORT,True
_RhOOrcGtoM,2026-05-11,2026-05-12 09:00:00+00:00,80799,比特币支撑位标准反弹，轻松重回82000。,82000,EVENT_BREAK_UP,False
kauVmWlsKrY,2026-05-13,2026-05-14 09:00:00+00:00,79616,比特币跌回7字头，关注78000做多机会。,80000,EVENT_BREAK_DOWN,False
kauVmWlsKrY,2026-05-13,2026-05-14 09:00:00+00:00,79616,比特币跌回7字头，关注78000做多机会。,78000,SUPPORT,True
mG1TR71oGLU,2026-05-17,2026-05-18 09:00:00+00:00,76884,比特币持续跳水跌破77000，多头还有机会吗？,77000,EVENT_BREAK_DOWN,False
gp59hpNWixk,2026-05-18,2026-05-19 09:00:00+00:00,76763,比特币关注75000强支撑，做多机会吗？,75000,SUPPORT,True
HmpJXCY5BrU,2026-06-01,2026-06-02 09:00:00+00:00,69318,比特币逼近70000，恐慌情绪蔓延，你的多单带止损了吗？,70000,EVENT_REACHED,False
HHxZALB-LWI,2026-06-02,2026-06-03 09:00:00+00:00,66976,币圈恐慌加剧！比特币跌至66000。,66000,EVENT_BREAK_DOWN,False
1yn-jxOXlCE,2026-06-04,2026-06-05 09:00:00+00:00,62811,比特币多次下探62000测试支撑，多头还能撑多久？,62000,EVENT_REACHED,False
1yn-jxOXlCE,2026-06-04,2026-06-05 09:00:00+00:00,62811,比特币多次下探62000测试支撑，多头还能撑多久？,62000,SUPPORT,True
hBSNgRVGvOM,2026-06-14,2026-06-15 09:00:00+00:00,65556,比特币如期反弹，周一有望突破67000。,67000,TARGET_UP,True
92MCqtHWNE8,2026-06-15,2026-06-16 09:00:00+00:00,66470,BTC顺利突破67000，下一目标看向哪里？,67000,EVENT_BREAK_UP,False
92MCqtHWNE8,2026-06-15,2026-06-16 09:00:00+00:00,66470,BTC顺利突破67000，下一目标看向哪里？,68000,TARGET_UP,True
ZYQ3fu82hEU,2026-06-16,2026-06-17 09:00:00+00:00,64857,比特币小周期震荡上行，本周看68还是69？,68000,TARGET_UP,True
ZYQ3fu82hEU,2026-06-16,2026-06-17 09:00:00+00:00,64857,比特币小周期震荡上行，本周看68还是69？,69000,TARGET_UP,True
XJ2o_RgZmHQ,2026-06-22,2026-06-23 09:00:00+00:00,62306,比特币横盘两周维稳64000，多头顽强抵抗。,64000,SUPPORT,True
-SkkCTKzDpo,2026-06-30,2026-07-01 09:00:00+00:00,58870,比特币跌破58000关口，反弹继续看空吗？,58000,EVENT_BREAK_DOWN,False
5oCIze9xvEY,2026-07-01,2026-07-02 09:00:00+00:00,61096,比特币站回60000上方，非农夜市场会迎来较大变数吗？,60000,EVENT_BREAK_UP,False
XBlZsydBSh8,2026-07-02,2026-07-03 09:00:00+00:00,61655,比特币大阳线站回62000，小周期有反转迹象。,62000,EVENT_BREAK_UP,False
0JcuM0jVe4M,2026-07-05,2026-07-06 09:00:00+00:00,62602,BTC测试64000，周线大阳线完成吞没。,64000,EVENT_REACHED,False
DLYKvDeqIaQ,2026-07-09,2026-07-10 09:00:00+00:00,64342,7月10日-比特币重回64000，现在该追还是该等？,64000,EVENT_BREAK_UP,False
GrMaiJsf--k,2026-07-13,2026-07-14 09:00:00+00:00,62556,7月14日-比特币跌破62000不要慌，真正决定方向的其实是这个位置。,62000,EVENT_BREAK_DOWN,False
uBFjnAuIAVA,2026-07-14,2026-07-15 09:00:00+00:00,64612,7月15日-比特币冲破65000，我接下来的操作就三步,65000,EVENT_BREAK_UP,False
bwCc44z4wwA,2026-07-19,2026-07-20 09:00:00+00:00,64136,7月20日-比特币在往上磨，67000可能比预想的来得更快,67000,TARGET_UP,True
2jVpJGFN810,2026-07-21,2026-07-22 09:00:00+00:00,65881,7月22日-比特币逼近67000，破了就是新天地，没破就继续磨,67000,TARGET_UP,True
uHH22TYd5Ks,2026-08-09,2026-08-10 09:00:00+00:00,64915,8月10日-比特币本周继续上行，67500这个位置我一直在盯。,67500,TARGET_UP,True
lJu7P5YiVBY,2026-08-17,2026-08-18 09:00:00+00:00,64111,8月18日-比特币突破64000，现在反而是最难下判断的时候。,64000,EVENT_BREAK_UP,False
FtT0JAxuMbk,2026-08-18,2026-08-19 09:00:00+00:00,64367,8月19日-比特币突破65000，接下来只看回踩能不能站稳。,65000,EVENT_BREAK_UP,False
FtT0JAxuMbk,2026-08-18,2026-08-19 09:00:00+00:00,64367,8月19日-比特币突破65000，接下来只看回踩能不能站稳。,65000,SUPPORT,True
-oDQgONzCwY,2026-08-21,2026-08-22 09:00:00+00:00,77044,8月21日-比特币日线三连阳，轻松突破76000，还没结束！,76000,EVENT_BREAK_UP,False
7Y_rhq_qj1Q,2026-08-23,2026-08-24 09:00:00+00:00,77532,8月24日-比特币本周站上8W应该很轻松，看看能否冲击9W？,80000,TARGET_UP,True
7Y_rhq_qj1Q,2026-08-23,2026-08-24 09:00:00+00:00,77532,8月24日-比特币本周站上8W应该很轻松，看看能否冲击9W？,90000,TARGET_UP,True
O7lh4yCcG8g,2026-08-24,2026-08-25 09:00:00+00:00,79173,8月25日-比特币摸到8W了，本周第一个目标达成。,80000,EVENT_REACHED,False
HQ6c61RfJfI,2026-08-26,2026-08-27 09:00:00+00:00,79984,8月26日-比特币冲8W被拦，这波到底是蓄力还是见顶？,80000,RESISTANCE,True
9pQ_DdkDrM8,2026-09-10,2026-09-11 09:00:00+00:00,77023,9月11日-比特币继续下探，76000这道支撑本周能否扛住？,76000,SUPPORT,True
8xvSA311vW0,2026-09-21,2026-09-22 09:00:00+00:00,86222,9月22日-比特币站上87000后该怎么操作？追多和等回踩到底怎么选？,87000,EVENT_BREAK_UP,False
Ox2fMi4wni8,2026-09-24,2026-09-25 09:00:00+00:00,84568,9月25日-比特币回踩83000完成，回踩确认之后该怎么操作？,83000,EVENT_REACHED,False
Ox2fMi4wni8,2026-09-24,2026-09-25 09:00:00+00:00,84568,9月25日-比特币回踩83000完成，回踩确认之后该怎么操作？,83000,SUPPORT,True
